[2026-06-18 21:07:18] Bot Daemon started (PID: 25916).
[2026-06-18 21:07:18] Error in loop: SQLSTATE[42S02]: Base table or view not found: 1146 Table 'index_tw.worlds' doesn't exist
[2026-06-18 21:08:18] Bot Daemon recycling (Iterated 1 times).
[2026-06-18 21:10:09] Bot Daemon started (PID: 21096).
[2026-06-18 21:10:18] Error processing world lan_classico1: SQLSTATE[HY000] [1049] Unknown database 'lan_classico1'
[2026-06-18 21:10:40] Bot Daemon started (PID: 25784).
[2026-06-18 21:10:46] Error processing world lan_classico1: SQLSTATE[HY000] [1049] Unknown database 'lan_classico1'
[2026-06-18 21:11:19] Bot Daemon started (PID: 14800).
[2026-06-18 21:11:25] Error processing world lan_classico1: SQLSTATE[HY000] [1049] Unknown database 'lan_classico1'
[2026-06-18 21:12:33] Error processing world lan_classico1: SQLSTATE[HY000] [1049] Unknown database 'lan_classico1'
[2026-06-18 21:13:41] Error processing world lan_classico1: SQLSTATE[HY000] [1049] Unknown database 'lan_classico1'
[2026-06-18 21:14:50] Error processing world lan_classico1: SQLSTATE[HY000] [1049] Unknown database 'lan_classico1'
[2026-06-18 21:15:58] Error processing world lan_classico1: SQLSTATE[HY000] [1049] Unknown database 'lan_classico1'
[2026-06-18 21:17:07] Error processing world lan_classico1: SQLSTATE[HY000] [1049] Unknown database 'lan_classico1'
[2026-06-18 21:18:15] Error processing world lan_classico1: SQLSTATE[HY000] [1049] Unknown database 'lan_classico1'
[2026-06-18 21:19:23] Error processing world lan_classico1: SQLSTATE[HY000] [1049] Unknown database 'lan_classico1'
[2026-06-18 21:20:32] Error processing world lan_classico1: SQLSTATE[HY000] [1049] Unknown database 'lan_classico1'
[2026-06-18 21:20:48] Bot Daemon started (PID: 1300).
[2026-06-18 21:20:48] [World lan_1] Recalculated bulk ranks in 0.008s.
[2026-06-18 21:20:54] Error processing world lan_classico1: SQLSTATE[HY000] [1049] Unknown database 'lan_classico1'
[2026-06-18 21:22:04] Error processing world lan_classico1: SQLSTATE[HY000] [1049] Unknown database 'lan_classico1'
[2026-06-18 21:23:17] Error processing world lan_classico1: SQLSTATE[HY000] [1049] Unknown database 'lan_classico1'
[2026-06-18 21:24:28] Error processing world lan_classico1: SQLSTATE[HY000] [1049] Unknown database 'lan_classico1'
[2026-06-18 21:25:28] [World lan_1] Recalculated bulk ranks in 0.003s.
[2026-06-18 21:25:40] Error processing world lan_classico1: SQLSTATE[HY000] [1049] Unknown database 'lan_classico1'
[2026-06-18 21:26:47] Error processing world lan_classico1: SQLSTATE[HY000] [1049] Unknown database 'lan_classico1'
[2026-06-18 21:27:55] Error processing world lan_classico1: SQLSTATE[HY000] [1049] Unknown database 'lan_classico1'
[2026-06-18 21:29:03] Error processing world lan_classico1: SQLSTATE[HY000] [1049] Unknown database 'lan_classico1'
[2026-06-18 21:30:11] Error processing world lan_classico1: SQLSTATE[HY000] [1049] Unknown database 'lan_classico1'
[2026-06-18 21:31:11] [World lan_1] Recalculated bulk ranks in 0.002s.
[2026-06-18 21:31:18] Error processing world lan_classico1: SQLSTATE[HY000] [1049] Unknown database 'lan_classico1'
[2026-06-18 21:32:26] Error processing world lan_classico1: SQLSTATE[HY000] [1049] Unknown database 'lan_classico1'
[2026-06-18 21:33:34] Error processing world lan_classico1: SQLSTATE[HY000] [1049] Unknown database 'lan_classico1'
[2026-06-18 21:34:41] Error processing world lan_classico1: SQLSTATE[HY000] [1049] Unknown database 'lan_classico1'
[2026-06-18 21:35:49] Error processing world lan_classico1: SQLSTATE[HY000] [1049] Unknown database 'lan_classico1'
[2026-06-18 21:36:49] [World lan_1] Recalculated bulk ranks in 0.002s.
[2026-06-18 21:36:59] Error processing world lan_classico1: SQLSTATE[HY000] [1049] Unknown database 'lan_classico1'
[2026-06-18 21:38:03] Error processing world lan_classico1: SQLSTATE[HY000] [1049] Unknown database 'lan_classico1'
[2026-06-18 21:39:11] Error processing world lan_classico1: SQLSTATE[HY000] [1049] Unknown database 'lan_classico1'
[2026-06-18 21:40:18] Error processing world lan_classico1: SQLSTATE[HY000] [1049] Unknown database 'lan_classico1'
[2026-06-18 21:41:26] Error processing world lan_classico1: SQLSTATE[HY000] [1049] Unknown database 'lan_classico1'
[2026-06-18 21:42:26] [World lan_1] Recalculated bulk ranks in 0.002s.
[2026-06-18 21:42:34] Error processing world lan_classico1: SQLSTATE[HY000] [1049] Unknown database 'lan_classico1'
[2026-06-18 21:43:42] Error processing world lan_classico1: SQLSTATE[HY000] [1049] Unknown database 'lan_classico1'
[2026-06-18 21:44:49] Error processing world lan_classico1: SQLSTATE[HY000] [1049] Unknown database 'lan_classico1'
[2026-06-18 21:45:57] Error processing world lan_classico1: SQLSTATE[HY000] [1049] Unknown database 'lan_classico1'
[2026-06-18 21:47:04] Error processing world lan_classico1: SQLSTATE[HY000] [1049] Unknown database 'lan_classico1'
[2026-06-18 21:48:04] [World lan_1] Recalculated bulk ranks in 0.002s.
[2026-06-18 21:48:12] Error processing world lan_classico1: SQLSTATE[HY000] [1049] Unknown database 'lan_classico1'
[2026-06-18 21:49:20] Error processing world lan_classico1: SQLSTATE[HY000] [1049] Unknown database 'lan_classico1'
[2026-06-18 21:50:28] Error processing world lan_classico1: SQLSTATE[HY000] [1049] Unknown database 'lan_classico1'
[2026-06-18 21:51:35] Error processing world lan_classico1: SQLSTATE[HY000] [1049] Unknown database 'lan_classico1'
[2026-06-18 21:52:43] Error processing world lan_classico1: SQLSTATE[HY000] [1049] Unknown database 'lan_classico1'
[2026-06-18 21:53:43] [World lan_1] Recalculated bulk ranks in 0.002s.
[2026-06-18 21:53:52] Error processing world lan_classico1: SQLSTATE[HY000] [1049] Unknown database 'lan_classico1'
[2026-06-18 21:55:00] Error processing world lan_classico1: SQLSTATE[HY000] [1049] Unknown database 'lan_classico1'
[2026-06-18 21:56:08] Error processing world lan_classico1: SQLSTATE[HY000] [1049] Unknown database 'lan_classico1'
[2026-06-18 21:57:16] Error processing world lan_classico1: SQLSTATE[HY000] [1049] Unknown database 'lan_classico1'
[2026-06-18 21:58:24] Error processing world lan_classico1: SQLSTATE[HY000] [1049] Unknown database 'lan_classico1'
[2026-06-18 21:59:24] [World lan_1] Recalculated bulk ranks in 0.002s.
[2026-06-18 21:59:32] Error processing world lan_classico1: SQLSTATE[HY000] [1049] Unknown database 'lan_classico1'
[2026-06-18 22:00:39] Error processing world lan_classico1: SQLSTATE[HY000] [1049] Unknown database 'lan_classico1'
[2026-06-18 22:01:47] Error processing world lan_classico1: SQLSTATE[HY000] [1049] Unknown database 'lan_classico1'
[2026-06-18 22:02:55] Error processing world lan_classico1: SQLSTATE[HY000] [1049] Unknown database 'lan_classico1'
[2026-06-18 22:04:03] Error processing world lan_classico1: SQLSTATE[HY000] [1049] Unknown database 'lan_classico1'
[2026-06-18 22:05:03] [World lan_1] Recalculated bulk ranks in 0.002s.
[2026-06-18 22:05:11] Error processing world lan_classico1: SQLSTATE[HY000] [1049] Unknown database 'lan_classico1'
[2026-06-18 22:06:20] Error processing world lan_classico1: SQLSTATE[HY000] [1049] Unknown database 'lan_classico1'
[2026-06-18 22:07:28] Error processing world lan_classico1: SQLSTATE[HY000] [1049] Unknown database 'lan_classico1'
[2026-06-18 22:08:37] Error processing world lan_classico1: SQLSTATE[HY000] [1049] Unknown database 'lan_classico1'
[2026-06-18 22:09:45] Error processing world lan_classico1: SQLSTATE[HY000] [1049] Unknown database 'lan_classico1'
[2026-06-18 22:10:45] [World lan_1] Recalculated bulk ranks in 0.002s.
[2026-06-18 22:10:53] Error processing world lan_classico1: SQLSTATE[HY000] [1049] Unknown database 'lan_classico1'
[2026-06-18 22:12:01] Error processing world lan_classico1: SQLSTATE[HY000] [1049] Unknown database 'lan_classico1'
[2026-06-18 22:13:09] Error processing world lan_classico1: SQLSTATE[HY000] [1049] Unknown database 'lan_classico1'
[2026-06-18 22:14:17] Error processing world lan_classico1: SQLSTATE[HY000] [1049] Unknown database 'lan_classico1'
[2026-06-18 22:15:24] Error processing world lan_classico1: SQLSTATE[HY000] [1049] Unknown database 'lan_classico1'
[2026-06-18 22:16:24] [World lan_1] Recalculated bulk ranks in 0.002s.
[2026-06-18 22:16:33] Error processing world lan_classico1: SQLSTATE[HY000] [1049] Unknown database 'lan_classico1'
[2026-06-18 22:17:40] Error processing world lan_classico1: SQLSTATE[HY000] [1049] Unknown database 'lan_classico1'
[2026-06-18 22:18:48] Error processing world lan_classico1: SQLSTATE[HY000] [1049] Unknown database 'lan_classico1'
[2026-06-18 22:19:56] Error processing world lan_classico1: SQLSTATE[HY000] [1049] Unknown database 'lan_classico1'
[2026-06-18 22:21:04] Error processing world lan_classico1: SQLSTATE[HY000] [1049] Unknown database 'lan_classico1'
[2026-06-18 22:22:04] [World lan_1] Recalculated bulk ranks in 0.002s.
[2026-06-18 22:22:12] Error processing world lan_classico1: SQLSTATE[HY000] [1049] Unknown database 'lan_classico1'
[2026-06-18 22:23:20] Error processing world lan_classico1: SQLSTATE[HY000] [1049] Unknown database 'lan_classico1'
[2026-06-18 22:24:27] Error processing world lan_classico1: SQLSTATE[HY000] [1049] Unknown database 'lan_classico1'
[2026-06-18 22:25:35] Error processing world lan_classico1: SQLSTATE[HY000] [1049] Unknown database 'lan_classico1'
[2026-06-18 22:26:42] Error processing world lan_classico1: SQLSTATE[HY000] [1049] Unknown database 'lan_classico1'
[2026-06-18 22:27:42] [World lan_1] Recalculated bulk ranks in 0.002s.
[2026-06-18 22:27:50] Error processing world lan_classico1: SQLSTATE[HY000] [1049] Unknown database 'lan_classico1'
[2026-06-18 22:28:57] Error processing world lan_classico1: SQLSTATE[HY000] [1049] Unknown database 'lan_classico1'
[2026-06-18 22:30:05] Error processing world lan_classico1: SQLSTATE[HY000] [1049] Unknown database 'lan_classico1'
[2026-06-18 22:31:13] Error processing world lan_classico1: SQLSTATE[HY000] [1049] Unknown database 'lan_classico1'
[2026-06-18 22:32:21] Error processing world lan_classico1: SQLSTATE[HY000] [1049] Unknown database 'lan_classico1'
[2026-06-18 22:33:21] [World lan_1] Recalculated bulk ranks in 0.002s.
[2026-06-18 22:33:28] Error processing world lan_classico1: SQLSTATE[HY000] [1049] Unknown database 'lan_classico1'
[2026-06-18 22:34:36] Error processing world lan_classico1: SQLSTATE[HY000] [1049] Unknown database 'lan_classico1'
[2026-06-18 22:35:44] Error processing world lan_classico1: SQLSTATE[HY000] [1049] Unknown database 'lan_classico1'
[2026-06-18 22:36:52] Error processing world lan_classico1: SQLSTATE[HY000] [1049] Unknown database 'lan_classico1'
[2026-06-18 22:37:59] Error processing world lan_classico1: SQLSTATE[HY000] [1049] Unknown database 'lan_classico1'
[2026-06-18 22:38:59] [World lan_1] Recalculated bulk ranks in 0.002s.
[2026-06-18 22:39:07] Error processing world lan_classico1: SQLSTATE[HY000] [1049] Unknown database 'lan_classico1'
[2026-06-18 22:40:15] Error processing world lan_classico1: SQLSTATE[HY000] [1049] Unknown database 'lan_classico1'
[2026-06-18 22:41:23] Error processing world lan_classico1: SQLSTATE[HY000] [1049] Unknown database 'lan_classico1'
[2026-06-18 22:42:31] Error processing world lan_classico1: SQLSTATE[HY000] [1049] Unknown database 'lan_classico1'
[2026-06-18 22:43:38] Error processing world lan_classico1: SQLSTATE[HY000] [1049] Unknown database 'lan_classico1'
[2026-06-18 22:44:39] [World lan_1] Recalculated bulk ranks in 0.003s.
[2026-06-18 22:44:46] Error processing world lan_classico1: SQLSTATE[HY000] [1049] Unknown database 'lan_classico1'
[2026-06-18 22:45:54] Error processing world lan_classico1: SQLSTATE[HY000] [1049] Unknown database 'lan_classico1'
[2026-06-18 22:47:02] Error processing world lan_classico1: SQLSTATE[HY000] [1049] Unknown database 'lan_classico1'
[2026-06-18 22:48:09] Error processing world lan_classico1: SQLSTATE[HY000] [1049] Unknown database 'lan_classico1'
[2026-06-18 22:49:17] Error processing world lan_classico1: SQLSTATE[HY000] [1049] Unknown database 'lan_classico1'
[2026-06-18 22:50:17] [World lan_1] Recalculated bulk ranks in 0.002s.
[2026-06-18 22:50:25] Error processing world lan_classico1: SQLSTATE[HY000] [1049] Unknown database 'lan_classico1'
[2026-06-18 22:51:33] Error processing world lan_classico1: SQLSTATE[HY000] [1049] Unknown database 'lan_classico1'
[2026-06-18 22:52:40] Error processing world lan_classico1: SQLSTATE[HY000] [1049] Unknown database 'lan_classico1'
[2026-06-18 22:53:48] Error processing world lan_classico1: SQLSTATE[HY000] [1049] Unknown database 'lan_classico1'
[2026-06-18 22:54:56] Error processing world lan_classico1: SQLSTATE[HY000] [1049] Unknown database 'lan_classico1'
[2026-06-18 22:55:56] [World lan_1] Recalculated bulk ranks in 0.002s.
[2026-06-18 22:56:04] Error processing world lan_classico1: SQLSTATE[HY000] [1049] Unknown database 'lan_classico1'
[2026-06-18 22:57:11] Error processing world lan_classico1: SQLSTATE[HY000] [1049] Unknown database 'lan_classico1'
[2026-06-18 22:58:19] Error processing world lan_classico1: SQLSTATE[HY000] [1049] Unknown database 'lan_classico1'
[2026-06-18 22:59:27] Error processing world lan_classico1: SQLSTATE[HY000] [1049] Unknown database 'lan_classico1'
[2026-06-18 23:00:34] Error processing world lan_classico1: SQLSTATE[HY000] [1049] Unknown database 'lan_classico1'
[2026-06-18 23:01:34] [World lan_1] Recalculated bulk ranks in 0.002s.
[2026-06-18 23:01:42] Error processing world lan_classico1: SQLSTATE[HY000] [1049] Unknown database 'lan_classico1'
[2026-06-18 23:02:50] Error processing world lan_classico1: SQLSTATE[HY000] [1049] Unknown database 'lan_classico1'
[2026-06-18 23:03:57] Error processing world lan_classico1: SQLSTATE[HY000] [1049] Unknown database 'lan_classico1'
[2026-06-18 23:05:05] Error processing world lan_classico1: SQLSTATE[HY000] [1049] Unknown database 'lan_classico1'
[2026-06-18 23:06:12] Error processing world lan_classico1: SQLSTATE[HY000] [1049] Unknown database 'lan_classico1'
[2026-06-18 23:07:12] [World lan_1] Recalculated bulk ranks in 0.002s.
[2026-06-18 23:07:20] Error processing world lan_classico1: SQLSTATE[HY000] [1049] Unknown database 'lan_classico1'
[2026-06-18 23:08:27] Error processing world lan_classico1: SQLSTATE[HY000] [1049] Unknown database 'lan_classico1'
[2026-06-18 23:09:35] Error processing world lan_classico1: SQLSTATE[HY000] [1049] Unknown database 'lan_classico1'
[2026-06-18 23:10:43] Error processing world lan_classico1: SQLSTATE[HY000] [1049] Unknown database 'lan_classico1'
[2026-06-18 23:11:51] Error processing world lan_classico1: SQLSTATE[HY000] [1049] Unknown database 'lan_classico1'
[2026-06-18 23:12:51] [World lan_1] Recalculated bulk ranks in 0.002s.
[2026-06-18 23:12:59] Error processing world lan_classico1: SQLSTATE[HY000] [1049] Unknown database 'lan_classico1'
[2026-06-18 23:13:59] Bot Daemon recycling (Iterated 100 times).
[2026-06-19 21:16:20] Bot Daemon started (PID: 21320).
[2026-06-19 21:16:20] [World lan_1] Recalculated bulk ranks in 0.02s.
[2026-06-19 21:16:31] Error processing world lan_classico1: SQLSTATE[HY000] [1049] Unknown database 'lan_classico1'
[2026-06-19 21:17:43] Error processing world lan_classico1: SQLSTATE[HY000] [1049] Unknown database 'lan_classico1'
[2026-06-19 21:18:51] Error processing world lan_classico1: SQLSTATE[HY000] [1049] Unknown database 'lan_classico1'
[2026-06-19 21:19:59] Error processing world lan_classico1: SQLSTATE[HY000] [1049] Unknown database 'lan_classico1'
[2026-06-19 21:20:59] [World lan_1] Recalculated bulk ranks in 0.002s.
[2026-06-19 21:21:07] Error processing world lan_classico1: SQLSTATE[HY000] [1049] Unknown database 'lan_classico1'
[2026-06-19 21:22:17] Error processing world lan_classico1: SQLSTATE[HY000] [1049] Unknown database 'lan_classico1'
[2026-06-19 21:23:29] Error processing world lan_classico1: SQLSTATE[HY000] [1049] Unknown database 'lan_classico1'
[2026-06-19 21:24:40] Error processing world lan_classico1: SQLSTATE[HY000] [1049] Unknown database 'lan_classico1'
[2026-06-19 21:25:49] Error processing world lan_classico1: SQLSTATE[HY000] [1049] Unknown database 'lan_classico1'
[2026-06-19 21:26:49] [World lan_1] Recalculated bulk ranks in 0.002s.
[2026-06-19 21:26:57] Error processing world lan_classico1: SQLSTATE[HY000] [1049] Unknown database 'lan_classico1'
[2026-06-19 21:28:11] Error processing world lan_classico1: SQLSTATE[HY000] [1049] Unknown database 'lan_classico1'
[2026-06-19 21:29:20] Error processing world lan_classico1: SQLSTATE[HY000] [1049] Unknown database 'lan_classico1'
[2026-06-19 21:30:27] Error processing world lan_classico1: SQLSTATE[HY000] [1049] Unknown database 'lan_classico1'
[2026-06-19 21:31:35] Error processing world lan_classico1: SQLSTATE[HY000] [1049] Unknown database 'lan_classico1'
[2026-06-19 21:32:35] [World lan_1] Recalculated bulk ranks in 0.002s.
[2026-06-19 21:32:43] Error processing world lan_classico1: SQLSTATE[HY000] [1049] Unknown database 'lan_classico1'
[2026-06-19 21:33:50] Error processing world lan_classico1: SQLSTATE[HY000] [1049] Unknown database 'lan_classico1'
[2026-06-19 21:34:58] Error processing world lan_classico1: SQLSTATE[HY000] [1049] Unknown database 'lan_classico1'
[2026-06-19 21:36:06] Error processing world lan_classico1: SQLSTATE[HY000] [1049] Unknown database 'lan_classico1'
[2026-06-19 21:37:14] Error processing world lan_classico1: SQLSTATE[HY000] [1049] Unknown database 'lan_classico1'
[2026-06-19 21:38:14] [World lan_1] Recalculated bulk ranks in 0.002s.
[2026-06-19 21:38:22] Error processing world lan_classico1: SQLSTATE[HY000] [1049] Unknown database 'lan_classico1'
[2026-06-19 21:39:30] Error processing world lan_classico1: SQLSTATE[HY000] [1049] Unknown database 'lan_classico1'
[2026-06-19 21:40:38] Error processing world lan_classico1: SQLSTATE[HY000] [1049] Unknown database 'lan_classico1'
[2026-06-19 21:41:45] Error processing world lan_classico1: SQLSTATE[HY000] [1049] Unknown database 'lan_classico1'
[2026-06-19 21:42:55] Error processing world lan_classico1: SQLSTATE[HY000] [1049] Unknown database 'lan_classico1'
[2026-06-19 21:43:55] [World lan_1] Recalculated bulk ranks in 0.003s.
[2026-06-19 21:44:03] Error processing world lan_classico1: SQLSTATE[HY000] [1049] Unknown database 'lan_classico1'
[2026-06-19 21:45:13] Error processing world lan_classico1: SQLSTATE[HY000] [1049] Unknown database 'lan_classico1'
[2026-06-19 21:46:22] Error processing world lan_classico1: SQLSTATE[HY000] [1049] Unknown database 'lan_classico1'
[2026-06-19 21:47:30] Error processing world lan_classico1: SQLSTATE[HY000] [1049] Unknown database 'lan_classico1'
[2026-06-19 21:48:38] Error processing world lan_classico1: SQLSTATE[HY000] [1049] Unknown database 'lan_classico1'
[2026-06-19 21:49:38] [World lan_1] Recalculated bulk ranks in 0.002s.
[2026-06-19 21:49:46] Error processing world lan_classico1: SQLSTATE[HY000] [1049] Unknown database 'lan_classico1'
[2026-06-19 21:50:54] Error processing world lan_classico1: SQLSTATE[HY000] [1049] Unknown database 'lan_classico1'
[2026-06-19 21:52:03] Error processing world lan_classico1: SQLSTATE[HY000] [1049] Unknown database 'lan_classico1'
[2026-06-19 21:53:11] Error processing world lan_classico1: SQLSTATE[HY000] [1049] Unknown database 'lan_classico1'
[2026-06-19 21:54:19] Error processing world lan_classico1: SQLSTATE[HY000] [1049] Unknown database 'lan_classico1'
[2026-06-19 21:55:19] [World lan_1] Recalculated bulk ranks in 0.004s.
[2026-06-19 21:55:31] Error processing world lan_classico1: SQLSTATE[HY000] [1049] Unknown database 'lan_classico1'
[2026-06-19 21:56:39] Error processing world lan_classico1: SQLSTATE[HY000] [1049] Unknown database 'lan_classico1'
[2026-06-19 21:57:47] Error processing world lan_classico1: SQLSTATE[HY000] [1049] Unknown database 'lan_classico1'
[2026-06-19 21:58:55] Error processing world lan_classico1: SQLSTATE[HY000] [1049] Unknown database 'lan_classico1'
[2026-06-19 22:00:04] Error processing world lan_classico1: SQLSTATE[HY000] [1049] Unknown database 'lan_classico1'
[2026-06-19 22:01:04] [World lan_1] Recalculated bulk ranks in 0.002s.
[2026-06-19 22:01:12] Error processing world lan_classico1: SQLSTATE[HY000] [1049] Unknown database 'lan_classico1'
[2026-06-19 22:02:20] Error processing world lan_classico1: SQLSTATE[HY000] [1049] Unknown database 'lan_classico1'
[2026-06-19 22:03:28] Error processing world lan_classico1: SQLSTATE[HY000] [1049] Unknown database 'lan_classico1'
[2026-06-19 22:04:36] Error processing world lan_classico1: SQLSTATE[HY000] [1049] Unknown database 'lan_classico1'
[2026-06-19 22:05:45] Error processing world lan_classico1: SQLSTATE[HY000] [1049] Unknown database 'lan_classico1'
[2026-06-19 22:06:45] [World lan_1] Recalculated bulk ranks in 0.003s.
[2026-06-19 22:06:53] Error processing world lan_classico1: SQLSTATE[HY000] [1049] Unknown database 'lan_classico1'
[2026-06-19 22:08:02] Error processing world lan_classico1: SQLSTATE[HY000] [1049] Unknown database 'lan_classico1'
[2026-06-19 22:09:10] Error processing world lan_classico1: SQLSTATE[HY000] [1049] Unknown database 'lan_classico1'
[2026-06-19 22:10:19] Error processing world lan_classico1: SQLSTATE[HY000] [1049] Unknown database 'lan_classico1'
[2026-06-19 22:11:28] Error processing world lan_classico1: SQLSTATE[HY000] [1049] Unknown database 'lan_classico1'
[2026-06-19 22:12:28] [World lan_1] Recalculated bulk ranks in 0.002s.
[2026-06-19 22:12:35] Error processing world lan_classico1: SQLSTATE[HY000] [1049] Unknown database 'lan_classico1'
[2026-06-19 22:13:43] Error processing world lan_classico1: SQLSTATE[HY000] [1049] Unknown database 'lan_classico1'
[2026-06-19 22:14:52] Error processing world lan_classico1: SQLSTATE[HY000] [1049] Unknown database 'lan_classico1'
[2026-06-19 22:16:00] Error processing world lan_classico1: SQLSTATE[HY000] [1049] Unknown database 'lan_classico1'
[2026-06-19 22:17:08] Error processing world lan_classico1: SQLSTATE[HY000] [1049] Unknown database 'lan_classico1'
[2026-06-19 22:18:08] [World lan_1] Recalculated bulk ranks in 0.003s.
[2026-06-19 22:18:17] Error processing world lan_classico1: SQLSTATE[HY000] [1049] Unknown database 'lan_classico1'
[2026-06-19 22:19:25] Error processing world lan_classico1: SQLSTATE[HY000] [1049] Unknown database 'lan_classico1'
[2026-06-19 22:20:33] Error processing world lan_classico1: SQLSTATE[HY000] [1049] Unknown database 'lan_classico1'
[2026-06-19 22:21:41] Error processing world lan_classico1: SQLSTATE[HY000] [1049] Unknown database 'lan_classico1'
[2026-06-19 22:22:49] Error processing world lan_classico1: SQLSTATE[HY000] [1049] Unknown database 'lan_classico1'
[2026-06-19 22:23:49] [World lan_1] Recalculated bulk ranks in 0.002s.
[2026-06-19 22:23:57] Error processing world lan_classico1: SQLSTATE[HY000] [1049] Unknown database 'lan_classico1'
[2026-06-19 22:25:05] Error processing world lan_classico1: SQLSTATE[HY000] [1049] Unknown database 'lan_classico1'
[2026-06-19 22:26:16] Error processing world lan_classico1: SQLSTATE[HY000] [1049] Unknown database 'lan_classico1'
[2026-06-19 22:27:24] Error processing world lan_classico1: SQLSTATE[HY000] [1049] Unknown database 'lan_classico1'
[2026-06-19 22:28:32] Error processing world lan_classico1: SQLSTATE[HY000] [1049] Unknown database 'lan_classico1'
[2026-06-19 22:29:32] [World lan_1] Recalculated bulk ranks in 0.002s.
[2026-06-19 22:29:40] Error processing world lan_classico1: SQLSTATE[HY000] [1049] Unknown database 'lan_classico1'
[2026-06-19 22:30:48] Error processing world lan_classico1: SQLSTATE[HY000] [1049] Unknown database 'lan_classico1'
[2026-06-19 22:31:56] Error processing world lan_classico1: SQLSTATE[HY000] [1049] Unknown database 'lan_classico1'
[2026-06-19 22:33:04] Error processing world lan_classico1: SQLSTATE[HY000] [1049] Unknown database 'lan_classico1'
[2026-06-19 22:34:12] Error processing world lan_classico1: SQLSTATE[HY000] [1049] Unknown database 'lan_classico1'
[2026-06-19 22:35:12] [World lan_1] Recalculated bulk ranks in 0.002s.
[2026-06-19 22:35:21] Error processing world lan_classico1: SQLSTATE[HY000] [1049] Unknown database 'lan_classico1'
[2026-06-19 22:36:29] Error processing world lan_classico1: SQLSTATE[HY000] [1049] Unknown database 'lan_classico1'
[2026-06-19 22:37:38] Error processing world lan_classico1: SQLSTATE[HY000] [1049] Unknown database 'lan_classico1'
[2026-06-19 22:38:47] Error processing world lan_classico1: SQLSTATE[HY000] [1049] Unknown database 'lan_classico1'
[2026-06-19 22:39:55] Error processing world lan_classico1: SQLSTATE[HY000] [1049] Unknown database 'lan_classico1'
[2026-06-19 22:40:55] [World lan_1] Recalculated bulk ranks in 0.002s.
[2026-06-19 22:41:04] Error processing world lan_classico1: SQLSTATE[HY000] [1049] Unknown database 'lan_classico1'
[2026-06-19 22:42:13] Error processing world lan_classico1: SQLSTATE[HY000] [1049] Unknown database 'lan_classico1'
[2026-06-19 22:43:21] Error processing world lan_classico1: SQLSTATE[HY000] [1049] Unknown database 'lan_classico1'
[2026-06-19 22:44:30] Error processing world lan_classico1: SQLSTATE[HY000] [1049] Unknown database 'lan_classico1'
[2026-06-19 22:45:38] Error processing world lan_classico1: SQLSTATE[HY000] [1049] Unknown database 'lan_classico1'
[2026-06-19 22:46:38] [World lan_1] Recalculated bulk ranks in 0.002s.
[2026-06-19 22:46:47] Error processing world lan_classico1: SQLSTATE[HY000] [1049] Unknown database 'lan_classico1'
[2026-06-19 22:47:57] Error processing world lan_classico1: SQLSTATE[HY000] [1049] Unknown database 'lan_classico1'
[2026-06-19 22:49:04] Error processing world lan_classico1: SQLSTATE[HY000] [1049] Unknown database 'lan_classico1'
[2026-06-19 22:50:14] Error processing world lan_classico1: SQLSTATE[HY000] [1049] Unknown database 'lan_classico1'
[2026-06-19 22:51:28] Error processing world lan_classico1: SQLSTATE[HY000] [1049] Unknown database 'lan_classico1'
[2026-06-19 22:52:28] [World lan_1] Recalculated bulk ranks in 0.002s.
[2026-06-19 22:52:37] Error processing world lan_classico1: SQLSTATE[HY000] [1049] Unknown database 'lan_classico1'
[2026-06-19 22:53:46] Error processing world lan_classico1: SQLSTATE[HY000] [1049] Unknown database 'lan_classico1'
[2026-06-19 22:54:54] Error processing world lan_classico1: SQLSTATE[HY000] [1049] Unknown database 'lan_classico1'
[2026-06-19 22:56:02] Error processing world lan_classico1: SQLSTATE[HY000] [1049] Unknown database 'lan_classico1'
[2026-06-19 22:57:11] Error processing world lan_classico1: SQLSTATE[HY000] [1049] Unknown database 'lan_classico1'
[2026-06-19 22:58:11] [World lan_1] Recalculated bulk ranks in 0.003s.
[2026-06-19 22:58:19] Error processing world lan_classico1: SQLSTATE[HY000] [1049] Unknown database 'lan_classico1'
[2026-06-19 22:59:30] Error processing world lan_classico1: SQLSTATE[HY000] [1049] Unknown database 'lan_classico1'
[2026-06-19 23:00:39] Error processing world lan_classico1: SQLSTATE[HY000] [1049] Unknown database 'lan_classico1'
[2026-06-19 23:01:50] Error processing world lan_classico1: SQLSTATE[HY000] [1049] Unknown database 'lan_classico1'
[2026-06-19 23:02:59] Error processing world lan_classico1: SQLSTATE[HY000] [1049] Unknown database 'lan_classico1'
[2026-06-19 23:03:59] [World lan_1] Recalculated bulk ranks in 0.003s.
[2026-06-19 23:04:07] Error processing world lan_classico1: SQLSTATE[HY000] [1049] Unknown database 'lan_classico1'
[2026-06-19 23:05:15] Error processing world lan_classico1: SQLSTATE[HY000] [1049] Unknown database 'lan_classico1'
[2026-06-19 23:06:24] Error processing world lan_classico1: SQLSTATE[HY000] [1049] Unknown database 'lan_classico1'
[2026-06-19 23:07:32] Error processing world lan_classico1: SQLSTATE[HY000] [1049] Unknown database 'lan_classico1'
[2026-06-19 23:08:40] Error processing world lan_classico1: SQLSTATE[HY000] [1049] Unknown database 'lan_classico1'
[2026-06-19 23:09:40] [World lan_1] Recalculated bulk ranks in 0.002s.
[2026-06-19 23:09:48] Error processing world lan_classico1: SQLSTATE[HY000] [1049] Unknown database 'lan_classico1'
[2026-06-19 23:10:48] Bot Daemon recycling (Iterated 100 times).
[2026-06-19 23:19:55] Bot Daemon started (PID: 30052).
[2026-06-19 23:19:55] [World lan_1] Recalculated bulk ranks in 0.003s.
[2026-06-19 23:20:08] Error processing world lan_classico1: SQLSTATE[HY000] [1049] Unknown database 'lan_classico1'
[2026-06-19 23:21:17] Error processing world lan_classico1: SQLSTATE[HY000] [1049] Unknown database 'lan_classico1'
[2026-06-19 23:22:27] Error processing world lan_classico1: SQLSTATE[HY000] [1049] Unknown database 'lan_classico1'
[2026-06-19 23:23:37] Error processing world lan_classico1: SQLSTATE[HY000] [1049] Unknown database 'lan_classico1'
[2026-06-19 23:24:37] [World lan_1] Recalculated bulk ranks in 0.002s.
[2026-06-19 23:24:46] Error processing world lan_classico1: SQLSTATE[HY000] [1049] Unknown database 'lan_classico1'
[2026-06-19 23:25:55] Error processing world lan_classico1: SQLSTATE[HY000] [1049] Unknown database 'lan_classico1'
[2026-06-19 23:27:04] Error processing world lan_classico1: SQLSTATE[HY000] [1049] Unknown database 'lan_classico1'
[2026-06-19 23:28:13] Error processing world lan_classico1: SQLSTATE[HY000] [1049] Unknown database 'lan_classico1'
[2026-06-19 23:29:21] Error processing world lan_classico1: SQLSTATE[HY000] [1049] Unknown database 'lan_classico1'
[2026-06-19 23:30:21] [World lan_1] Recalculated bulk ranks in 0.002s.
[2026-06-19 23:30:30] Error processing world lan_classico1: SQLSTATE[HY000] [1049] Unknown database 'lan_classico1'
[2026-06-19 23:31:38] Error processing world lan_classico1: SQLSTATE[HY000] [1049] Unknown database 'lan_classico1'
[2026-06-19 23:32:46] Error processing world lan_classico1: SQLSTATE[HY000] [1049] Unknown database 'lan_classico1'
[2026-06-19 23:33:55] Error processing world lan_classico1: SQLSTATE[HY000] [1049] Unknown database 'lan_classico1'
[2026-06-19 23:35:03] Error processing world lan_classico1: SQLSTATE[HY000] [1049] Unknown database 'lan_classico1'
[2026-06-19 23:36:03] [World lan_1] Recalculated bulk ranks in 0.002s.
[2026-06-19 23:36:11] Error processing world lan_classico1: SQLSTATE[HY000] [1049] Unknown database 'lan_classico1'
[2026-06-19 23:37:20] Error processing world lan_classico1: SQLSTATE[HY000] [1049] Unknown database 'lan_classico1'
[2026-06-19 23:38:28] Error processing world lan_classico1: SQLSTATE[HY000] [1049] Unknown database 'lan_classico1'
[2026-06-19 23:39:36] Error processing world lan_classico1: SQLSTATE[HY000] [1049] Unknown database 'lan_classico1'
[2026-06-19 23:40:45] Error processing world lan_classico1: SQLSTATE[HY000] [1049] Unknown database 'lan_classico1'
[2026-06-19 23:41:45] [World lan_1] Recalculated bulk ranks in 0.002s.
[2026-06-19 23:41:53] Error processing world lan_classico1: SQLSTATE[HY000] [1049] Unknown database 'lan_classico1'
[2026-06-19 23:43:02] Error processing world lan_classico1: SQLSTATE[HY000] [1049] Unknown database 'lan_classico1'
[2026-06-19 23:44:10] Error processing world lan_classico1: SQLSTATE[HY000] [1049] Unknown database 'lan_classico1'
[2026-06-19 23:45:18] Error processing world lan_classico1: SQLSTATE[HY000] [1049] Unknown database 'lan_classico1'
[2026-06-19 23:46:27] Error processing world lan_classico1: SQLSTATE[HY000] [1049] Unknown database 'lan_classico1'
[2026-06-19 23:47:27] [World lan_1] Recalculated bulk ranks in 0.002s.
[2026-06-19 23:47:35] Error processing world lan_classico1: SQLSTATE[HY000] [1049] Unknown database 'lan_classico1'
[2026-06-19 23:48:43] Error processing world lan_classico1: SQLSTATE[HY000] [1049] Unknown database 'lan_classico1'
[2026-06-19 23:49:52] Error processing world lan_classico1: SQLSTATE[HY000] [1049] Unknown database 'lan_classico1'
[2026-06-19 23:51:00] Error processing world lan_classico1: SQLSTATE[HY000] [1049] Unknown database 'lan_classico1'
[2026-06-19 23:52:08] Error processing world lan_classico1: SQLSTATE[HY000] [1049] Unknown database 'lan_classico1'
[2026-06-19 23:53:08] [World lan_1] Recalculated bulk ranks in 0.002s.
[2026-06-19 23:53:17] Error processing world lan_classico1: SQLSTATE[HY000] [1049] Unknown database 'lan_classico1'
[2026-06-19 23:54:25] Error processing world lan_classico1: SQLSTATE[HY000] [1049] Unknown database 'lan_classico1'
[2026-06-19 23:55:33] Error processing world lan_classico1: SQLSTATE[HY000] [1049] Unknown database 'lan_classico1'
[2026-06-19 23:56:42] Error processing world lan_classico1: SQLSTATE[HY000] [1049] Unknown database 'lan_classico1'
[2026-06-19 23:57:50] Error processing world lan_classico1: SQLSTATE[HY000] [1049] Unknown database 'lan_classico1'
[2026-06-19 23:58:50] [World lan_1] Recalculated bulk ranks in 0.002s.
[2026-06-19 23:58:58] Error processing world lan_classico1: SQLSTATE[HY000] [1049] Unknown database 'lan_classico1'
[2026-06-20 00:00:07] Error processing world lan_classico1: SQLSTATE[HY000] [1049] Unknown database 'lan_classico1'
[2026-06-20 00:01:15] Error processing world lan_classico1: SQLSTATE[HY000] [1049] Unknown database 'lan_classico1'
[2026-06-20 00:02:23] Error processing world lan_classico1: SQLSTATE[HY000] [1049] Unknown database 'lan_classico1'
[2026-06-20 00:03:32] Error processing world lan_classico1: SQLSTATE[HY000] [1049] Unknown database 'lan_classico1'
[2026-06-20 00:04:32] [World lan_1] Recalculated bulk ranks in 0.002s.
[2026-06-20 00:04:40] Error processing world lan_classico1: SQLSTATE[HY000] [1049] Unknown database 'lan_classico1'
[2026-06-20 00:05:48] Error processing world lan_classico1: SQLSTATE[HY000] [1049] Unknown database 'lan_classico1'
[2026-06-20 00:06:57] Error processing world lan_classico1: SQLSTATE[HY000] [1049] Unknown database 'lan_classico1'
[2026-06-20 00:08:05] Error processing world lan_classico1: SQLSTATE[HY000] [1049] Unknown database 'lan_classico1'
[2026-06-20 00:09:14] Error processing world lan_classico1: SQLSTATE[HY000] [1049] Unknown database 'lan_classico1'
[2026-06-20 00:10:14] [World lan_1] Recalculated bulk ranks in 0.002s.
[2026-06-20 00:10:22] Error processing world lan_classico1: SQLSTATE[HY000] [1049] Unknown database 'lan_classico1'
[2026-06-20 00:11:30] Error processing world lan_classico1: SQLSTATE[HY000] [1049] Unknown database 'lan_classico1'
[2026-06-20 00:12:38] Error processing world lan_classico1: SQLSTATE[HY000] [1049] Unknown database 'lan_classico1'
[2026-06-20 00:13:47] Error processing world lan_classico1: SQLSTATE[HY000] [1049] Unknown database 'lan_classico1'
[2026-06-20 00:14:55] Error processing world lan_classico1: SQLSTATE[HY000] [1049] Unknown database 'lan_classico1'
[2026-06-20 00:15:55] [World lan_1] Recalculated bulk ranks in 0.003s.
[2026-06-20 00:16:03] Error processing world lan_classico1: SQLSTATE[HY000] [1049] Unknown database 'lan_classico1'
[2026-06-20 00:17:12] Error processing world lan_classico1: SQLSTATE[HY000] [1049] Unknown database 'lan_classico1'
[2026-06-20 00:18:20] Error processing world lan_classico1: SQLSTATE[HY000] [1049] Unknown database 'lan_classico1'
[2026-06-20 00:19:28] Error processing world lan_classico1: SQLSTATE[HY000] [1049] Unknown database 'lan_classico1'
[2026-06-20 00:20:37] Error processing world lan_classico1: SQLSTATE[HY000] [1049] Unknown database 'lan_classico1'
[2026-06-20 00:21:37] [World lan_1] Recalculated bulk ranks in 0.002s.
[2026-06-20 00:21:45] Error processing world lan_classico1: SQLSTATE[HY000] [1049] Unknown database 'lan_classico1'
[2026-06-20 00:22:53] Error processing world lan_classico1: SQLSTATE[HY000] [1049] Unknown database 'lan_classico1'
[2026-06-20 00:24:01] Error processing world lan_classico1: SQLSTATE[HY000] [1049] Unknown database 'lan_classico1'
[2026-06-20 00:25:10] Error processing world lan_classico1: SQLSTATE[HY000] [1049] Unknown database 'lan_classico1'
[2026-06-20 00:26:18] Error processing world lan_classico1: SQLSTATE[HY000] [1049] Unknown database 'lan_classico1'
[2026-06-20 00:27:18] [World lan_1] Recalculated bulk ranks in 0.002s.
[2026-06-20 00:27:26] Error processing world lan_classico1: SQLSTATE[HY000] [1049] Unknown database 'lan_classico1'
[2026-06-20 00:28:34] Error processing world lan_classico1: SQLSTATE[HY000] [1049] Unknown database 'lan_classico1'
[2026-06-20 00:29:43] Error processing world lan_classico1: SQLSTATE[HY000] [1049] Unknown database 'lan_classico1'
[2026-06-20 00:30:51] Error processing world lan_classico1: SQLSTATE[HY000] [1049] Unknown database 'lan_classico1'
[2026-06-20 00:32:00] Error processing world lan_classico1: SQLSTATE[HY000] [1049] Unknown database 'lan_classico1'
[2026-06-20 00:33:00] [World lan_1] Recalculated bulk ranks in 0.002s.
[2026-06-20 00:33:08] Error processing world lan_classico1: SQLSTATE[HY000] [1049] Unknown database 'lan_classico1'
[2026-06-20 00:34:16] Error processing world lan_classico1: SQLSTATE[HY000] [1049] Unknown database 'lan_classico1'
[2026-06-20 00:35:24] Error processing world lan_classico1: SQLSTATE[HY000] [1049] Unknown database 'lan_classico1'
[2026-06-20 00:36:33] Error processing world lan_classico1: SQLSTATE[HY000] [1049] Unknown database 'lan_classico1'
[2026-06-20 00:37:41] Error processing world lan_classico1: SQLSTATE[HY000] [1049] Unknown database 'lan_classico1'
[2026-06-20 00:38:41] [World lan_1] Recalculated bulk ranks in 0.002s.
[2026-06-20 00:38:49] Error processing world lan_classico1: SQLSTATE[HY000] [1049] Unknown database 'lan_classico1'
[2026-06-20 00:39:57] Error processing world lan_classico1: SQLSTATE[HY000] [1049] Unknown database 'lan_classico1'
[2026-06-20 00:41:06] Error processing world lan_classico1: SQLSTATE[HY000] [1049] Unknown database 'lan_classico1'
[2026-06-20 00:42:14] Error processing world lan_classico1: SQLSTATE[HY000] [1049] Unknown database 'lan_classico1'
[2026-06-20 00:43:22] Error processing world lan_classico1: SQLSTATE[HY000] [1049] Unknown database 'lan_classico1'
[2026-06-20 00:44:22] [World lan_1] Recalculated bulk ranks in 0.002s.
[2026-06-20 00:44:31] Error processing world lan_classico1: SQLSTATE[HY000] [1049] Unknown database 'lan_classico1'
[2026-06-20 00:45:39] Error processing world lan_classico1: SQLSTATE[HY000] [1049] Unknown database 'lan_classico1'
[2026-06-20 00:46:47] Error processing world lan_classico1: SQLSTATE[HY000] [1049] Unknown database 'lan_classico1'
[2026-06-20 00:47:56] Error processing world lan_classico1: SQLSTATE[HY000] [1049] Unknown database 'lan_classico1'
[2026-06-20 00:49:04] Error processing world lan_classico1: SQLSTATE[HY000] [1049] Unknown database 'lan_classico1'
[2026-06-20 00:50:04] [World lan_1] Recalculated bulk ranks in 0.002s.
[2026-06-20 00:50:12] Error processing world lan_classico1: SQLSTATE[HY000] [1049] Unknown database 'lan_classico1'
[2026-06-20 00:51:21] Error processing world lan_classico1: SQLSTATE[HY000] [1049] Unknown database 'lan_classico1'
[2026-06-20 00:52:29] Error processing world lan_classico1: SQLSTATE[HY000] [1049] Unknown database 'lan_classico1'
[2026-06-20 00:53:38] Error processing world lan_classico1: SQLSTATE[HY000] [1049] Unknown database 'lan_classico1'
[2026-06-20 00:54:46] Error processing world lan_classico1: SQLSTATE[HY000] [1049] Unknown database 'lan_classico1'
[2026-06-20 00:55:46] [World lan_1] Recalculated bulk ranks in 0.002s.
[2026-06-20 00:55:54] Error processing world lan_classico1: SQLSTATE[HY000] [1049] Unknown database 'lan_classico1'
[2026-06-20 00:57:02] Error processing world lan_classico1: SQLSTATE[HY000] [1049] Unknown database 'lan_classico1'
[2026-06-20 00:58:10] Error processing world lan_classico1: SQLSTATE[HY000] [1049] Unknown database 'lan_classico1'
[2026-06-20 00:59:19] Error processing world lan_classico1: SQLSTATE[HY000] [1049] Unknown database 'lan_classico1'
[2026-06-20 01:00:27] Error processing world lan_classico1: SQLSTATE[HY000] [1049] Unknown database 'lan_classico1'
[2026-06-20 01:01:27] [World lan_1] Recalculated bulk ranks in 0.002s.
[2026-06-20 01:01:35] Error processing world lan_classico1: SQLSTATE[HY000] [1049] Unknown database 'lan_classico1'
[2026-06-20 01:02:44] Error processing world lan_classico1: SQLSTATE[HY000] [1049] Unknown database 'lan_classico1'
[2026-06-20 01:03:52] Error processing world lan_classico1: SQLSTATE[HY000] [1049] Unknown database 'lan_classico1'
[2026-06-20 01:05:00] Error processing world lan_classico1: SQLSTATE[HY000] [1049] Unknown database 'lan_classico1'
[2026-06-20 01:06:09] Error processing world lan_classico1: SQLSTATE[HY000] [1049] Unknown database 'lan_classico1'
[2026-06-20 01:07:09] [World lan_1] Recalculated bulk ranks in 0.002s.
[2026-06-20 01:07:17] Error processing world lan_classico1: SQLSTATE[HY000] [1049] Unknown database 'lan_classico1'
[2026-06-20 01:08:25] Error processing world lan_classico1: SQLSTATE[HY000] [1049] Unknown database 'lan_classico1'
[2026-06-20 01:09:34] Error processing world lan_classico1: SQLSTATE[HY000] [1049] Unknown database 'lan_classico1'
[2026-06-20 01:10:42] Error processing world lan_classico1: SQLSTATE[HY000] [1049] Unknown database 'lan_classico1'
[2026-06-20 01:11:50] Error processing world lan_classico1: SQLSTATE[HY000] [1049] Unknown database 'lan_classico1'
[2026-06-20 01:12:50] [World lan_1] Recalculated bulk ranks in 0.002s.
[2026-06-20 01:12:58] Error processing world lan_classico1: SQLSTATE[HY000] [1049] Unknown database 'lan_classico1'
[2026-06-20 01:13:58] Bot Daemon recycling (Iterated 100 times).
[2026-06-20 08:22:30] Bot Daemon started (PID: 25888).
[2026-06-20 08:22:30] [World lan_1] Recalculated bulk ranks in 0.008s.
[2026-06-20 08:22:47] Error processing world lan_classico1: SQLSTATE[HY000] [1049] Unknown database 'lan_classico1'
[2026-06-20 08:23:56] Error processing world lan_classico1: SQLSTATE[HY000] [1049] Unknown database 'lan_classico1'
[2026-06-20 08:25:05] Error processing world lan_classico1: SQLSTATE[HY000] [1049] Unknown database 'lan_classico1'
[2026-06-20 08:26:14] Error processing world lan_classico1: SQLSTATE[HY000] [1049] Unknown database 'lan_classico1'
[2026-06-20 08:27:14] [World lan_1] Recalculated bulk ranks in 0.002s.
[2026-06-20 08:27:23] Error processing world lan_classico1: SQLSTATE[HY000] [1049] Unknown database 'lan_classico1'
[2026-06-20 08:28:32] Error processing world lan_classico1: SQLSTATE[HY000] [1049] Unknown database 'lan_classico1'
[2026-06-20 08:29:43] Error processing world lan_classico1: SQLSTATE[HY000] [1049] Unknown database 'lan_classico1'
[2026-06-20 08:30:48] Error processing world lan_classico1: SQLSTATE[HY000] [1049] Unknown database 'lan_classico1'
[2026-06-20 08:31:56] Error processing world lan_classico1: SQLSTATE[HY000] [1049] Unknown database 'lan_classico1'
[2026-06-20 08:32:56] [World lan_1] Recalculated bulk ranks in 0.002s.
[2026-06-20 08:33:05] Error processing world lan_classico1: SQLSTATE[HY000] [1049] Unknown database 'lan_classico1'
[2026-06-20 08:34:14] Error processing world lan_classico1: SQLSTATE[HY000] [1049] Unknown database 'lan_classico1'
[2026-06-20 08:35:23] Error processing world lan_classico1: SQLSTATE[HY000] [1049] Unknown database 'lan_classico1'
[2026-06-20 08:36:32] Error processing world lan_classico1: SQLSTATE[HY000] [1049] Unknown database 'lan_classico1'
[2026-06-20 08:37:43] Error processing world lan_classico1: SQLSTATE[HY000] [1049] Unknown database 'lan_classico1'
[2026-06-20 08:38:43] [World lan_1] Recalculated bulk ranks in 0.002s.
[2026-06-20 08:38:49] Error processing world lan_classico1: SQLSTATE[HY000] [1049] Unknown database 'lan_classico1'
[2026-06-20 08:39:57] Error processing world lan_classico1: SQLSTATE[HY000] [1049] Unknown database 'lan_classico1'
[2026-06-20 08:41:07] Error processing world lan_classico1: SQLSTATE[HY000] [1049] Unknown database 'lan_classico1'
[2026-06-20 08:42:15] Error processing world lan_classico1: SQLSTATE[HY000] [1049] Unknown database 'lan_classico1'
[2026-06-20 08:43:24] Error processing world lan_classico1: SQLSTATE[HY000] [1049] Unknown database 'lan_classico1'
[2026-06-20 08:44:24] [World lan_1] Recalculated bulk ranks in 0.002s.
[2026-06-20 08:44:33] Error processing world lan_classico1: SQLSTATE[HY000] [1049] Unknown database 'lan_classico1'
[2026-06-20 08:45:41] Error processing world lan_classico1: SQLSTATE[HY000] [1049] Unknown database 'lan_classico1'
[2026-06-20 08:46:50] Error processing world lan_classico1: SQLSTATE[HY000] [1049] Unknown database 'lan_classico1'
[2026-06-20 08:47:59] Error processing world lan_classico1: SQLSTATE[HY000] [1049] Unknown database 'lan_classico1'
[2026-06-20 08:49:08] Error processing world lan_classico1: SQLSTATE[HY000] [1049] Unknown database 'lan_classico1'
[2026-06-20 08:50:08] [World lan_1] Recalculated bulk ranks in 0.002s.
[2026-06-20 08:50:16] Error processing world lan_classico1: SQLSTATE[HY000] [1049] Unknown database 'lan_classico1'
[2026-06-20 08:51:25] Error processing world lan_classico1: SQLSTATE[HY000] [1049] Unknown database 'lan_classico1'
[2026-06-20 08:52:34] Error processing world lan_classico1: SQLSTATE[HY000] [1049] Unknown database 'lan_classico1'
[2026-06-20 08:53:42] Error processing world lan_classico1: SQLSTATE[HY000] [1049] Unknown database 'lan_classico1'
[2026-06-20 08:54:51] Error processing world lan_classico1: SQLSTATE[HY000] [1049] Unknown database 'lan_classico1'
[2026-06-20 08:55:51] [World lan_1] Recalculated bulk ranks in 0.002s.
[2026-06-20 08:55:59] Error processing world lan_classico1: SQLSTATE[HY000] [1049] Unknown database 'lan_classico1'
[2026-06-20 08:57:08] Error processing world lan_classico1: SQLSTATE[HY000] [1049] Unknown database 'lan_classico1'
[2026-06-20 08:58:17] Error processing world lan_classico1: SQLSTATE[HY000] [1049] Unknown database 'lan_classico1'
[2026-06-20 08:59:26] Error processing world lan_classico1: SQLSTATE[HY000] [1049] Unknown database 'lan_classico1'
[2026-06-20 09:00:35] Error processing world lan_classico1: SQLSTATE[HY000] [1049] Unknown database 'lan_classico1'
[2026-06-20 09:01:35] [World lan_1] Recalculated bulk ranks in 0.002s.
[2026-06-20 09:01:43] Error processing world lan_classico1: SQLSTATE[HY000] [1049] Unknown database 'lan_classico1'
[2026-06-20 09:02:52] Error processing world lan_classico1: SQLSTATE[HY000] [1049] Unknown database 'lan_classico1'
[2026-06-20 09:04:01] Error processing world lan_classico1: SQLSTATE[HY000] [1049] Unknown database 'lan_classico1'
[2026-06-20 09:05:10] Error processing world lan_classico1: SQLSTATE[HY000] [1049] Unknown database 'lan_classico1'
[2026-06-20 09:06:18] Error processing world lan_classico1: SQLSTATE[HY000] [1049] Unknown database 'lan_classico1'
[2026-06-20 09:07:18] [World lan_1] Recalculated bulk ranks in 0.003s.
[2026-06-20 09:07:27] Error processing world lan_classico1: SQLSTATE[HY000] [1049] Unknown database 'lan_classico1'
[2026-06-20 09:08:37] Error processing world lan_classico1: SQLSTATE[HY000] [1049] Unknown database 'lan_classico1'
[2026-06-20 09:09:45] Error processing world lan_classico1: SQLSTATE[HY000] [1049] Unknown database 'lan_classico1'
[2026-06-20 09:10:54] Error processing world lan_classico1: SQLSTATE[HY000] [1049] Unknown database 'lan_classico1'
[2026-06-20 09:12:03] Error processing world lan_classico1: SQLSTATE[HY000] [1049] Unknown database 'lan_classico1'
[2026-06-20 09:13:03] [World lan_1] Recalculated bulk ranks in 0.002s.
[2026-06-20 09:13:12] Error processing world lan_classico1: SQLSTATE[HY000] [1049] Unknown database 'lan_classico1'
[2026-06-20 09:14:20] Error processing world lan_classico1: SQLSTATE[HY000] [1049] Unknown database 'lan_classico1'
[2026-06-20 09:15:29] Error processing world lan_classico1: SQLSTATE[HY000] [1049] Unknown database 'lan_classico1'
[2026-06-20 09:16:38] Error processing world lan_classico1: SQLSTATE[HY000] [1049] Unknown database 'lan_classico1'
[2026-06-20 09:17:47] Error processing world lan_classico1: SQLSTATE[HY000] [1049] Unknown database 'lan_classico1'
[2026-06-20 09:18:47] [World lan_1] Recalculated bulk ranks in 0.002s.
[2026-06-20 09:18:56] Error processing world lan_classico1: SQLSTATE[HY000] [1049] Unknown database 'lan_classico1'
[2026-06-20 09:20:04] Error processing world lan_classico1: SQLSTATE[HY000] [1049] Unknown database 'lan_classico1'
[2026-06-20 09:21:13] Error processing world lan_classico1: SQLSTATE[HY000] [1049] Unknown database 'lan_classico1'
[2026-06-20 09:22:22] Error processing world lan_classico1: SQLSTATE[HY000] [1049] Unknown database 'lan_classico1'
[2026-06-20 09:23:31] Error processing world lan_classico1: SQLSTATE[HY000] [1049] Unknown database 'lan_classico1'
[2026-06-20 09:24:31] [World lan_1] Recalculated bulk ranks in 0.002s.
[2026-06-20 09:24:41] Error processing world lan_classico1: SQLSTATE[HY000] [1049] Unknown database 'lan_classico1'
[2026-06-20 09:25:48] Error processing world lan_classico1: SQLSTATE[HY000] [1049] Unknown database 'lan_classico1'
[2026-06-20 09:26:56] Error processing world lan_classico1: SQLSTATE[HY000] [1049] Unknown database 'lan_classico1'
[2026-06-20 09:28:05] Error processing world lan_classico1: SQLSTATE[HY000] [1049] Unknown database 'lan_classico1'
[2026-06-20 09:29:14] Error processing world lan_classico1: SQLSTATE[HY000] [1049] Unknown database 'lan_classico1'
[2026-06-20 09:30:14] [World lan_1] Recalculated bulk ranks in 0.002s.
[2026-06-20 09:30:23] Error processing world lan_classico1: SQLSTATE[HY000] [1049] Unknown database 'lan_classico1'
[2026-06-20 09:31:31] Error processing world lan_classico1: SQLSTATE[HY000] [1049] Unknown database 'lan_classico1'
[2026-06-20 09:32:40] Error processing world lan_classico1: SQLSTATE[HY000] [1049] Unknown database 'lan_classico1'
[2026-06-20 09:33:49] Error processing world lan_classico1: SQLSTATE[HY000] [1049] Unknown database 'lan_classico1'
[2026-06-20 09:34:58] Error processing world lan_classico1: SQLSTATE[HY000] [1049] Unknown database 'lan_classico1'
[2026-06-20 09:35:58] [World lan_1] Recalculated bulk ranks in 0.002s.
[2026-06-20 09:36:07] Error processing world lan_classico1: SQLSTATE[HY000] [1049] Unknown database 'lan_classico1'
[2026-06-20 09:37:15] Error processing world lan_classico1: SQLSTATE[HY000] [1049] Unknown database 'lan_classico1'
[2026-06-20 09:38:24] Error processing world lan_classico1: SQLSTATE[HY000] [1049] Unknown database 'lan_classico1'
[2026-06-20 09:39:33] Error processing world lan_classico1: SQLSTATE[HY000] [1049] Unknown database 'lan_classico1'
[2026-06-20 09:40:44] Error processing world lan_classico1: SQLSTATE[HY000] [1049] Unknown database 'lan_classico1'
[2026-06-20 09:41:44] [World lan_1] Recalculated bulk ranks in 0.002s.
[2026-06-20 09:41:48] Error processing world lan_classico1: SQLSTATE[HY000] [1049] Unknown database 'lan_classico1'
[2026-06-20 09:42:57] Error processing world lan_classico1: SQLSTATE[HY000] [1049] Unknown database 'lan_classico1'
[2026-06-20 09:44:05] Error processing world lan_classico1: SQLSTATE[HY000] [1049] Unknown database 'lan_classico1'
[2026-06-20 09:45:14] Error processing world lan_classico1: SQLSTATE[HY000] [1049] Unknown database 'lan_classico1'
[2026-06-20 09:46:23] Error processing world lan_classico1: SQLSTATE[HY000] [1049] Unknown database 'lan_classico1'
[2026-06-20 09:47:23] [World lan_1] Recalculated bulk ranks in 0.002s.
[2026-06-20 09:47:32] Error processing world lan_classico1: SQLSTATE[HY000] [1049] Unknown database 'lan_classico1'
[2026-06-20 09:48:42] Error processing world lan_classico1: SQLSTATE[HY000] [1049] Unknown database 'lan_classico1'
[2026-06-20 09:49:48] Error processing world lan_classico1: SQLSTATE[HY000] [1049] Unknown database 'lan_classico1'
[2026-06-20 09:50:56] Error processing world lan_classico1: SQLSTATE[HY000] [1049] Unknown database 'lan_classico1'
[2026-06-20 09:52:05] Error processing world lan_classico1: SQLSTATE[HY000] [1049] Unknown database 'lan_classico1'
[2026-06-20 09:53:05] [World lan_1] Recalculated bulk ranks in 0.002s.
[2026-06-20 09:53:14] Error processing world lan_classico1: SQLSTATE[HY000] [1049] Unknown database 'lan_classico1'
[2026-06-20 09:54:22] Error processing world lan_classico1: SQLSTATE[HY000] [1049] Unknown database 'lan_classico1'
[2026-06-20 09:55:31] Error processing world lan_classico1: SQLSTATE[HY000] [1049] Unknown database 'lan_classico1'
[2026-06-20 09:56:40] Error processing world lan_classico1: SQLSTATE[HY000] [1049] Unknown database 'lan_classico1'
[2026-06-20 09:57:49] Error processing world lan_classico1: SQLSTATE[HY000] [1049] Unknown database 'lan_classico1'
[2026-06-20 09:58:49] [World lan_1] Recalculated bulk ranks in 0.002s.
[2026-06-20 09:58:58] Error processing world lan_classico1: SQLSTATE[HY000] [1049] Unknown database 'lan_classico1'
[2026-06-20 10:00:07] Error processing world lan_classico1: SQLSTATE[HY000] [1049] Unknown database 'lan_classico1'
[2026-06-20 10:01:16] Error processing world lan_classico1: SQLSTATE[HY000] [1049] Unknown database 'lan_classico1'
[2026-06-20 10:02:24] Error processing world lan_classico1: SQLSTATE[HY000] [1049] Unknown database 'lan_classico1'
[2026-06-20 10:03:33] Error processing world lan_classico1: SQLSTATE[HY000] [1049] Unknown database 'lan_classico1'
[2026-06-20 10:04:33] [World lan_1] Recalculated bulk ranks in 0.002s.
[2026-06-20 10:04:44] Error processing world lan_classico1: SQLSTATE[HY000] [1049] Unknown database 'lan_classico1'
[2026-06-20 10:05:49] Error processing world lan_classico1: SQLSTATE[HY000] [1049] Unknown database 'lan_classico1'
[2026-06-20 10:06:57] Error processing world lan_classico1: SQLSTATE[HY000] [1049] Unknown database 'lan_classico1'
[2026-06-20 10:08:06] Error processing world lan_classico1: SQLSTATE[HY000] [1049] Unknown database 'lan_classico1'
[2026-06-20 10:09:15] Error processing world lan_classico1: SQLSTATE[HY000] [1049] Unknown database 'lan_classico1'
[2026-06-20 10:10:15] [World lan_1] Recalculated bulk ranks in 0.002s.
[2026-06-20 10:10:24] Error processing world lan_classico1: SQLSTATE[HY000] [1049] Unknown database 'lan_classico1'
[2026-06-20 10:11:33] Error processing world lan_classico1: SQLSTATE[HY000] [1049] Unknown database 'lan_classico1'
[2026-06-20 10:12:43] Error processing world lan_classico1: SQLSTATE[HY000] [1049] Unknown database 'lan_classico1'
[2026-06-20 10:13:48] Error processing world lan_classico1: SQLSTATE[HY000] [1049] Unknown database 'lan_classico1'
[2026-06-20 10:14:57] Error processing world lan_classico1: SQLSTATE[HY000] [1049] Unknown database 'lan_classico1'
[2026-06-20 10:15:57] [World lan_1] Recalculated bulk ranks in 0.002s.
[2026-06-20 10:16:06] Error processing world lan_classico1: SQLSTATE[HY000] [1049] Unknown database 'lan_classico1'
[2026-06-20 10:17:06] Bot Daemon recycling (Iterated 100 times).
[2026-06-20 11:42:04] Bot Daemon started (PID: 32496).
[2026-06-20 11:42:04] [World lan_1] Recalculated bulk ranks in 0.004s.
[2026-06-20 11:42:17] Error processing world lan_classico1: SQLSTATE[HY000] [1049] Unknown database 'lan_classico1'
[2026-06-20 11:43:26] Error processing world lan_classico1: SQLSTATE[HY000] [1049] Unknown database 'lan_classico1'
[2026-06-20 11:44:34] Error processing world lan_classico1: SQLSTATE[HY000] [1049] Unknown database 'lan_classico1'
[2026-06-20 11:45:43] Error processing world lan_classico1: SQLSTATE[HY000] [1049] Unknown database 'lan_classico1'
[2026-06-20 11:46:43] [World lan_1] Recalculated bulk ranks in 0.002s.
[2026-06-20 11:46:52] Error processing world lan_classico1: SQLSTATE[HY000] [1049] Unknown database 'lan_classico1'
[2026-06-20 11:48:00] Error processing world lan_classico1: SQLSTATE[HY000] [1049] Unknown database 'lan_classico1'
[2026-06-20 11:49:08] Error processing world lan_classico1: SQLSTATE[HY000] [1049] Unknown database 'lan_classico1'
[2026-06-20 11:50:17] Error processing world lan_classico1: SQLSTATE[HY000] [1049] Unknown database 'lan_classico1'
[2026-06-20 11:51:26] Error processing world lan_classico1: SQLSTATE[HY000] [1049] Unknown database 'lan_classico1'
[2026-06-20 11:52:26] [World lan_1] Recalculated bulk ranks in 0.003s.
[2026-06-20 11:52:34] Error processing world lan_classico1: SQLSTATE[HY000] [1049] Unknown database 'lan_classico1'
[2026-06-20 11:53:47] Error processing world lan_classico1: SQLSTATE[HY000] [1049] Unknown database 'lan_classico1'
[2026-06-20 11:54:54] Error processing world lan_classico1: SQLSTATE[HY000] [1049] Unknown database 'lan_classico1'
[2026-06-20 11:56:05] Error processing world lan_classico1: SQLSTATE[HY000] [1049] Unknown database 'lan_classico1'
[2026-06-20 11:57:17] Error processing world lan_classico1: SQLSTATE[HY000] [1049] Unknown database 'lan_classico1'
[2026-06-20 11:58:17] [World lan_1] Recalculated bulk ranks in 0.003s.
[2026-06-20 11:58:27] Error processing world lan_classico1: SQLSTATE[HY000] [1049] Unknown database 'lan_classico1'
[2026-06-20 11:59:40] Error processing world lan_classico1: SQLSTATE[HY000] [1049] Unknown database 'lan_classico1'
[2026-06-20 12:00:51] Error processing world lan_classico1: SQLSTATE[HY000] [1049] Unknown database 'lan_classico1'
[2026-06-20 12:02:00] Error processing world lan_classico1: SQLSTATE[HY000] [1049] Unknown database 'lan_classico1'
[2026-06-20 12:03:09] Error processing world lan_classico1: SQLSTATE[HY000] [1049] Unknown database 'lan_classico1'
[2026-06-20 12:04:09] [World lan_1] Recalculated bulk ranks in 0.003s.
[2026-06-20 12:04:22] Error processing world lan_classico1: SQLSTATE[HY000] [1049] Unknown database 'lan_classico1'
[2026-06-20 12:05:31] Error processing world lan_classico1: SQLSTATE[HY000] [1049] Unknown database 'lan_classico1'
[2026-06-20 12:06:41] Error processing world lan_classico1: SQLSTATE[HY000] [1049] Unknown database 'lan_classico1'
[2026-06-20 12:07:50] Error processing world lan_classico1: SQLSTATE[HY000] [1049] Unknown database 'lan_classico1'
[2026-06-20 12:08:58] Error processing world lan_classico1: SQLSTATE[HY000] [1049] Unknown database 'lan_classico1'
[2026-06-20 12:09:58] [World lan_1] Recalculated bulk ranks in 0.002s.
[2026-06-20 12:10:08] Error processing world lan_classico1: SQLSTATE[HY000] [1049] Unknown database 'lan_classico1'
[2026-06-20 12:11:16] Error processing world lan_classico1: SQLSTATE[HY000] [1049] Unknown database 'lan_classico1'
[2026-06-20 12:12:25] Error processing world lan_classico1: SQLSTATE[HY000] [1049] Unknown database 'lan_classico1'
[2026-06-20 12:13:35] Error processing world lan_classico1: SQLSTATE[HY000] [1049] Unknown database 'lan_classico1'
[2026-06-20 12:14:44] Error processing world lan_classico1: SQLSTATE[HY000] [1049] Unknown database 'lan_classico1'
[2026-06-20 12:15:44] [World lan_1] Recalculated bulk ranks in 0.003s.
[2026-06-20 12:15:53] Error processing world lan_classico1: SQLSTATE[HY000] [1049] Unknown database 'lan_classico1'
[2026-06-20 12:17:02] Error processing world lan_classico1: SQLSTATE[HY000] [1049] Unknown database 'lan_classico1'
[2026-06-20 12:18:10] Error processing world lan_classico1: SQLSTATE[HY000] [1049] Unknown database 'lan_classico1'
[2026-06-20 12:19:18] Error processing world lan_classico1: SQLSTATE[HY000] [1049] Unknown database 'lan_classico1'
[2026-06-20 12:20:27] Error processing world lan_classico1: SQLSTATE[HY000] [1049] Unknown database 'lan_classico1'
[2026-06-20 12:21:27] [World lan_1] Recalculated bulk ranks in 0.002s.
[2026-06-20 12:21:35] Error processing world lan_classico1: SQLSTATE[HY000] [1049] Unknown database 'lan_classico1'
[2026-06-20 12:22:44] Error processing world lan_classico1: SQLSTATE[HY000] [1049] Unknown database 'lan_classico1'
[2026-06-20 12:23:54] Error processing world lan_classico1: SQLSTATE[HY000] [1049] Unknown database 'lan_classico1'
[2026-06-20 12:24:59] Error processing world lan_classico1: SQLSTATE[HY000] [1049] Unknown database 'lan_classico1'
[2026-06-20 12:26:08] Error processing world lan_classico1: SQLSTATE[HY000] [1049] Unknown database 'lan_classico1'
[2026-06-20 12:27:08] [World lan_1] Recalculated bulk ranks in 0.003s.
[2026-06-20 12:27:17] Error processing world lan_classico1: SQLSTATE[HY000] [1049] Unknown database 'lan_classico1'
[2026-06-20 12:28:26] Error processing world lan_classico1: SQLSTATE[HY000] [1049] Unknown database 'lan_classico1'
[2026-06-20 12:29:35] Error processing world lan_classico1: SQLSTATE[HY000] [1049] Unknown database 'lan_classico1'
[2026-06-20 12:30:45] Error processing world lan_classico1: SQLSTATE[HY000] [1049] Unknown database 'lan_classico1'
[2026-06-20 12:31:53] Error processing world lan_classico1: SQLSTATE[HY000] [1049] Unknown database 'lan_classico1'
[2026-06-20 12:32:53] [World lan_1] Recalculated bulk ranks in 0.002s.
[2026-06-20 12:33:02] Error processing world lan_classico1: SQLSTATE[HY000] [1049] Unknown database 'lan_classico1'
[2026-06-20 12:34:11] Error processing world lan_classico1: SQLSTATE[HY000] [1049] Unknown database 'lan_classico1'
[2026-06-20 12:35:19] Error processing world lan_classico1: SQLSTATE[HY000] [1049] Unknown database 'lan_classico1'
[2026-06-20 12:36:28] Error processing world lan_classico1: SQLSTATE[HY000] [1049] Unknown database 'lan_classico1'
[2026-06-20 12:37:36] Error processing world lan_classico1: SQLSTATE[HY000] [1049] Unknown database 'lan_classico1'
[2026-06-20 12:38:36] [World lan_1] Recalculated bulk ranks in 0.002s.
[2026-06-20 12:38:45] Error processing world lan_classico1: SQLSTATE[HY000] [1049] Unknown database 'lan_classico1'
[2026-06-20 12:39:53] Error processing world lan_classico1: SQLSTATE[HY000] [1049] Unknown database 'lan_classico1'
[2026-06-20 12:41:02] Error processing world lan_classico1: SQLSTATE[HY000] [1049] Unknown database 'lan_classico1'
[2026-06-20 12:42:12] Error processing world lan_classico1: SQLSTATE[HY000] [1049] Unknown database 'lan_classico1'
[2026-06-20 12:43:18] Error processing world lan_classico1: SQLSTATE[HY000] [1049] Unknown database 'lan_classico1'
[2026-06-20 12:44:18] [World lan_1] Recalculated bulk ranks in 0.002s.
[2026-06-20 12:44:26] Error processing world lan_classico1: SQLSTATE[HY000] [1049] Unknown database 'lan_classico1'
[2026-06-20 12:45:35] Error processing world lan_classico1: SQLSTATE[HY000] [1049] Unknown database 'lan_classico1'
[2026-06-20 12:46:43] Error processing world lan_classico1: SQLSTATE[HY000] [1049] Unknown database 'lan_classico1'
[2026-06-20 12:47:52] Error processing world lan_classico1: SQLSTATE[HY000] [1049] Unknown database 'lan_classico1'
[2026-06-20 12:49:00] Error processing world lan_classico1: SQLSTATE[HY000] [1049] Unknown database 'lan_classico1'
[2026-06-20 12:50:00] [World lan_1] Recalculated bulk ranks in 0.002s.
[2026-06-20 12:50:09] Error processing world lan_classico1: SQLSTATE[HY000] [1049] Unknown database 'lan_classico1'
[2026-06-20 12:51:17] Error processing world lan_classico1: SQLSTATE[HY000] [1049] Unknown database 'lan_classico1'
[2026-06-20 12:52:26] Error processing world lan_classico1: SQLSTATE[HY000] [1049] Unknown database 'lan_classico1'
[2026-06-20 12:53:34] Error processing world lan_classico1: SQLSTATE[HY000] [1049] Unknown database 'lan_classico1'
[2026-06-20 12:54:42] Error processing world lan_classico1: SQLSTATE[HY000] [1049] Unknown database 'lan_classico1'
[2026-06-20 12:55:42] [World lan_1] Recalculated bulk ranks in 0.002s.
[2026-06-20 12:55:51] Error processing world lan_classico1: SQLSTATE[HY000] [1049] Unknown database 'lan_classico1'
[2026-06-20 12:56:59] Error processing world lan_classico1: SQLSTATE[HY000] [1049] Unknown database 'lan_classico1'
[2026-06-20 12:58:08] Error processing world lan_classico1: SQLSTATE[HY000] [1049] Unknown database 'lan_classico1'
[2026-06-20 12:59:16] Error processing world lan_classico1: SQLSTATE[HY000] [1049] Unknown database 'lan_classico1'
[2026-06-20 13:00:25] Error processing world lan_classico1: SQLSTATE[HY000] [1049] Unknown database 'lan_classico1'
[2026-06-20 13:01:25] [World lan_1] Recalculated bulk ranks in 0.002s.
[2026-06-20 13:01:33] Error processing world lan_classico1: SQLSTATE[HY000] [1049] Unknown database 'lan_classico1'
[2026-06-20 13:02:41] Error processing world lan_classico1: SQLSTATE[HY000] [1049] Unknown database 'lan_classico1'
[2026-06-20 13:03:50] Error processing world lan_classico1: SQLSTATE[HY000] [1049] Unknown database 'lan_classico1'
[2026-06-20 13:04:58] Error processing world lan_classico1: SQLSTATE[HY000] [1049] Unknown database 'lan_classico1'
[2026-06-20 13:06:07] Error processing world lan_classico1: SQLSTATE[HY000] [1049] Unknown database 'lan_classico1'
[2026-06-20 13:07:07] [World lan_1] Recalculated bulk ranks in 0.002s.
[2026-06-20 13:07:15] Error processing world lan_classico1: SQLSTATE[HY000] [1049] Unknown database 'lan_classico1'
[2026-06-20 13:08:24] Error processing world lan_classico1: SQLSTATE[HY000] [1049] Unknown database 'lan_classico1'
[2026-06-20 13:09:32] Error processing world lan_classico1: SQLSTATE[HY000] [1049] Unknown database 'lan_classico1'
[2026-06-20 13:10:40] Error processing world lan_classico1: SQLSTATE[HY000] [1049] Unknown database 'lan_classico1'
[2026-06-20 13:11:49] Error processing world lan_classico1: SQLSTATE[HY000] [1049] Unknown database 'lan_classico1'
[2026-06-20 13:12:49] [World lan_1] Recalculated bulk ranks in 0.003s.
[2026-06-20 13:12:57] Error processing world lan_classico1: SQLSTATE[HY000] [1049] Unknown database 'lan_classico1'
[2026-06-20 13:14:06] Error processing world lan_classico1: SQLSTATE[HY000] [1049] Unknown database 'lan_classico1'
[2026-06-20 13:15:14] Error processing world lan_classico1: SQLSTATE[HY000] [1049] Unknown database 'lan_classico1'
[2026-06-20 13:16:22] Error processing world lan_classico1: SQLSTATE[HY000] [1049] Unknown database 'lan_classico1'
[2026-06-20 13:17:30] Error processing world lan_classico1: SQLSTATE[HY000] [1049] Unknown database 'lan_classico1'
[2026-06-20 13:18:30] [World lan_1] Recalculated bulk ranks in 0.002s.
[2026-06-20 13:18:39] Error processing world lan_classico1: SQLSTATE[HY000] [1049] Unknown database 'lan_classico1'
[2026-06-20 13:19:47] Error processing world lan_classico1: SQLSTATE[HY000] [1049] Unknown database 'lan_classico1'
[2026-06-20 13:20:55] Error processing world lan_classico1: SQLSTATE[HY000] [1049] Unknown database 'lan_classico1'
[2026-06-20 13:22:04] Error processing world lan_classico1: SQLSTATE[HY000] [1049] Unknown database 'lan_classico1'
[2026-06-20 13:23:13] Error processing world lan_classico1: SQLSTATE[HY000] [1049] Unknown database 'lan_classico1'
[2026-06-20 13:24:13] [World lan_1] Recalculated bulk ranks in 0.002s.
[2026-06-20 13:24:21] Error processing world lan_classico1: SQLSTATE[HY000] [1049] Unknown database 'lan_classico1'
[2026-06-20 13:25:29] Error processing world lan_classico1: SQLSTATE[HY000] [1049] Unknown database 'lan_classico1'
[2026-06-20 13:26:38] Error processing world lan_classico1: SQLSTATE[HY000] [1049] Unknown database 'lan_classico1'
[2026-06-20 13:27:46] Error processing world lan_classico1: SQLSTATE[HY000] [1049] Unknown database 'lan_classico1'
[2026-06-20 13:28:54] Error processing world lan_classico1: SQLSTATE[HY000] [1049] Unknown database 'lan_classico1'
[2026-06-20 13:29:54] [World lan_1] Recalculated bulk ranks in 0.003s.
[2026-06-20 13:30:02] Error processing world lan_classico1: SQLSTATE[HY000] [1049] Unknown database 'lan_classico1'
[2026-06-20 13:31:11] Error processing world lan_classico1: SQLSTATE[HY000] [1049] Unknown database 'lan_classico1'
[2026-06-20 13:32:19] Error processing world lan_classico1: SQLSTATE[HY000] [1049] Unknown database 'lan_classico1'
[2026-06-20 13:33:27] Error processing world lan_classico1: SQLSTATE[HY000] [1049] Unknown database 'lan_classico1'
[2026-06-20 13:34:36] Error processing world lan_classico1: SQLSTATE[HY000] [1049] Unknown database 'lan_classico1'
[2026-06-20 13:35:36] [World lan_1] Recalculated bulk ranks in 0.002s.
[2026-06-20 13:35:44] Error processing world lan_classico1: SQLSTATE[HY000] [1049] Unknown database 'lan_classico1'
[2026-06-20 13:36:44] Bot Daemon recycling (Iterated 100 times).
[2026-06-20 18:08:51] Bot Daemon started (PID: 25468).
[2026-06-20 18:08:51] [World lan_1] Recalculated bulk ranks in 0.006s.
[2026-06-20 18:09:00] Error processing world lan_classico1: SQLSTATE[HY000] [1049] Unknown database 'lan_classico1'
[2026-06-20 18:10:24] Error processing world lan_classico1: SQLSTATE[HY000] [1049] Unknown database 'lan_classico1'
[2026-06-20 18:11:33] Error processing world lan_classico1: SQLSTATE[HY000] [1049] Unknown database 'lan_classico1'
[2026-06-20 18:12:42] Error processing world lan_classico1: SQLSTATE[HY000] [1049] Unknown database 'lan_classico1'
[2026-06-20 18:13:42] [World lan_1] Recalculated bulk ranks in 0.002s.
[2026-06-20 18:13:51] Error processing world lan_classico1: SQLSTATE[HY000] [1049] Unknown database 'lan_classico1'
[2026-06-20 18:15:00] Error processing world lan_classico1: SQLSTATE[HY000] [1049] Unknown database 'lan_classico1'
[2026-06-20 18:16:09] Error processing world lan_classico1: SQLSTATE[HY000] [1049] Unknown database 'lan_classico1'
[2026-06-20 18:17:18] Error processing world lan_classico1: SQLSTATE[HY000] [1049] Unknown database 'lan_classico1'
[2026-06-20 18:18:27] Error processing world lan_classico1: SQLSTATE[HY000] [1049] Unknown database 'lan_classico1'
[2026-06-20 18:19:27] [World lan_1] Recalculated bulk ranks in 0.002s.
[2026-06-20 18:19:36] Error processing world lan_classico1: SQLSTATE[HY000] [1049] Unknown database 'lan_classico1'
[2026-06-20 18:20:45] Error processing world lan_classico1: SQLSTATE[HY000] [1049] Unknown database 'lan_classico1'
[2026-06-20 18:21:54] Error processing world lan_classico1: SQLSTATE[HY000] [1049] Unknown database 'lan_classico1'
[2026-06-20 18:23:02] Error processing world lan_classico1: SQLSTATE[HY000] [1049] Unknown database 'lan_classico1'
[2026-06-20 18:24:11] Error processing world lan_classico1: SQLSTATE[HY000] [1049] Unknown database 'lan_classico1'
[2026-06-20 18:25:11] [World lan_1] Recalculated bulk ranks in 0.002s.
[2026-06-20 18:25:19] Error processing world lan_classico1: SQLSTATE[HY000] [1049] Unknown database 'lan_classico1'
[2026-06-20 18:26:28] Error processing world lan_classico1: SQLSTATE[HY000] [1049] Unknown database 'lan_classico1'
[2026-06-20 18:27:37] Error processing world lan_classico1: SQLSTATE[HY000] [1049] Unknown database 'lan_classico1'
[2026-06-20 18:28:45] Error processing world lan_classico1: SQLSTATE[HY000] [1049] Unknown database 'lan_classico1'
[2026-06-20 18:29:55] Error processing world lan_classico1: SQLSTATE[HY000] [1049] Unknown database 'lan_classico1'
[2026-06-20 18:30:55] [World lan_1] Recalculated bulk ranks in 0.002s.
[2026-06-20 18:31:03] Error processing world lan_classico1: SQLSTATE[HY000] [1049] Unknown database 'lan_classico1'
[2026-06-20 18:32:12] Error processing world lan_classico1: SQLSTATE[HY000] [1049] Unknown database 'lan_classico1'
[2026-06-20 18:33:21] Error processing world lan_classico1: SQLSTATE[HY000] [1049] Unknown database 'lan_classico1'
[2026-06-20 18:34:30] Error processing world lan_classico1: SQLSTATE[HY000] [1049] Unknown database 'lan_classico1'
[2026-06-20 18:35:38] Error processing world lan_classico1: SQLSTATE[HY000] [1049] Unknown database 'lan_classico1'
[2026-06-20 18:36:38] [World lan_1] Recalculated bulk ranks in 0.002s.
[2026-06-20 18:36:47] Error processing world lan_classico1: SQLSTATE[HY000] [1049] Unknown database 'lan_classico1'
[2026-06-20 18:37:56] Error processing world lan_classico1: SQLSTATE[HY000] [1049] Unknown database 'lan_classico1'
[2026-06-20 18:39:04] Error processing world lan_classico1: SQLSTATE[HY000] [1049] Unknown database 'lan_classico1'
[2026-06-20 18:40:12] Error processing world lan_classico1: SQLSTATE[HY000] [1049] Unknown database 'lan_classico1'
[2026-06-20 18:41:21] Error processing world lan_classico1: SQLSTATE[HY000] [1049] Unknown database 'lan_classico1'
[2026-06-20 18:42:21] [World lan_1] Recalculated bulk ranks in 0.002s.
[2026-06-20 18:42:29] Error processing world lan_classico1: SQLSTATE[HY000] [1049] Unknown database 'lan_classico1'
[2026-06-20 18:43:38] Error processing world lan_classico1: SQLSTATE[HY000] [1049] Unknown database 'lan_classico1'
[2026-06-20 18:44:47] Error processing world lan_classico1: SQLSTATE[HY000] [1049] Unknown database 'lan_classico1'
[2026-06-20 18:45:56] Error processing world lan_classico1: SQLSTATE[HY000] [1049] Unknown database 'lan_classico1'
[2026-06-20 18:47:04] Error processing world lan_classico1: SQLSTATE[HY000] [1049] Unknown database 'lan_classico1'
[2026-06-20 18:48:04] [World lan_1] Recalculated bulk ranks in 0.002s.
[2026-06-20 18:48:13] Error processing world lan_classico1: SQLSTATE[HY000] [1049] Unknown database 'lan_classico1'
[2026-06-20 18:49:22] Error processing world lan_classico1: SQLSTATE[HY000] [1049] Unknown database 'lan_classico1'
[2026-06-20 18:50:31] Error processing world lan_classico1: SQLSTATE[HY000] [1049] Unknown database 'lan_classico1'
[2026-06-20 18:51:40] Error processing world lan_classico1: SQLSTATE[HY000] [1049] Unknown database 'lan_classico1'
[2026-06-20 18:52:49] Error processing world lan_classico1: SQLSTATE[HY000] [1049] Unknown database 'lan_classico1'
[2026-06-20 18:53:49] [World lan_1] Recalculated bulk ranks in 0.002s.
[2026-06-20 18:53:58] Error processing world lan_classico1: SQLSTATE[HY000] [1049] Unknown database 'lan_classico1'
[2026-06-20 18:55:06] Error processing world lan_classico1: SQLSTATE[HY000] [1049] Unknown database 'lan_classico1'
[2026-06-20 18:56:15] Error processing world lan_classico1: SQLSTATE[HY000] [1049] Unknown database 'lan_classico1'
[2026-06-20 18:57:23] Error processing world lan_classico1: SQLSTATE[HY000] [1049] Unknown database 'lan_classico1'
[2026-06-20 18:58:32] Error processing world lan_classico1: SQLSTATE[HY000] [1049] Unknown database 'lan_classico1'
[2026-06-20 18:59:32] [World lan_1] Recalculated bulk ranks in 0.002s.
[2026-06-20 18:59:41] Error processing world lan_classico1: SQLSTATE[HY000] [1049] Unknown database 'lan_classico1'
[2026-06-20 19:00:49] Error processing world lan_classico1: SQLSTATE[HY000] [1049] Unknown database 'lan_classico1'
[2026-06-20 19:01:58] Error processing world lan_classico1: SQLSTATE[HY000] [1049] Unknown database 'lan_classico1'
[2026-06-20 19:03:06] Error processing world lan_classico1: SQLSTATE[HY000] [1049] Unknown database 'lan_classico1'
[2026-06-20 19:04:15] Error processing world lan_classico1: SQLSTATE[HY000] [1049] Unknown database 'lan_classico1'
[2026-06-20 19:05:15] [World lan_1] Recalculated bulk ranks in 0.002s.
[2026-06-20 19:05:23] Error processing world lan_classico1: SQLSTATE[HY000] [1049] Unknown database 'lan_classico1'
[2026-06-20 19:06:32] Error processing world lan_classico1: SQLSTATE[HY000] [1049] Unknown database 'lan_classico1'
[2026-06-20 19:07:40] Error processing world lan_classico1: SQLSTATE[HY000] [1049] Unknown database 'lan_classico1'
[2026-06-20 19:08:48] Error processing world lan_classico1: SQLSTATE[HY000] [1049] Unknown database 'lan_classico1'
[2026-06-20 19:09:57] Error processing world lan_classico1: SQLSTATE[HY000] [1049] Unknown database 'lan_classico1'
[2026-06-20 19:10:57] [World lan_1] Recalculated bulk ranks in 0.003s.
[2026-06-20 19:11:05] Error processing world lan_classico1: SQLSTATE[HY000] [1049] Unknown database 'lan_classico1'
[2026-06-20 19:12:14] Error processing world lan_classico1: SQLSTATE[HY000] [1049] Unknown database 'lan_classico1'
[2026-06-20 19:13:22] Error processing world lan_classico1: SQLSTATE[HY000] [1049] Unknown database 'lan_classico1'
[2026-06-20 19:14:31] Error processing world lan_classico1: SQLSTATE[HY000] [1049] Unknown database 'lan_classico1'
[2026-06-20 19:15:39] Error processing world lan_classico1: SQLSTATE[HY000] [1049] Unknown database 'lan_classico1'
[2026-06-20 19:16:39] [World lan_1] Recalculated bulk ranks in 0.002s.
[2026-06-20 19:16:49] Error processing world lan_classico1: SQLSTATE[HY000] [1049] Unknown database 'lan_classico1'
[2026-06-20 19:17:55] Error processing world lan_classico1: SQLSTATE[HY000] [1049] Unknown database 'lan_classico1'
[2026-06-20 19:19:04] Error processing world lan_classico1: SQLSTATE[HY000] [1049] Unknown database 'lan_classico1'
[2026-06-20 19:20:12] Error processing world lan_classico1: SQLSTATE[HY000] [1049] Unknown database 'lan_classico1'
[2026-06-20 19:21:21] Error processing world lan_classico1: SQLSTATE[HY000] [1049] Unknown database 'lan_classico1'
[2026-06-20 19:22:21] [World lan_1] Recalculated bulk ranks in 0.003s.
[2026-06-20 19:22:29] Error processing world lan_classico1: SQLSTATE[HY000] [1049] Unknown database 'lan_classico1'
[2026-06-20 19:23:38] Error processing world lan_classico1: SQLSTATE[HY000] [1049] Unknown database 'lan_classico1'
[2026-06-20 19:24:48] Error processing world lan_classico1: SQLSTATE[HY000] [1049] Unknown database 'lan_classico1'
[2026-06-20 19:25:54] Error processing world lan_classico1: SQLSTATE[HY000] [1049] Unknown database 'lan_classico1'
[2026-06-20 19:27:03] Error processing world lan_classico1: SQLSTATE[HY000] [1049] Unknown database 'lan_classico1'
[2026-06-20 19:28:03] [World lan_1] Recalculated bulk ranks in 0.003s.
[2026-06-20 19:28:13] Error processing world lan_classico1: SQLSTATE[HY000] [1049] Unknown database 'lan_classico1'
[2026-06-20 19:29:23] Error processing world lan_classico1: SQLSTATE[HY000] [1049] Unknown database 'lan_classico1'
[2026-06-20 19:30:32] Error processing world lan_classico1: SQLSTATE[HY000] [1049] Unknown database 'lan_classico1'
[2026-06-20 19:31:40] Error processing world lan_classico1: SQLSTATE[HY000] [1049] Unknown database 'lan_classico1'
[2026-06-20 19:32:49] Error processing world lan_classico1: SQLSTATE[HY000] [1049] Unknown database 'lan_classico1'
[2026-06-20 19:33:49] [World lan_1] Recalculated bulk ranks in 0.004s.
[2026-06-20 19:33:58] Error processing world lan_classico1: SQLSTATE[HY000] [1049] Unknown database 'lan_classico1'
[2026-06-20 19:35:07] Error processing world lan_classico1: SQLSTATE[HY000] [1049] Unknown database 'lan_classico1'
[2026-06-20 19:36:16] Error processing world lan_classico1: SQLSTATE[HY000] [1049] Unknown database 'lan_classico1'
[2026-06-20 19:37:26] Error processing world lan_classico1: SQLSTATE[HY000] [1049] Unknown database 'lan_classico1'
[2026-06-20 19:38:35] Error processing world lan_classico1: SQLSTATE[HY000] [1049] Unknown database 'lan_classico1'
[2026-06-20 19:39:35] [World lan_1] Recalculated bulk ranks in 0.002s.
[2026-06-20 19:39:45] Error processing world lan_classico1: SQLSTATE[HY000] [1049] Unknown database 'lan_classico1'
[2026-06-20 19:40:53] Error processing world lan_classico1: SQLSTATE[HY000] [1049] Unknown database 'lan_classico1'
[2026-06-20 19:42:03] Error processing world lan_classico1: SQLSTATE[HY000] [1049] Unknown database 'lan_classico1'
[2026-06-20 19:43:12] Error processing world lan_classico1: SQLSTATE[HY000] [1049] Unknown database 'lan_classico1'
[2026-06-20 19:44:21] Error processing world lan_classico1: SQLSTATE[HY000] [1049] Unknown database 'lan_classico1'
[2026-06-20 19:45:21] [World lan_1] Recalculated bulk ranks in 0.002s.
[2026-06-20 19:45:30] Error processing world lan_classico1: SQLSTATE[HY000] [1049] Unknown database 'lan_classico1'
[2026-06-20 19:46:39] Error processing world lan_classico1: SQLSTATE[HY000] [1049] Unknown database 'lan_classico1'
[2026-06-20 19:47:49] Error processing world lan_classico1: SQLSTATE[HY000] [1049] Unknown database 'lan_classico1'
[2026-06-20 19:48:58] Error processing world lan_classico1: SQLSTATE[HY000] [1049] Unknown database 'lan_classico1'
[2026-06-20 19:50:06] Error processing world lan_classico1: SQLSTATE[HY000] [1049] Unknown database 'lan_classico1'
[2026-06-20 19:51:06] [World lan_1] Recalculated bulk ranks in 0.002s.
[2026-06-20 19:51:15] Error processing world lan_classico1: SQLSTATE[HY000] [1049] Unknown database 'lan_classico1'
[2026-06-20 19:52:23] Error processing world lan_classico1: SQLSTATE[HY000] [1049] Unknown database 'lan_classico1'
[2026-06-20 19:53:33] Error processing world lan_classico1: SQLSTATE[HY000] [1049] Unknown database 'lan_classico1'
[2026-06-20 19:54:39] Error processing world lan_classico1: SQLSTATE[HY000] [1049] Unknown database 'lan_classico1'
[2026-06-20 19:55:47] Error processing world lan_classico1: SQLSTATE[HY000] [1049] Unknown database 'lan_classico1'
[2026-06-20 19:56:47] [World lan_1] Recalculated bulk ranks in 0.002s.
[2026-06-20 19:56:56] Error processing world lan_classico1: SQLSTATE[HY000] [1049] Unknown database 'lan_classico1'
[2026-06-20 19:58:03] Error processing world lan_classico1: SQLSTATE[HY000] [1049] Unknown database 'lan_classico1'
[2026-06-20 19:59:11] Error processing world lan_classico1: SQLSTATE[HY000] [1049] Unknown database 'lan_classico1'
[2026-06-20 20:00:20] Error processing world lan_classico1: SQLSTATE[HY000] [1049] Unknown database 'lan_classico1'
[2026-06-20 20:01:28] Error processing world lan_classico1: SQLSTATE[HY000] [1049] Unknown database 'lan_classico1'
[2026-06-20 20:02:28] [World lan_1] Recalculated bulk ranks in 0.002s.
[2026-06-20 20:02:37] Error processing world lan_classico1: SQLSTATE[HY000] [1049] Unknown database 'lan_classico1'
[2026-06-20 20:03:37] Bot Daemon recycling (Iterated 100 times).
[2026-06-20 20:05:33] Bot Daemon started (PID: 25184).
[2026-06-20 20:05:33] [World lan_1] Recalculated bulk ranks in 0.003s.
[2026-06-20 20:05:41] Error processing world lan_classico1: SQLSTATE[HY000] [1049] Unknown database 'lan_classico1'
[2026-06-20 20:06:51] Error processing world lan_classico1: SQLSTATE[HY000] [1049] Unknown database 'lan_classico1'
[2026-06-20 20:07:59] Error processing world lan_classico1: SQLSTATE[HY000] [1049] Unknown database 'lan_classico1'
[2026-06-20 20:09:09] Error processing world lan_classico1: SQLSTATE[HY000] [1049] Unknown database 'lan_classico1'
[2026-06-20 20:10:09] [World lan_1] Recalculated bulk ranks in 0.002s.
[2026-06-20 20:10:18] Error processing world lan_classico1: SQLSTATE[HY000] [1049] Unknown database 'lan_classico1'
[2026-06-20 20:11:27] Error processing world lan_classico1: SQLSTATE[HY000] [1049] Unknown database 'lan_classico1'
[2026-06-20 20:12:36] Error processing world lan_classico1: SQLSTATE[HY000] [1049] Unknown database 'lan_classico1'
[2026-06-20 20:13:45] Error processing world lan_classico1: SQLSTATE[HY000] [1049] Unknown database 'lan_classico1'
[2026-06-20 20:14:55] Error processing world lan_classico1: SQLSTATE[HY000] [1049] Unknown database 'lan_classico1'
[2026-06-20 20:15:55] [World lan_1] Recalculated bulk ranks in 0.002s.
[2026-06-20 20:16:04] Error processing world lan_classico1: SQLSTATE[HY000] [1049] Unknown database 'lan_classico1'
[2026-06-20 20:17:12] Error processing world lan_classico1: SQLSTATE[HY000] [1049] Unknown database 'lan_classico1'
[2026-06-20 20:18:22] Error processing world lan_classico1: SQLSTATE[HY000] [1049] Unknown database 'lan_classico1'
[2026-06-20 20:19:31] Error processing world lan_classico1: SQLSTATE[HY000] [1049] Unknown database 'lan_classico1'
[2026-06-20 20:20:40] Error processing world lan_classico1: SQLSTATE[HY000] [1049] Unknown database 'lan_classico1'
[2026-06-20 20:21:40] [World lan_1] Recalculated bulk ranks in 0.003s.
[2026-06-20 20:21:48] Error processing world lan_classico1: SQLSTATE[HY000] [1049] Unknown database 'lan_classico1'
[2026-06-20 20:22:57] Error processing world lan_classico1: SQLSTATE[HY000] [1049] Unknown database 'lan_classico1'
[2026-06-20 20:24:06] Error processing world lan_classico1: SQLSTATE[HY000] [1049] Unknown database 'lan_classico1'
[2026-06-20 20:25:16] Error processing world lan_classico1: SQLSTATE[HY000] [1049] Unknown database 'lan_classico1'
[2026-06-20 20:26:25] Error processing world lan_classico1: SQLSTATE[HY000] [1049] Unknown database 'lan_classico1'
[2026-06-20 20:27:25] [World lan_1] Recalculated bulk ranks in 0.003s.
[2026-06-20 20:27:34] Error processing world lan_classico1: SQLSTATE[HY000] [1049] Unknown database 'lan_classico1'
[2026-06-20 20:28:43] Error processing world lan_classico1: SQLSTATE[HY000] [1049] Unknown database 'lan_classico1'
[2026-06-20 20:29:53] Error processing world lan_classico1: SQLSTATE[HY000] [1049] Unknown database 'lan_classico1'
[2026-06-20 20:31:01] Error processing world lan_classico1: SQLSTATE[HY000] [1049] Unknown database 'lan_classico1'
[2026-06-20 20:32:10] Error processing world lan_classico1: SQLSTATE[HY000] [1049] Unknown database 'lan_classico1'
[2026-06-20 20:33:10] [World lan_1] Recalculated bulk ranks in 0.003s.
[2026-06-20 20:33:18] Error processing world lan_classico1: SQLSTATE[HY000] [1049] Unknown database 'lan_classico1'
[2026-06-20 20:34:27] Error processing world lan_classico1: SQLSTATE[HY000] [1049] Unknown database 'lan_classico1'
[2026-06-20 20:35:35] Error processing world lan_classico1: SQLSTATE[HY000] [1049] Unknown database 'lan_classico1'
[2026-06-20 20:36:44] Error processing world lan_classico1: SQLSTATE[HY000] [1049] Unknown database 'lan_classico1'
[2026-06-20 20:37:52] Error processing world lan_classico1: SQLSTATE[HY000] [1049] Unknown database 'lan_classico1'
[2026-06-20 20:38:52] [World lan_1] Recalculated bulk ranks in 0.002s.
[2026-06-20 20:39:00] Error processing world lan_classico1: SQLSTATE[HY000] [1049] Unknown database 'lan_classico1'
[2026-06-20 20:40:09] Error processing world lan_classico1: SQLSTATE[HY000] [1049] Unknown database 'lan_classico1'
[2026-06-20 20:41:17] Error processing world lan_classico1: SQLSTATE[HY000] [1049] Unknown database 'lan_classico1'
[2026-06-20 20:42:26] Error processing world lan_classico1: SQLSTATE[HY000] [1049] Unknown database 'lan_classico1'
[2026-06-20 20:43:34] Error processing world lan_classico1: SQLSTATE[HY000] [1049] Unknown database 'lan_classico1'
[2026-06-20 20:44:34] [World lan_1] Recalculated bulk ranks in 0.002s.
[2026-06-20 20:44:43] Error processing world lan_classico1: SQLSTATE[HY000] [1049] Unknown database 'lan_classico1'
[2026-06-20 20:45:51] Error processing world lan_classico1: SQLSTATE[HY000] [1049] Unknown database 'lan_classico1'
[2026-06-20 20:46:59] Error processing world lan_classico1: SQLSTATE[HY000] [1049] Unknown database 'lan_classico1'
[2026-06-20 20:48:08] Error processing world lan_classico1: SQLSTATE[HY000] [1049] Unknown database 'lan_classico1'
[2026-06-20 20:49:16] Error processing world lan_classico1: SQLSTATE[HY000] [1049] Unknown database 'lan_classico1'
[2026-06-20 20:50:16] [World lan_1] Recalculated bulk ranks in 0.002s.
[2026-06-20 20:50:24] Error processing world lan_classico1: SQLSTATE[HY000] [1049] Unknown database 'lan_classico1'
[2026-06-20 20:51:33] Error processing world lan_classico1: SQLSTATE[HY000] [1049] Unknown database 'lan_classico1'
[2026-06-20 20:52:41] Error processing world lan_classico1: SQLSTATE[HY000] [1049] Unknown database 'lan_classico1'
[2026-06-20 20:53:50] Error processing world lan_classico1: SQLSTATE[HY000] [1049] Unknown database 'lan_classico1'
[2026-06-20 20:54:58] Error processing world lan_classico1: SQLSTATE[HY000] [1049] Unknown database 'lan_classico1'
[2026-06-20 20:55:58] [World lan_1] Recalculated bulk ranks in 0.002s.
[2026-06-20 20:56:06] Error processing world lan_classico1: SQLSTATE[HY000] [1049] Unknown database 'lan_classico1'
[2026-06-20 20:57:15] Error processing world lan_classico1: SQLSTATE[HY000] [1049] Unknown database 'lan_classico1'
[2026-06-20 20:58:23] Error processing world lan_classico1: SQLSTATE[HY000] [1049] Unknown database 'lan_classico1'
[2026-06-20 20:59:31] Error processing world lan_classico1: SQLSTATE[HY000] [1049] Unknown database 'lan_classico1'
[2026-06-20 21:00:40] Error processing world lan_classico1: SQLSTATE[HY000] [1049] Unknown database 'lan_classico1'
[2026-06-20 21:01:40] [World lan_1] Recalculated bulk ranks in 0.002s.
[2026-06-20 21:01:48] Error processing world lan_classico1: SQLSTATE[HY000] [1049] Unknown database 'lan_classico1'
[2026-06-20 21:02:57] Error processing world lan_classico1: SQLSTATE[HY000] [1049] Unknown database 'lan_classico1'
[2026-06-20 21:04:05] Error processing world lan_classico1: SQLSTATE[HY000] [1049] Unknown database 'lan_classico1'
[2026-06-20 21:05:13] Error processing world lan_classico1: SQLSTATE[HY000] [1049] Unknown database 'lan_classico1'
[2026-06-20 21:06:22] Error processing world lan_classico1: SQLSTATE[HY000] [1049] Unknown database 'lan_classico1'
[2026-06-20 21:07:22] [World lan_1] Recalculated bulk ranks in 0.002s.
[2026-06-20 21:07:30] Error processing world lan_classico1: SQLSTATE[HY000] [1049] Unknown database 'lan_classico1'
[2026-06-20 21:08:39] Error processing world lan_classico1: SQLSTATE[HY000] [1049] Unknown database 'lan_classico1'
[2026-06-20 21:09:47] Error processing world lan_classico1: SQLSTATE[HY000] [1049] Unknown database 'lan_classico1'
[2026-06-20 21:10:56] Error processing world lan_classico1: SQLSTATE[HY000] [1049] Unknown database 'lan_classico1'
[2026-06-20 21:12:04] Error processing world lan_classico1: SQLSTATE[HY000] [1049] Unknown database 'lan_classico1'
[2026-06-20 21:13:04] [World lan_1] Recalculated bulk ranks in 0.003s.
[2026-06-20 21:13:12] Error processing world lan_classico1: SQLSTATE[HY000] [1049] Unknown database 'lan_classico1'
[2026-06-20 21:14:21] Error processing world lan_classico1: SQLSTATE[HY000] [1049] Unknown database 'lan_classico1'
[2026-06-20 21:15:29] Error processing world lan_classico1: SQLSTATE[HY000] [1049] Unknown database 'lan_classico1'
[2026-06-20 21:16:38] Error processing world lan_classico1: SQLSTATE[HY000] [1049] Unknown database 'lan_classico1'
[2026-06-20 21:17:47] Error processing world lan_classico1: SQLSTATE[HY000] [1049] Unknown database 'lan_classico1'
[2026-06-20 21:18:47] [World lan_1] Recalculated bulk ranks in 0.002s.
[2026-06-20 21:18:55] Error processing world lan_classico1: SQLSTATE[HY000] [1049] Unknown database 'lan_classico1'
[2026-06-20 21:20:04] Error processing world lan_classico1: SQLSTATE[HY000] [1049] Unknown database 'lan_classico1'
[2026-06-20 21:21:12] Error processing world lan_classico1: SQLSTATE[HY000] [1049] Unknown database 'lan_classico1'
[2026-06-20 21:22:21] Error processing world lan_classico1: SQLSTATE[HY000] [1049] Unknown database 'lan_classico1'
[2026-06-20 21:23:29] Error processing world lan_classico1: SQLSTATE[HY000] [1049] Unknown database 'lan_classico1'
[2026-06-20 21:24:29] [World lan_1] Recalculated bulk ranks in 0.003s.
[2026-06-20 21:24:38] Error processing world lan_classico1: SQLSTATE[HY000] [1049] Unknown database 'lan_classico1'
[2026-06-20 21:25:46] Error processing world lan_classico1: SQLSTATE[HY000] [1049] Unknown database 'lan_classico1'
[2026-06-20 21:26:55] Error processing world lan_classico1: SQLSTATE[HY000] [1049] Unknown database 'lan_classico1'
[2026-06-20 21:28:03] Error processing world lan_classico1: SQLSTATE[HY000] [1049] Unknown database 'lan_classico1'
[2026-06-20 21:29:12] Error processing world lan_classico1: SQLSTATE[HY000] [1049] Unknown database 'lan_classico1'
[2026-06-20 21:30:12] [World lan_1] Recalculated bulk ranks in 0.002s.
[2026-06-20 21:30:20] Error processing world lan_classico1: SQLSTATE[HY000] [1049] Unknown database 'lan_classico1'
[2026-06-20 21:31:29] Error processing world lan_classico1: SQLSTATE[HY000] [1049] Unknown database 'lan_classico1'
[2026-06-20 21:32:37] Error processing world lan_classico1: SQLSTATE[HY000] [1049] Unknown database 'lan_classico1'
[2026-06-20 21:33:46] Error processing world lan_classico1: SQLSTATE[HY000] [1049] Unknown database 'lan_classico1'
[2026-06-20 21:34:55] Error processing world lan_classico1: SQLSTATE[HY000] [1049] Unknown database 'lan_classico1'
[2026-06-20 21:35:55] [World lan_1] Recalculated bulk ranks in 0.002s.
[2026-06-20 21:36:03] Error processing world lan_classico1: SQLSTATE[HY000] [1049] Unknown database 'lan_classico1'
[2026-06-20 21:37:11] Error processing world lan_classico1: SQLSTATE[HY000] [1049] Unknown database 'lan_classico1'
[2026-06-20 21:38:20] Error processing world lan_classico1: SQLSTATE[HY000] [1049] Unknown database 'lan_classico1'
[2026-06-20 21:39:28] Error processing world lan_classico1: SQLSTATE[HY000] [1049] Unknown database 'lan_classico1'
[2026-06-20 21:40:37] Error processing world lan_classico1: SQLSTATE[HY000] [1049] Unknown database 'lan_classico1'
[2026-06-20 21:41:37] [World lan_1] Recalculated bulk ranks in 0.002s.
[2026-06-20 21:41:46] Error processing world lan_classico1: SQLSTATE[HY000] [1049] Unknown database 'lan_classico1'
[2026-06-20 21:42:54] Error processing world lan_classico1: SQLSTATE[HY000] [1049] Unknown database 'lan_classico1'
[2026-06-20 21:44:03] Error processing world lan_classico1: SQLSTATE[HY000] [1049] Unknown database 'lan_classico1'
[2026-06-20 21:45:11] Error processing world lan_classico1: SQLSTATE[HY000] [1049] Unknown database 'lan_classico1'
[2026-06-20 21:46:19] Error processing world lan_classico1: SQLSTATE[HY000] [1049] Unknown database 'lan_classico1'
[2026-06-20 21:47:19] [World lan_1] Recalculated bulk ranks in 0.002s.
[2026-06-20 21:47:28] Error processing world lan_classico1: SQLSTATE[HY000] [1049] Unknown database 'lan_classico1'
[2026-06-20 21:48:36] Error processing world lan_classico1: SQLSTATE[HY000] [1049] Unknown database 'lan_classico1'
[2026-06-20 21:49:45] Error processing world lan_classico1: SQLSTATE[HY000] [1049] Unknown database 'lan_classico1'
[2026-06-20 21:50:53] Error processing world lan_classico1: SQLSTATE[HY000] [1049] Unknown database 'lan_classico1'
[2026-06-20 21:52:02] Error processing world lan_classico1: SQLSTATE[HY000] [1049] Unknown database 'lan_classico1'
[2026-06-20 21:53:02] [World lan_1] Recalculated bulk ranks in 0.002s.
[2026-06-20 21:53:10] Error processing world lan_classico1: SQLSTATE[HY000] [1049] Unknown database 'lan_classico1'
[2026-06-20 21:54:19] Error processing world lan_classico1: SQLSTATE[HY000] [1049] Unknown database 'lan_classico1'
[2026-06-20 21:55:27] Error processing world lan_classico1: SQLSTATE[HY000] [1049] Unknown database 'lan_classico1'
[2026-06-20 21:56:36] Error processing world lan_classico1: SQLSTATE[HY000] [1049] Unknown database 'lan_classico1'
[2026-06-20 21:57:45] Error processing world lan_classico1: SQLSTATE[HY000] [1049] Unknown database 'lan_classico1'
[2026-06-20 21:58:45] [World lan_1] Recalculated bulk ranks in 0.003s.
[2026-06-20 21:58:53] Error processing world lan_classico1: SQLSTATE[HY000] [1049] Unknown database 'lan_classico1'
[2026-06-20 21:59:53] Bot Daemon recycling (Iterated 100 times).
[2026-06-21 09:44:11] Bot Daemon started (PID: 27556).
[2026-06-21 09:44:11] [World lan_1] Recalculated bulk ranks in 0.004s.
[2026-06-21 09:44:19] Error processing world lan_classico1: SQLSTATE[HY000] [1049] Unknown database 'lan_classico1'
[2026-06-21 09:45:28] Error processing world lan_classico1: SQLSTATE[HY000] [1049] Unknown database 'lan_classico1'
[2026-06-21 09:46:38] Error processing world lan_classico1: SQLSTATE[HY000] [1049] Unknown database 'lan_classico1'
[2026-06-21 09:47:48] Error processing world lan_classico1: SQLSTATE[HY000] [1049] Unknown database 'lan_classico1'
[2026-06-21 09:48:48] [World lan_1] Recalculated bulk ranks in 0.003s.
[2026-06-21 09:48:57] Error processing world lan_classico1: SQLSTATE[HY000] [1049] Unknown database 'lan_classico1'
[2026-06-21 09:50:06] Error processing world lan_classico1: SQLSTATE[HY000] [1049] Unknown database 'lan_classico1'
[2026-06-21 09:51:15] Error processing world lan_classico1: SQLSTATE[HY000] [1049] Unknown database 'lan_classico1'
[2026-06-21 09:52:24] Error processing world lan_classico1: SQLSTATE[HY000] [1049] Unknown database 'lan_classico1'
[2026-06-21 09:53:33] Error processing world lan_classico1: SQLSTATE[HY000] [1049] Unknown database 'lan_classico1'
[2026-06-21 09:54:33] [World lan_1] Recalculated bulk ranks in 0.003s.
[2026-06-21 09:54:44] Error processing world lan_classico1: SQLSTATE[HY000] [1049] Unknown database 'lan_classico1'
[2026-06-21 09:55:53] Error processing world lan_classico1: SQLSTATE[HY000] [1049] Unknown database 'lan_classico1'
[2026-06-21 09:57:04] Error processing world lan_classico1: SQLSTATE[HY000] [1049] Unknown database 'lan_classico1'
[2026-06-21 09:58:13] Error processing world lan_classico1: SQLSTATE[HY000] [1049] Unknown database 'lan_classico1'
[2026-06-21 09:59:23] Error processing world lan_classico1: SQLSTATE[HY000] [1049] Unknown database 'lan_classico1'
[2026-06-21 10:00:23] [World lan_1] Recalculated bulk ranks in 0.002s.
[2026-06-21 10:00:39] Error processing world lan_classico1: SQLSTATE[HY000] [1049] Unknown database 'lan_classico1'
[2026-06-21 10:01:55] Error processing world lan_classico1: SQLSTATE[HY000] [1049] Unknown database 'lan_classico1'
[2026-06-21 10:03:06] Error processing world lan_classico1: SQLSTATE[HY000] [1049] Unknown database 'lan_classico1'
[2026-06-21 10:04:16] Error processing world lan_classico1: SQLSTATE[HY000] [1049] Unknown database 'lan_classico1'
[2026-06-21 10:05:28] Error processing world lan_classico1: SQLSTATE[HY000] [1049] Unknown database 'lan_classico1'
[2026-06-21 10:06:28] [World lan_1] Recalculated bulk ranks in 0.002s.
[2026-06-21 10:06:38] Error processing world lan_classico1: SQLSTATE[HY000] [1049] Unknown database 'lan_classico1'
[2026-06-21 10:07:53] Error processing world lan_classico1: SQLSTATE[HY000] [1049] Unknown database 'lan_classico1'
[2026-06-21 10:09:02] Error processing world lan_classico1: SQLSTATE[HY000] [1049] Unknown database 'lan_classico1'
[2026-06-21 10:10:11] Error processing world lan_classico1: SQLSTATE[HY000] [1049] Unknown database 'lan_classico1'
[2026-06-21 10:11:20] Error processing world lan_classico1: SQLSTATE[HY000] [1049] Unknown database 'lan_classico1'
[2026-06-21 10:12:20] [World lan_1] Recalculated bulk ranks in 0.002s.
[2026-06-21 10:12:32] Error processing world lan_classico1: SQLSTATE[HY000] [1049] Unknown database 'lan_classico1'
[2026-06-21 10:13:42] Error processing world lan_classico1: SQLSTATE[HY000] [1049] Unknown database 'lan_classico1'
[2026-06-21 10:14:52] Error processing world lan_classico1: SQLSTATE[HY000] [1049] Unknown database 'lan_classico1'
[2026-06-21 10:16:02] Error processing world lan_classico1: SQLSTATE[HY000] [1049] Unknown database 'lan_classico1'
[2026-06-21 10:17:12] Error processing world lan_classico1: SQLSTATE[HY000] [1049] Unknown database 'lan_classico1'
[2026-06-21 10:18:12] [World lan_1] Recalculated bulk ranks in 0.003s.
[2026-06-21 10:18:20] Error processing world lan_classico1: SQLSTATE[HY000] [1049] Unknown database 'lan_classico1'
[2026-06-21 10:19:29] Error processing world lan_classico1: SQLSTATE[HY000] [1049] Unknown database 'lan_classico1'
[2026-06-21 10:20:40] Error processing world lan_classico1: SQLSTATE[HY000] [1049] Unknown database 'lan_classico1'
[2026-06-21 10:21:49] Error processing world lan_classico1: SQLSTATE[HY000] [1049] Unknown database 'lan_classico1'
[2026-06-21 10:22:59] Error processing world lan_classico1: SQLSTATE[HY000] [1049] Unknown database 'lan_classico1'
[2026-06-21 10:23:59] [World lan_1] Recalculated bulk ranks in 0.002s.
[2026-06-21 10:24:08] Error processing world lan_classico1: SQLSTATE[HY000] [1049] Unknown database 'lan_classico1'
[2026-06-21 10:25:17] Error processing world lan_classico1: SQLSTATE[HY000] [1049] Unknown database 'lan_classico1'
[2026-06-21 10:26:26] Error processing world lan_classico1: SQLSTATE[HY000] [1049] Unknown database 'lan_classico1'
[2026-06-21 10:27:37] Error processing world lan_classico1: SQLSTATE[HY000] [1049] Unknown database 'lan_classico1'
[2026-06-21 10:28:45] Error processing world lan_classico1: SQLSTATE[HY000] [1049] Unknown database 'lan_classico1'
[2026-06-21 10:29:45] [World lan_1] Recalculated bulk ranks in 0.002s.
[2026-06-21 10:29:54] Error processing world lan_classico1: SQLSTATE[HY000] [1049] Unknown database 'lan_classico1'
[2026-06-21 10:31:03] Error processing world lan_classico1: SQLSTATE[HY000] [1049] Unknown database 'lan_classico1'
[2026-06-21 10:32:12] Error processing world lan_classico1: SQLSTATE[HY000] [1049] Unknown database 'lan_classico1'
[2026-06-21 10:33:22] Error processing world lan_classico1: SQLSTATE[HY000] [1049] Unknown database 'lan_classico1'
[2026-06-21 10:34:31] Error processing world lan_classico1: SQLSTATE[HY000] [1049] Unknown database 'lan_classico1'
[2026-06-21 10:35:31] [World lan_1] Recalculated bulk ranks in 0.002s.
[2026-06-21 10:35:41] Error processing world lan_classico1: SQLSTATE[HY000] [1049] Unknown database 'lan_classico1'
[2026-06-21 10:36:53] Error processing world lan_classico1: SQLSTATE[HY000] [1049] Unknown database 'lan_classico1'
[2026-06-21 10:38:03] Error processing world lan_classico1: SQLSTATE[HY000] [1049] Unknown database 'lan_classico1'
[2026-06-21 10:39:13] Error processing world lan_classico1: SQLSTATE[HY000] [1049] Unknown database 'lan_classico1'
[2026-06-21 10:40:21] Error processing world lan_classico1: SQLSTATE[HY000] [1049] Unknown database 'lan_classico1'
[2026-06-21 10:41:21] [World lan_1] Recalculated bulk ranks in 0.002s.
[2026-06-21 10:41:30] Error processing world lan_classico1: SQLSTATE[HY000] [1049] Unknown database 'lan_classico1'
[2026-06-21 10:42:41] Error processing world lan_classico1: SQLSTATE[HY000] [1049] Unknown database 'lan_classico1'
[2026-06-21 10:43:49] Error processing world lan_classico1: SQLSTATE[HY000] [1049] Unknown database 'lan_classico1'
[2026-06-21 10:44:59] Error processing world lan_classico1: SQLSTATE[HY000] [1049] Unknown database 'lan_classico1'
[2026-06-21 10:46:12] Error processing world lan_classico1: SQLSTATE[HY000] [1049] Unknown database 'lan_classico1'
[2026-06-21 10:47:12] [World lan_1] Recalculated bulk ranks in 0.003s.
[2026-06-21 10:47:20] Error processing world lan_classico1: SQLSTATE[HY000] [1049] Unknown database 'lan_classico1'
[2026-06-21 10:48:28] Error processing world lan_classico1: SQLSTATE[HY000] [1049] Unknown database 'lan_classico1'
[2026-06-21 10:49:37] Error processing world lan_classico1: SQLSTATE[HY000] [1049] Unknown database 'lan_classico1'
[2026-06-21 10:50:46] Error processing world lan_classico1: SQLSTATE[HY000] [1049] Unknown database 'lan_classico1'
[2026-06-21 10:51:55] Error processing world lan_classico1: SQLSTATE[HY000] [1049] Unknown database 'lan_classico1'
[2026-06-21 10:52:55] [World lan_1] Recalculated bulk ranks in 0.003s.
[2026-06-21 10:53:05] Error processing world lan_classico1: SQLSTATE[HY000] [1049] Unknown database 'lan_classico1'
[2026-06-21 10:54:19] Error processing world lan_classico1: SQLSTATE[HY000] [1049] Unknown database 'lan_classico1'
[2026-06-21 10:55:29] Error processing world lan_classico1: SQLSTATE[HY000] [1049] Unknown database 'lan_classico1'
[2026-06-21 10:56:38] Error processing world lan_classico1: SQLSTATE[HY000] [1049] Unknown database 'lan_classico1'
[2026-06-21 10:57:48] Error processing world lan_classico1: SQLSTATE[HY000] [1049] Unknown database 'lan_classico1'
[2026-06-21 10:58:48] [World lan_1] Recalculated bulk ranks in 0.002s.
[2026-06-21 10:58:58] Error processing world lan_classico1: SQLSTATE[HY000] [1049] Unknown database 'lan_classico1'
[2026-06-21 11:00:07] Error processing world lan_classico1: SQLSTATE[HY000] [1049] Unknown database 'lan_classico1'
[2026-06-21 11:01:16] Error processing world lan_classico1: SQLSTATE[HY000] [1049] Unknown database 'lan_classico1'
[2026-06-21 11:02:25] Error processing world lan_classico1: SQLSTATE[HY000] [1049] Unknown database 'lan_classico1'
[2026-06-21 11:03:34] Error processing world lan_classico1: SQLSTATE[HY000] [1049] Unknown database 'lan_classico1'
[2026-06-21 11:04:34] [World lan_1] Recalculated bulk ranks in 0.002s.
[2026-06-21 11:04:44] Error processing world lan_classico1: SQLSTATE[HY000] [1049] Unknown database 'lan_classico1'
[2026-06-21 11:05:53] Error processing world lan_classico1: SQLSTATE[HY000] [1049] Unknown database 'lan_classico1'
[2026-06-21 11:07:02] Error processing world lan_classico1: SQLSTATE[HY000] [1049] Unknown database 'lan_classico1'
[2026-06-21 11:08:13] Error processing world lan_classico1: SQLSTATE[HY000] [1049] Unknown database 'lan_classico1'
[2026-06-21 11:09:28] Error processing world lan_classico1: SQLSTATE[HY000] [1049] Unknown database 'lan_classico1'
[2026-06-21 11:10:28] [World lan_1] Recalculated bulk ranks in 0.002s.
[2026-06-21 11:10:39] Error processing world lan_classico1: SQLSTATE[HY000] [1049] Unknown database 'lan_classico1'
[2026-06-21 11:11:48] Error processing world lan_classico1: SQLSTATE[HY000] [1049] Unknown database 'lan_classico1'
[2026-06-21 11:12:57] Error processing world lan_classico1: SQLSTATE[HY000] [1049] Unknown database 'lan_classico1'
[2026-06-21 11:14:06] Error processing world lan_classico1: SQLSTATE[HY000] [1049] Unknown database 'lan_classico1'
[2026-06-21 11:15:14] Error processing world lan_classico1: SQLSTATE[HY000] [1049] Unknown database 'lan_classico1'
[2026-06-21 11:16:15] [World lan_1] Recalculated bulk ranks in 0.002s.
[2026-06-21 11:16:23] Error processing world lan_classico1: SQLSTATE[HY000] [1049] Unknown database 'lan_classico1'
[2026-06-21 11:17:31] Error processing world lan_classico1: SQLSTATE[HY000] [1049] Unknown database 'lan_classico1'
[2026-06-21 11:18:40] Error processing world lan_classico1: SQLSTATE[HY000] [1049] Unknown database 'lan_classico1'
[2026-06-21 11:19:48] Error processing world lan_classico1: SQLSTATE[HY000] [1049] Unknown database 'lan_classico1'
[2026-06-21 11:20:56] Error processing world lan_classico1: SQLSTATE[HY000] [1049] Unknown database 'lan_classico1'
[2026-06-21 11:21:56] [World lan_1] Recalculated bulk ranks in 0.002s.
[2026-06-21 11:22:04] Error processing world lan_classico1: SQLSTATE[HY000] [1049] Unknown database 'lan_classico1'
[2026-06-21 11:23:13] Error processing world lan_classico1: SQLSTATE[HY000] [1049] Unknown database 'lan_classico1'
[2026-06-21 11:24:21] Error processing world lan_classico1: SQLSTATE[HY000] [1049] Unknown database 'lan_classico1'
[2026-06-21 11:25:29] Error processing world lan_classico1: SQLSTATE[HY000] [1049] Unknown database 'lan_classico1'
[2026-06-21 11:26:38] Error processing world lan_classico1: SQLSTATE[HY000] [1049] Unknown database 'lan_classico1'
[2026-06-21 11:27:38] [World lan_1] Recalculated bulk ranks in 0.002s.
[2026-06-21 11:27:46] Error processing world lan_classico1: SQLSTATE[HY000] [1049] Unknown database 'lan_classico1'
[2026-06-21 11:28:55] Error processing world lan_classico1: SQLSTATE[HY000] [1049] Unknown database 'lan_classico1'
[2026-06-21 11:30:03] Error processing world lan_classico1: SQLSTATE[HY000] [1049] Unknown database 'lan_classico1'
[2026-06-21 11:31:11] Error processing world lan_classico1: SQLSTATE[HY000] [1049] Unknown database 'lan_classico1'
[2026-06-21 11:32:19] Error processing world lan_classico1: SQLSTATE[HY000] [1049] Unknown database 'lan_classico1'
[2026-06-21 11:33:20] [World lan_1] Recalculated bulk ranks in 0.003s.
[2026-06-21 11:33:28] Error processing world lan_classico1: SQLSTATE[HY000] [1049] Unknown database 'lan_classico1'
[2026-06-21 11:34:36] Error processing world lan_classico1: SQLSTATE[HY000] [1049] Unknown database 'lan_classico1'
[2026-06-21 11:35:44] Error processing world lan_classico1: SQLSTATE[HY000] [1049] Unknown database 'lan_classico1'
[2026-06-21 11:36:53] Error processing world lan_classico1: SQLSTATE[HY000] [1049] Unknown database 'lan_classico1'
[2026-06-21 11:38:01] Error processing world lan_classico1: SQLSTATE[HY000] [1049] Unknown database 'lan_classico1'
[2026-06-21 11:39:01] [World lan_1] Recalculated bulk ranks in 0.002s.
[2026-06-21 11:39:09] Error processing world lan_classico1: SQLSTATE[HY000] [1049] Unknown database 'lan_classico1'
[2026-06-21 11:40:09] Bot Daemon recycling (Iterated 100 times).
[2026-06-21 14:47:07] Bot Daemon started (PID: 26376).
[2026-06-21 14:47:07] [World lan_1] Recalculated bulk ranks in 0.006s.
[2026-06-21 14:47:25] Error processing world lan_classico1: SQLSTATE[HY000] [1049] Unknown database 'lan_classico1'
[2026-06-21 14:48:35] Error processing world lan_classico1: SQLSTATE[HY000] [1049] Unknown database 'lan_classico1'
[2026-06-21 14:49:44] Error processing world lan_classico1: SQLSTATE[HY000] [1049] Unknown database 'lan_classico1'
[2026-06-21 14:50:54] Error processing world lan_classico1: SQLSTATE[HY000] [1049] Unknown database 'lan_classico1'
[2026-06-21 14:51:54] [World lan_1] Recalculated bulk ranks in 0.002s.
[2026-06-21 14:52:03] Error processing world lan_classico1: SQLSTATE[HY000] [1049] Unknown database 'lan_classico1'
[2026-06-21 14:53:13] Error processing world lan_classico1: SQLSTATE[HY000] [1049] Unknown database 'lan_classico1'
[2026-06-21 14:54:23] Error processing world lan_classico1: SQLSTATE[HY000] [1049] Unknown database 'lan_classico1'
[2026-06-21 14:55:32] Error processing world lan_classico1: SQLSTATE[HY000] [1049] Unknown database 'lan_classico1'
[2026-06-21 14:56:42] Error processing world lan_classico1: SQLSTATE[HY000] [1049] Unknown database 'lan_classico1'
[2026-06-21 14:57:42] [World lan_1] Recalculated bulk ranks in 0.002s.
[2026-06-21 14:57:52] Error processing world lan_classico1: SQLSTATE[HY000] [1049] Unknown database 'lan_classico1'
[2026-06-21 14:59:01] Error processing world lan_classico1: SQLSTATE[HY000] [1049] Unknown database 'lan_classico1'
[2026-06-21 15:00:11] Error processing world lan_classico1: SQLSTATE[HY000] [1049] Unknown database 'lan_classico1'
[2026-06-21 15:01:19] Error processing world lan_classico1: SQLSTATE[HY000] [1049] Unknown database 'lan_classico1'
[2026-06-21 15:02:29] Error processing world lan_classico1: SQLSTATE[HY000] [1049] Unknown database 'lan_classico1'
[2026-06-21 15:03:29] [World lan_1] Recalculated bulk ranks in 0.002s.
[2026-06-21 15:03:37] Error processing world lan_classico1: SQLSTATE[HY000] [1049] Unknown database 'lan_classico1'
[2026-06-21 15:04:48] Error processing world lan_classico1: SQLSTATE[HY000] [1049] Unknown database 'lan_classico1'
[2026-06-21 15:05:58] Error processing world lan_classico1: SQLSTATE[HY000] [1049] Unknown database 'lan_classico1'
[2026-06-21 15:07:06] Error processing world lan_classico1: SQLSTATE[HY000] [1049] Unknown database 'lan_classico1'
[2026-06-21 15:08:15] Error processing world lan_classico1: SQLSTATE[HY000] [1049] Unknown database 'lan_classico1'
[2026-06-21 15:09:15] [World lan_1] Recalculated bulk ranks in 0.003s.
[2026-06-21 15:09:24] Error processing world lan_classico1: SQLSTATE[HY000] [1049] Unknown database 'lan_classico1'
[2026-06-21 15:10:32] Error processing world lan_classico1: SQLSTATE[HY000] [1049] Unknown database 'lan_classico1'
[2026-06-21 15:11:42] Error processing world lan_classico1: SQLSTATE[HY000] [1049] Unknown database 'lan_classico1'
[2026-06-21 15:12:51] Error processing world lan_classico1: SQLSTATE[HY000] [1049] Unknown database 'lan_classico1'
[2026-06-21 15:14:00] Error processing world lan_classico1: SQLSTATE[HY000] [1049] Unknown database 'lan_classico1'
[2026-06-21 15:15:00] [World lan_1] Recalculated bulk ranks in 0.002s.
[2026-06-21 15:15:08] Error processing world lan_classico1: SQLSTATE[HY000] [1049] Unknown database 'lan_classico1'
[2026-06-21 15:16:17] Error processing world lan_classico1: SQLSTATE[HY000] [1049] Unknown database 'lan_classico1'
[2026-06-21 15:17:25] Error processing world lan_classico1: SQLSTATE[HY000] [1049] Unknown database 'lan_classico1'
[2026-06-21 15:18:33] Error processing world lan_classico1: SQLSTATE[HY000] [1049] Unknown database 'lan_classico1'
[2026-06-21 15:19:42] Error processing world lan_classico1: SQLSTATE[HY000] [1049] Unknown database 'lan_classico1'
[2026-06-21 15:20:42] [World lan_1] Recalculated bulk ranks in 0.002s.
[2026-06-21 15:20:50] Error processing world lan_classico1: SQLSTATE[HY000] [1049] Unknown database 'lan_classico1'
[2026-06-21 15:21:59] Error processing world lan_classico1: SQLSTATE[HY000] [1049] Unknown database 'lan_classico1'
[2026-06-21 15:23:41] Error processing world lan_classico1: SQLSTATE[HY000] [1049] Unknown database 'lan_classico1'
[2026-06-21 15:24:48] Error processing world lan_classico1: SQLSTATE[HY000] [1049] Unknown database 'lan_classico1'
[2026-06-21 15:25:56] Error processing world lan_classico1: SQLSTATE[HY000] [1049] Unknown database 'lan_classico1'
[2026-06-21 15:26:56] [World lan_1] Recalculated bulk ranks in 0.003s.
[2026-06-21 15:27:07] Error processing world lan_classico1: SQLSTATE[HY000] [1049] Unknown database 'lan_classico1'
[2026-06-21 15:28:16] Error processing world lan_classico1: SQLSTATE[HY000] [1049] Unknown database 'lan_classico1'
[2026-06-21 15:29:25] Error processing world lan_classico1: SQLSTATE[HY000] [1049] Unknown database 'lan_classico1'
[2026-06-21 15:30:34] Error processing world lan_classico1: SQLSTATE[HY000] [1049] Unknown database 'lan_classico1'
[2026-06-21 15:31:45] Error processing world lan_classico1: SQLSTATE[HY000] [1049] Unknown database 'lan_classico1'
[2026-06-21 15:32:45] [World lan_1] Recalculated bulk ranks in 0.002s.
[2026-06-21 15:32:54] Error processing world lan_classico1: SQLSTATE[HY000] [1049] Unknown database 'lan_classico1'
[2026-06-21 15:34:03] Error processing world lan_classico1: SQLSTATE[HY000] [1049] Unknown database 'lan_classico1'
[2026-06-21 15:35:12] Error processing world lan_classico1: SQLSTATE[HY000] [1049] Unknown database 'lan_classico1'
[2026-06-21 15:36:20] Error processing world lan_classico1: SQLSTATE[HY000] [1049] Unknown database 'lan_classico1'
[2026-06-21 15:37:29] Error processing world lan_classico1: SQLSTATE[HY000] [1049] Unknown database 'lan_classico1'
[2026-06-21 15:38:29] [World lan_1] Recalculated bulk ranks in 0.002s.
[2026-06-21 15:38:37] Error processing world lan_classico1: SQLSTATE[HY000] [1049] Unknown database 'lan_classico1'
[2026-06-21 15:39:46] Error processing world lan_classico1: SQLSTATE[HY000] [1049] Unknown database 'lan_classico1'
[2026-06-21 15:40:56] Error processing world lan_classico1: SQLSTATE[HY000] [1049] Unknown database 'lan_classico1'
[2026-06-21 15:42:04] Error processing world lan_classico1: SQLSTATE[HY000] [1049] Unknown database 'lan_classico1'
[2026-06-21 15:43:14] Error processing world lan_classico1: SQLSTATE[HY000] [1049] Unknown database 'lan_classico1'
[2026-06-21 15:44:14] [World lan_1] Recalculated bulk ranks in 0.002s.
[2026-06-21 15:44:23] Error processing world lan_classico1: SQLSTATE[HY000] [1049] Unknown database 'lan_classico1'
[2026-06-21 15:45:31] Error processing world lan_classico1: SQLSTATE[HY000] [1049] Unknown database 'lan_classico1'
[2026-06-21 15:46:41] Error processing world lan_classico1: SQLSTATE[HY000] [1049] Unknown database 'lan_classico1'
[2026-06-21 15:47:49] Error processing world lan_classico1: SQLSTATE[HY000] [1049] Unknown database 'lan_classico1'
[2026-06-21 15:48:57] Error processing world lan_classico1: SQLSTATE[HY000] [1049] Unknown database 'lan_classico1'
[2026-06-21 15:49:57] [World lan_1] Recalculated bulk ranks in 0.002s.
[2026-06-21 15:50:06] Error processing world lan_classico1: SQLSTATE[HY000] [1049] Unknown database 'lan_classico1'
[2026-06-21 15:51:15] Error processing world lan_classico1: SQLSTATE[HY000] [1049] Unknown database 'lan_classico1'
[2026-06-21 15:52:23] Error processing world lan_classico1: SQLSTATE[HY000] [1049] Unknown database 'lan_classico1'
[2026-06-21 15:53:32] Error processing world lan_classico1: SQLSTATE[HY000] [1049] Unknown database 'lan_classico1'
[2026-06-21 15:54:41] Error processing world lan_classico1: SQLSTATE[HY000] [1049] Unknown database 'lan_classico1'
[2026-06-21 15:55:41] Error processing world lan_1: SQLSTATE[HY000]: General error: 2006 MySQL server has gone away
[2026-06-21 15:55:45] Error processing world lan_classico1: SQLSTATE[HY000] [2002] Nenhuma ligação pôde ser feita porque o computador de destino
as recusou ativamente
[2026-06-21 15:56:45] Error processing world lan_1: SQLSTATE[HY000]: General error: 2006 MySQL server has gone away
[2026-06-21 15:56:49] Error processing world lan_classico1: SQLSTATE[HY000] [2002] Nenhuma ligação pôde ser feita porque o computador de destino
as recusou ativamente
[2026-06-21 15:57:49] Error processing world lan_1: SQLSTATE[HY000]: General error: 2006 MySQL server has gone away
[2026-06-21 15:57:53] Error processing world lan_classico1: SQLSTATE[HY000] [2002] Nenhuma ligação pôde ser feita porque o computador de destino
as recusou ativamente
[2026-06-21 15:58:53] Error processing world lan_1: SQLSTATE[HY000]: General error: 2006 MySQL server has gone away
[2026-06-21 15:58:57] Error processing world lan_classico1: SQLSTATE[HY000] [2002] Nenhuma ligação pôde ser feita porque o computador de destino
as recusou ativamente
[2026-06-21 15:59:57] Error processing world lan_1: SQLSTATE[HY000]: General error: 2006 MySQL server has gone away
[2026-06-21 15:59:57] Error processing world lan_classico1: SQLSTATE[HY000] [1049] Unknown database 'lan_classico1'
[2026-06-21 16:00:57] Error processing world lan_1: SQLSTATE[HY000]: General error: 2006 MySQL server has gone away
[2026-06-21 16:00:57] Error processing world lan_classico1: SQLSTATE[HY000] [1049] Unknown database 'lan_classico1'
[2026-06-21 16:01:57] Error processing world lan_1: SQLSTATE[HY000]: General error: 2006 MySQL server has gone away
[2026-06-21 16:01:57] Error processing world lan_classico1: SQLSTATE[HY000] [1049] Unknown database 'lan_classico1'
[2026-06-21 16:02:57] Error processing world lan_1: SQLSTATE[HY000]: General error: 2006 MySQL server has gone away
[2026-06-21 16:02:57] Error processing world lan_classico1: SQLSTATE[HY000] [1049] Unknown database 'lan_classico1'
[2026-06-21 16:03:57] Error processing world lan_1: SQLSTATE[HY000]: General error: 2006 MySQL server has gone away
[2026-06-21 16:03:57] Error processing world lan_classico1: SQLSTATE[HY000] [1049] Unknown database 'lan_classico1'
[2026-06-21 16:04:57] Error processing world lan_1: SQLSTATE[HY000]: General error: 2006 MySQL server has gone away
[2026-06-21 16:04:57] Error processing world lan_classico1: SQLSTATE[HY000] [1049] Unknown database 'lan_classico1'
[2026-06-21 16:05:57] Error processing world lan_1: SQLSTATE[HY000]: General error: 2006 MySQL server has gone away
[2026-06-21 16:05:57] Error processing world lan_classico1: SQLSTATE[HY000] [1049] Unknown database 'lan_classico1'
[2026-06-21 16:06:57] Error processing world lan_1: SQLSTATE[HY000]: General error: 2006 MySQL server has gone away
[2026-06-21 16:06:57] Error processing world lan_classico1: SQLSTATE[HY000] [1049] Unknown database 'lan_classico1'
[2026-06-21 16:07:57] Error processing world lan_1: SQLSTATE[HY000]: General error: 2006 MySQL server has gone away
[2026-06-21 16:07:57] Error processing world lan_classico1: SQLSTATE[HY000] [1049] Unknown database 'lan_classico1'
[2026-06-21 16:08:57] Error processing world lan_1: SQLSTATE[HY000]: General error: 2006 MySQL server has gone away
[2026-06-21 16:08:57] Error processing world lan_classico1: SQLSTATE[HY000] [1049] Unknown database 'lan_classico1'
[2026-06-21 16:09:57] Error processing world lan_1: SQLSTATE[HY000]: General error: 2006 MySQL server has gone away
[2026-06-21 16:09:57] Error processing world lan_classico1: SQLSTATE[HY000] [1049] Unknown database 'lan_classico1'
[2026-06-21 16:10:57] Error processing world lan_1: SQLSTATE[HY000]: General error: 2006 MySQL server has gone away
[2026-06-21 16:10:57] Error processing world lan_classico1: SQLSTATE[HY000] [1049] Unknown database 'lan_classico1'
[2026-06-21 16:11:57] Error processing world lan_1: SQLSTATE[HY000]: General error: 2006 MySQL server has gone away
[2026-06-21 16:11:57] Error processing world lan_classico1: SQLSTATE[HY000] [1049] Unknown database 'lan_classico1'
[2026-06-21 16:12:57] Error processing world lan_1: SQLSTATE[HY000]: General error: 2006 MySQL server has gone away
[2026-06-21 16:12:57] Error processing world lan_classico1: SQLSTATE[HY000] [1049] Unknown database 'lan_classico1'
[2026-06-21 16:13:57] Error processing world lan_1: SQLSTATE[HY000]: General error: 2006 MySQL server has gone away
[2026-06-21 16:13:57] Error processing world lan_classico1: SQLSTATE[HY000] [1049] Unknown database 'lan_classico1'
[2026-06-21 16:14:57] Error processing world lan_1: SQLSTATE[HY000]: General error: 2006 MySQL server has gone away
[2026-06-21 16:14:57] Error processing world lan_classico1: SQLSTATE[HY000] [1049] Unknown database 'lan_classico1'
[2026-06-21 16:15:57] Error processing world lan_1: SQLSTATE[HY000]: General error: 2006 MySQL server has gone away
[2026-06-21 16:15:57] Error processing world lan_classico1: SQLSTATE[HY000] [1049] Unknown database 'lan_classico1'
[2026-06-21 16:16:57] Error processing world lan_1: SQLSTATE[HY000]: General error: 2006 MySQL server has gone away
[2026-06-21 16:16:57] Error processing world lan_classico1: SQLSTATE[HY000] [1049] Unknown database 'lan_classico1'
[2026-06-21 16:17:57] Error processing world lan_1: SQLSTATE[HY000]: General error: 2006 MySQL server has gone away
[2026-06-21 16:17:57] Error processing world lan_classico1: SQLSTATE[HY000] [1049] Unknown database 'lan_classico1'
[2026-06-21 16:18:57] Error processing world lan_1: SQLSTATE[HY000]: General error: 2006 MySQL server has gone away
[2026-06-21 16:18:57] Error processing world lan_classico1: SQLSTATE[HY000] [1049] Unknown database 'lan_classico1'
[2026-06-21 16:19:57] Error processing world lan_1: SQLSTATE[HY000]: General error: 2006 MySQL server has gone away
[2026-06-21 16:19:57] Error processing world lan_classico1: SQLSTATE[HY000] [1049] Unknown database 'lan_classico1'
[2026-06-21 16:20:57] Error processing world lan_1: SQLSTATE[HY000]: General error: 2006 MySQL server has gone away
[2026-06-21 16:20:57] Error processing world lan_classico1: SQLSTATE[HY000] [1049] Unknown database 'lan_classico1'
[2026-06-21 16:21:57] Error processing world lan_1: SQLSTATE[HY000]: General error: 2006 MySQL server has gone away
[2026-06-21 16:21:57] Error processing world lan_classico1: SQLSTATE[HY000] [1049] Unknown database 'lan_classico1'
[2026-06-21 16:22:57] Error processing world lan_1: SQLSTATE[HY000]: General error: 2006 MySQL server has gone away
[2026-06-21 16:22:58] Error processing world lan_classico1: SQLSTATE[HY000] [1049] Unknown database 'lan_classico1'
[2026-06-21 16:23:58] Error processing world lan_1: SQLSTATE[HY000]: General error: 2006 MySQL server has gone away
[2026-06-21 16:23:58] Error processing world lan_classico1: SQLSTATE[HY000] [1049] Unknown database 'lan_classico1'
[2026-06-21 16:24:58] Error processing world lan_1: SQLSTATE[HY000]: General error: 2006 MySQL server has gone away
[2026-06-21 16:24:58] Error processing world lan_classico1: SQLSTATE[HY000] [1049] Unknown database 'lan_classico1'
[2026-06-21 16:25:58] Error processing world lan_1: SQLSTATE[HY000]: General error: 2006 MySQL server has gone away
[2026-06-21 16:25:58] Error processing world lan_classico1: SQLSTATE[HY000] [1049] Unknown database 'lan_classico1'
[2026-06-21 16:26:58] Error processing world lan_1: SQLSTATE[HY000]: General error: 2006 MySQL server has gone away
[2026-06-21 16:26:58] Error processing world lan_classico1: SQLSTATE[HY000] [1049] Unknown database 'lan_classico1'
[2026-06-21 16:27:58] Error processing world lan_1: SQLSTATE[HY000]: General error: 2006 MySQL server has gone away
[2026-06-21 16:27:58] Error processing world lan_classico1: SQLSTATE[HY000] [1049] Unknown database 'lan_classico1'
[2026-06-21 16:28:58] Error processing world lan_1: SQLSTATE[HY000]: General error: 2006 MySQL server has gone away
[2026-06-21 16:28:58] Error processing world lan_classico1: SQLSTATE[HY000] [1049] Unknown database 'lan_classico1'
[2026-06-21 16:29:58] Error processing world lan_1: SQLSTATE[HY000]: General error: 2006 MySQL server has gone away
[2026-06-21 16:29:58] Error processing world lan_classico1: SQLSTATE[HY000] [1049] Unknown database 'lan_classico1'
[2026-06-21 16:30:58] Error processing world lan_1: SQLSTATE[HY000]: General error: 2006 MySQL server has gone away
[2026-06-21 16:30:58] Error processing world lan_classico1: SQLSTATE[HY000] [1049] Unknown database 'lan_classico1'
[2026-06-21 16:31:58] Error processing world lan_1: SQLSTATE[HY000]: General error: 2006 MySQL server has gone away
[2026-06-21 16:31:58] Error processing world lan_classico1: SQLSTATE[HY000] [1049] Unknown database 'lan_classico1'
[2026-06-21 16:32:58] Error processing world lan_1: SQLSTATE[HY000]: General error: 2006 MySQL server has gone away
[2026-06-21 16:32:58] Error processing world lan_classico1: SQLSTATE[HY000] [1049] Unknown database 'lan_classico1'
[2026-06-21 16:33:58] Error processing world lan_1: SQLSTATE[HY000]: General error: 2006 MySQL server has gone away
[2026-06-21 16:33:58] Error processing world lan_classico1: SQLSTATE[HY000] [1049] Unknown database 'lan_classico1'
[2026-06-21 16:34:58] Error processing world lan_1: SQLSTATE[HY000]: General error: 2006 MySQL server has gone away
[2026-06-21 16:34:58] Error processing world lan_classico1: SQLSTATE[HY000] [1049] Unknown database 'lan_classico1'
[2026-06-21 16:35:58] Error processing world lan_1: SQLSTATE[HY000]: General error: 2006 MySQL server has gone away
[2026-06-21 16:35:58] Error processing world lan_classico1: SQLSTATE[HY000] [1049] Unknown database 'lan_classico1'
[2026-06-21 16:36:58] Bot Daemon recycling (Iterated 100 times).
