[2026-06-17 21:08:54] Starting bot processing for world 1
  - Bot 'bills' (ID: 16) processed in 12.203s
  ✓ Completed in 13.651s (Barbarians: 0.904s, Bots: 12.203s, Processed: 1 bots)
[2026-06-17 21:11:54] Starting bot processing for world 1
  - Bot 'bills' (ID: 16) processed in 11.884s
  ✓ Completed in 13.216s (Barbarians: 0.895s, Bots: 11.884s, Processed: 1 bots)
[2026-06-17 21:15:19] Starting bot processing for world 1
  - Bot 'bills' (ID: 16) processed in 11.467s
  ✓ Completed in 13.198s (Barbarians: 0.927s, Bots: 11.467s, Processed: 1 bots)
[2026-06-17 21:17:53] Starting bot processing for world 1
  - Bot 'bills' (ID: 16) processed in 12.084s
  ✓ Completed in 13.937s (Barbarians: 1.045s, Bots: 12.085s, Processed: 1 bots)
[2026-06-17 21:20:53] Starting bot processing for world 1
  - Bot 'bills' (ID: 16) processed in 11.468s
  ✓ Completed in 13.276s (Barbarians: 1.049s, Bots: 11.469s, Processed: 1 bots)
[2026-06-17 21:23:32] Starting bot processing for world 1
  - Bot 'bills' (ID: 16) processed in 11.299s
  ✓ Completed in 12.762s (Barbarians: 0.937s, Bots: 11.3s, Processed: 1 bots)
[2026-06-17 21:25:32] Starting bot processing for world 1
  - Bot 'bills' (ID: 16) processed in 11.125s
  ✓ Completed in 12.791s (Barbarians: 0.918s, Bots: 11.126s, Processed: 1 bots)
[2026-06-17 21:27:32] Starting bot processing for world 1
  - Bot 'bills' (ID: 16) processed in 11.438s
  ✓ Completed in 12.751s (Barbarians: 0.912s, Bots: 11.438s, Processed: 1 bots)
[2026-06-17 21:30:19] Starting bot processing for world 1
  - Bot 'bills' (ID: 16) processed in 11.796s
  ✓ Completed in 13.539s (Barbarians: 0.992s, Bots: 11.796s, Processed: 1 bots)
[2026-06-17 21:32:19] Starting bot processing for world 1
  - Bot 'bills' (ID: 16) processed in 11.832s
  ✓ Completed in 13.2s (Barbarians: 0.994s, Bots: 11.832s, Processed: 1 bots)
[2026-06-17 21:34:19] Starting bot processing for world 1
  - Bot 'bills' (ID: 16) processed in 12.159s
  ✓ Completed in 14.321s (Barbarians: 1.005s, Bots: 12.16s, Processed: 1 bots)
[2026-06-17 21:36:19] Starting bot processing for world 1
  - Bot 'bills' (ID: 16) processed in 11.537s
  ✓ Completed in 12.816s (Barbarians: 0.92s, Bots: 11.537s, Processed: 1 bots)
[2026-06-17 21:38:32] Starting bot processing for world 1
  - Bot 'bills' (ID: 16) processed in 12.229s
  ✓ Completed in 13.568s (Barbarians: 0.945s, Bots: 12.23s, Processed: 1 bots)
[2026-06-17 21:41:33] Starting bot processing for world 1
  - Bot 'bills' (ID: 16) processed in 11.479s
  ✓ Completed in 12.905s (Barbarians: 0.919s, Bots: 11.48s, Processed: 1 bots)
[2026-06-17 21:45:19] Starting bot processing for world 1
  - Bot 'bills' (ID: 16) processed in 11.46s
  ✓ Completed in 12.783s (Barbarians: 0.924s, Bots: 11.461s, Processed: 1 bots)
[2026-06-17 21:48:19] Starting bot processing for world 1
  - Bot 'bills' (ID: 16) processed in 11.914s
  ✓ Completed in 13.435s (Barbarians: 0.983s, Bots: 11.914s, Processed: 1 bots)
[2026-06-17 21:50:52] Starting bot processing for world 1
  - Bot 'bills' (ID: 16) processed in 14.214s
  ✓ Completed in 16.583s (Barbarians: 1s, Bots: 14.215s, Processed: 1 bots)
[2026-06-17 21:52:52] Starting bot processing for world 1
  - Bot 'bills' (ID: 16) processed in 11.362s
  ✓ Completed in 12.634s (Barbarians: 0.92s, Bots: 11.363s, Processed: 1 bots)
[2026-06-17 21:54:52] Starting bot processing for world 1
  - Bot 'bills' (ID: 16) processed in 11.099s
  ✓ Completed in 12.664s (Barbarians: 0.926s, Bots: 11.1s, Processed: 1 bots)
[2026-06-17 21:57:19] Starting bot processing for world 1
  - Bot 'bills' (ID: 16) processed in 11.375s
  ✓ Completed in 12.647s (Barbarians: 0.914s, Bots: 11.375s, Processed: 1 bots)
[2026-06-17 21:59:19] Starting bot processing for world 1
  - Bot 'bills' (ID: 16) processed in 12.123s
  ✓ Completed in 13.755s (Barbarians: 0.991s, Bots: 12.124s, Processed: 1 bots)
[2026-06-18 19:00:21] Starting bot processing for world 1
  - Bot 'bills' (ID: 16) processed in 10.882s
  ✓ Completed in 12.227s (Barbarians: 0.756s, Bots: 10.883s, Processed: 1 bots)
[2026-06-18 19:02:21] Starting bot processing for world 1
  - Bot 'bills' (ID: 16) processed in 10.087s
  ✓ Completed in 11.157s (Barbarians: 0.762s, Bots: 10.087s, Processed: 1 bots)
[2026-06-18 19:04:21] Starting bot processing for world 1
  - Bot 'bills' (ID: 16) processed in 10.017s
  ✓ Completed in 11.756s (Barbarians: 0.758s, Bots: 10.018s, Processed: 1 bots)
[2026-06-18 19:06:51] Starting bot processing for world 1
  - Bot 'bills' (ID: 16) processed in 10.172s
  ✓ Completed in 11.345s (Barbarians: 0.799s, Bots: 10.172s, Processed: 1 bots)
[2026-06-18 19:08:51] Starting bot processing for world 1
  - Bot 'bills' (ID: 16) processed in 10.141s
  ✓ Completed in 11.561s (Barbarians: 0.765s, Bots: 10.142s, Processed: 1 bots)
[2026-06-18 19:11:51] Starting bot processing for world 1
  - Bot 'bills' (ID: 16) processed in 10.499s
  ✓ Completed in 11.642s (Barbarians: 0.759s, Bots: 10.499s, Processed: 1 bots)
[2026-06-18 19:13:04] Starting bot processing for world 1
  - Bot 'bills' (ID: 16) processed in 7.574s
  ✓ Completed in 8.72s (Barbarians: 0.814s, Bots: 7.574s, Processed: 1 bots)
[2026-06-18 19:15:04] Starting bot processing for world 1
  - Bot 'bills' (ID: 16) processed in 10.58s
  ✓ Completed in 11.909s (Barbarians: 0.79s, Bots: 10.582s, Processed: 1 bots)
[2026-06-18 19:17:04] Starting bot processing for world 1
  - Bot 'bills' (ID: 16) processed in 10.384s
  ✓ Completed in 11.576s (Barbarians: 0.794s, Bots: 10.384s, Processed: 1 bots)
[2026-06-18 19:19:51] Starting bot processing for world 1
  - Bot 'bills' (ID: 16) processed in 10.459s
  ✓ Completed in 11.801s (Barbarians: 0.801s, Bots: 10.46s, Processed: 1 bots)
[2026-06-18 19:22:04] Starting bot processing for world 1
  - Bot 'bills' (ID: 16) processed in 10.587s
  ✓ Completed in 11.813s (Barbarians: 0.834s, Bots: 10.587s, Processed: 1 bots)
[2026-06-18 19:23:51] Starting bot processing for world 1
  - Bot 'bills' (ID: 16) processed in 10.738s
  ✓ Completed in 12.43s (Barbarians: 1.026s, Bots: 10.739s, Processed: 1 bots)
[2026-06-18 19:26:51] Starting bot processing for world 1
  - Bot 'bills' (ID: 16) processed in 10.19s
  ✓ Completed in 11.26s (Barbarians: 0.773s, Bots: 10.19s, Processed: 1 bots)
[2026-06-18 19:29:51] Starting bot processing for world 1
  - Bot 'bills' (ID: 16) processed in 10.164s
  ✓ Completed in 11.561s (Barbarians: 0.835s, Bots: 10.165s, Processed: 1 bots)
[2026-06-18 19:31:51] Starting bot processing for world 1
  - Bot 'bills' (ID: 16) processed in 9.96s
  ✓ Completed in 11.038s (Barbarians: 0.763s, Bots: 9.961s, Processed: 1 bots)
[2026-06-18 19:33:51] Starting bot processing for world 1
  - Bot 'bills' (ID: 16) processed in 10.498s
  ✓ Completed in 12.161s (Barbarians: 0.791s, Bots: 10.499s, Processed: 1 bots)
[2026-06-18 19:35:51] Starting bot processing for world 1
  - Bot 'bills' (ID: 16) processed in 10.057s
  ✓ Completed in 11.177s (Barbarians: 0.768s, Bots: 10.057s, Processed: 1 bots)
[2026-06-18 19:37:51] Starting bot processing for world 1
  - Bot 'bills' (ID: 16) processed in 10.173s
  ✓ Completed in 11.461s (Barbarians: 0.772s, Bots: 10.174s, Processed: 1 bots)
[2026-06-18 19:39:51] Starting bot processing for world 1
  - Bot 'bills' (ID: 16) processed in 9.878s
  ✓ Completed in 11.023s (Barbarians: 0.764s, Bots: 9.879s, Processed: 1 bots)
[2026-06-18 19:41:51] Starting bot processing for world 1
  - Bot 'bills' (ID: 16) processed in 9.941s
  ✓ Completed in 11.069s (Barbarians: 0.769s, Bots: 9.942s, Processed: 1 bots)
[2026-06-18 19:44:51] Starting bot processing for world 1
  - Bot 'bills' (ID: 16) processed in 10.237s
  ✓ Completed in 11.349s (Barbarians: 0.763s, Bots: 10.237s, Processed: 1 bots)
[2026-06-18 19:47:51] Starting bot processing for world 1
  - Bot 'bills' (ID: 16) processed in 10.057s
  ✓ Completed in 11.221s (Barbarians: 0.762s, Bots: 10.058s, Processed: 1 bots)
[2026-06-18 19:50:51] Starting bot processing for world 1
  - Bot 'bills' (ID: 16) processed in 10.251s
  ✓ Completed in 11.41s (Barbarians: 0.762s, Bots: 10.252s, Processed: 1 bots)
[2026-06-18 19:52:51] Starting bot processing for world 1
  - Bot 'bills' (ID: 16) processed in 10.173s
  ✓ Completed in 11.292s (Barbarians: 0.761s, Bots: 10.173s, Processed: 1 bots)
[2026-06-18 19:54:51] Starting bot processing for world 1
  - Bot 'bills' (ID: 16) processed in 9.896s
  ✓ Completed in 10.993s (Barbarians: 0.763s, Bots: 9.897s, Processed: 1 bots)
[2026-06-18 19:56:51] Starting bot processing for world 1
  - Bot 'bills' (ID: 16) processed in 10.119s
  ✓ Completed in 11.423s (Barbarians: 0.773s, Bots: 10.119s, Processed: 1 bots)
[2026-06-18 19:59:51] Starting bot processing for world 1
  - Bot 'bills' (ID: 16) processed in 10.037s
  ✓ Completed in 11.12s (Barbarians: 0.765s, Bots: 10.038s, Processed: 1 bots)
[2026-06-18 20:02:51] Starting bot processing for world 1
  - Bot 'bills' (ID: 16) processed in 10.054s
  ✓ Completed in 11.243s (Barbarians: 0.774s, Bots: 10.055s, Processed: 1 bots)
[2026-06-18 20:04:51] Starting bot processing for world 1
  - Bot 'bills' (ID: 16) processed in 10.049s
  ✓ Completed in 11.204s (Barbarians: 0.776s, Bots: 10.049s, Processed: 1 bots)
[2026-06-18 20:06:51] Starting bot processing for world 1
  - Bot 'bills' (ID: 16) processed in 10.054s
  ✓ Completed in 11.328s (Barbarians: 0.78s, Bots: 10.055s, Processed: 1 bots)
[2026-06-18 20:08:51] Starting bot processing for world 1
  - Bot 'bills' (ID: 16) processed in 10.089s
  ✓ Completed in 11.179s (Barbarians: 0.754s, Bots: 10.09s, Processed: 1 bots)
[2026-06-18 20:10:51] Starting bot processing for world 1
  - Bot 'bills' (ID: 16) processed in 10.181s
  ✓ Completed in 11.45s (Barbarians: 0.779s, Bots: 10.182s, Processed: 1 bots)
[2026-06-18 20:13:51] Starting bot processing for world 1
  - Bot 'bills' (ID: 16) processed in 10.201s
  ✓ Completed in 11.433s (Barbarians: 0.757s, Bots: 10.202s, Processed: 1 bots)
[2026-06-18 20:16:51] Starting bot processing for world 1
  - Bot 'bills' (ID: 16) processed in 9.918s
  ✓ Completed in 11.073s (Barbarians: 0.752s, Bots: 9.919s, Processed: 1 bots)
[2026-06-18 20:19:51] Starting bot processing for world 1
  - Bot 'bills' (ID: 16) processed in 10.181s
  ✓ Completed in 11.366s (Barbarians: 0.774s, Bots: 10.181s, Processed: 1 bots)
[2026-06-18 20:22:51] Starting bot processing for world 1
  - Bot 'bills' (ID: 16) processed in 10.136s
  ✓ Completed in 11.403s (Barbarians: 0.762s, Bots: 10.137s, Processed: 1 bots)
[2026-06-18 20:24:51] Starting bot processing for world 1
  - Bot 'bills' (ID: 16) processed in 9.942s
  ✓ Completed in 11.062s (Barbarians: 0.757s, Bots: 9.943s, Processed: 1 bots)
[2026-06-18 20:26:51] Starting bot processing for world 1
  - Bot 'bills' (ID: 16) processed in 9.989s
  ✓ Completed in 11.216s (Barbarians: 0.786s, Bots: 9.99s, Processed: 1 bots)
[2026-06-18 20:28:51] Starting bot processing for world 1
  - Bot 'bills' (ID: 16) processed in 9.961s
  ✓ Completed in 11.135s (Barbarians: 0.76s, Bots: 9.961s, Processed: 1 bots)
[2026-06-18 20:30:51] Starting bot processing for world 1
  - Bot 'bills' (ID: 16) processed in 10.237s
  ✓ Completed in 11.522s (Barbarians: 0.801s, Bots: 10.237s, Processed: 1 bots)
[2026-06-18 20:32:51] Starting bot processing for world 1
  - Bot 'bills' (ID: 16) processed in 10.013s
  ✓ Completed in 11.147s (Barbarians: 0.78s, Bots: 10.013s, Processed: 1 bots)
[2026-06-18 20:34:51] Starting bot processing for world 1
  - Bot 'bills' (ID: 16) processed in 10.085s
  ✓ Completed in 11.312s (Barbarians: 0.759s, Bots: 10.086s, Processed: 1 bots)
[2026-06-18 20:36:51] Starting bot processing for world 1
  - Bot 'bills' (ID: 16) processed in 10.178s
  ✓ Completed in 11.358s (Barbarians: 0.782s, Bots: 10.178s, Processed: 1 bots)
[2026-06-18 20:38:51] Starting bot processing for world 1
  - Bot 'bills' (ID: 16) processed in 10.081s
  ✓ Completed in 11.706s (Barbarians: 0.772s, Bots: 10.081s, Processed: 1 bots)
[2026-06-18 20:40:51] Starting bot processing for world 1
  - Bot 'bills' (ID: 16) processed in 10.05s
  ✓ Completed in 11.321s (Barbarians: 0.758s, Bots: 10.05s, Processed: 1 bots)
[2026-06-18 20:42:04] Starting bot processing for world 1
  - Bot 'bills' (ID: 16) processed in 7.589s
  ✓ Completed in 9.067s (Barbarians: 0.772s, Bots: 7.59s, Processed: 1 bots)
[2026-06-18 20:43:51] Starting bot processing for world 1
  - Bot 'bills' (ID: 16) processed in 10.838s
  ✓ Completed in 12.109s (Barbarians: 0.844s, Bots: 10.839s, Processed: 1 bots)
[2026-06-18 20:45:51] Starting bot processing for world 1
  - Bot 'bills' (ID: 16) processed in 10.744s
  ✓ Completed in 12.184s (Barbarians: 0.843s, Bots: 10.744s, Processed: 1 bots)
[2026-06-18 20:47:48] Starting bot processing for world 1
  - Bot 'bills' (ID: 16) processed in 10.982s
  ✓ Completed in 12.349s (Barbarians: 0.891s, Bots: 10.983s, Processed: 1 bots)
[2026-06-18 20:49:07] Starting bot processing for world 1
  - Bot 'bills' (ID: 16) processed in 8.162s
  ✓ Completed in 9.409s (Barbarians: 0.821s, Bots: 8.162s, Processed: 1 bots)
[2026-06-18 20:52:07] Starting bot processing for world 1
  - Bot 'bills' (ID: 16) processed in 11.04s
  ✓ Completed in 12.452s (Barbarians: 0.817s, Bots: 11.041s, Processed: 1 bots)
[2026-06-18 20:57:25] Starting bot processing for world 1
  - Bot 'bills' (ID: 16) processed in 10.992s
  ✓ Completed in 12.369s (Barbarians: 0.901s, Bots: 10.993s, Processed: 1 bots)
[2026-06-18 21:00:25] Starting bot processing for world 1
  - Bot 'bills' (ID: 16) processed in 10.595s
  ✓ Completed in 11.784s (Barbarians: 0.823s, Bots: 10.595s, Processed: 1 bots)
[2026-06-18 21:02:25] Starting bot processing for world 1
  - Bot 'bills' (ID: 16) processed in 10.439s
  ✓ Completed in 11.725s (Barbarians: 0.815s, Bots: 10.439s, Processed: 1 bots)
[2026-06-18 21:03:51] Starting bot processing for world 1
  - Bot 'bills' (ID: 16) processed in 8.729s
  ✓ Completed in 10.043s (Barbarians: 0.784s, Bots: 8.729s, Processed: 1 bots)
[2026-06-18 21:05:51] Starting bot processing for world 1
  - Bot 'bills' (ID: 16) processed in 10.592s
  ✓ Completed in 11.751s (Barbarians: 0.795s, Bots: 10.594s, Processed: 1 bots)
[2026-06-18 21:07:51] Starting bot processing for world 1
  - Bot 'bills' (ID: 16) processed in 11.467s
  ✓ Completed in 12.97s (Barbarians: 1.051s, Bots: 11.468s, Processed: 1 bots)
[2026-06-18 21:09:16] Starting bot processing for world 1
  - Bot 'bills' (ID: 16) processed in 8.66s
  ✓ Completed in 10.127s (Barbarians: 0.878s, Bots: 8.661s, Processed: 1 bots)
[2026-06-18 21:10:40] [Daemon PID 25784] Starting bot processing for world 1
  - Bot 'bills' (ID: 16) processed in 4.72s
  ✓ Completed in 6.342s (Barbarians: 0.76s, Bots: 4.72s, Processed: 1 bots)
  ✗ ERROR: SQLSTATE[HY000] [1049] Unknown database 'lan_classico1'
[2026-06-18 21:11:19] [Daemon PID 14800] Starting bot processing for world 1
  - Bot 'bills' (ID: 16) processed in 5.112s
  ✓ Completed in 6.409s (Barbarians: 0.797s, Bots: 5.112s, Processed: 1 bots)
  ✗ ERROR: SQLSTATE[HY000] [1049] Unknown database 'lan_classico1'
[2026-06-18 21:12:25] [Daemon PID 14800] Starting bot processing for world 1
  - Bot 'bills' (ID: 16) processed in 7.414s
  ✓ Completed in 8.203s (Barbarians: 0.787s, Bots: 7.414s, Processed: 1 bots)
  ✗ ERROR: SQLSTATE[HY000] [1049] Unknown database 'lan_classico1'
[2026-06-18 21:13:33] [Daemon PID 14800] Starting bot processing for world 1
  - Bot 'bills' (ID: 16) processed in 7.381s
  ✓ Completed in 8.166s (Barbarians: 0.782s, Bots: 7.382s, Processed: 1 bots)
  ✗ ERROR: SQLSTATE[HY000] [1049] Unknown database 'lan_classico1'
[2026-06-18 21:14:42] [Daemon PID 14800] Starting bot processing for world 1
  - Bot 'bills' (ID: 16) processed in 7.369s
  ✓ Completed in 8.216s (Barbarians: 0.845s, Bots: 7.369s, Processed: 1 bots)
  ✗ ERROR: SQLSTATE[HY000] [1049] Unknown database 'lan_classico1'
[2026-06-18 21:15:50] [Daemon PID 14800] Starting bot processing for world 1
  - Bot 'bills' (ID: 16) processed in 7.788s
  ✓ Completed in 8.714s (Barbarians: 0.924s, Bots: 7.788s, Processed: 1 bots)
  ✗ ERROR: SQLSTATE[HY000] [1049] Unknown database 'lan_classico1'
[2026-06-18 21:16:58] [Daemon PID 14800] Starting bot processing for world 1
  - Bot 'bills' (ID: 16) processed in 7.362s
  ✓ Completed in 8.202s (Barbarians: 0.838s, Bots: 7.362s, Processed: 1 bots)
  ✗ ERROR: SQLSTATE[HY000] [1049] Unknown database 'lan_classico1'
[2026-06-18 21:18:07] [Daemon PID 14800] Starting bot processing for world 1
  - Bot 'bills' (ID: 16) processed in 7.523s
  ✓ Completed in 8.353s (Barbarians: 0.827s, Bots: 7.523s, Processed: 1 bots)
  ✗ ERROR: SQLSTATE[HY000] [1049] Unknown database 'lan_classico1'
[2026-06-18 21:19:15] [Daemon PID 14800] Starting bot processing for world 1
  - Bot 'bills' (ID: 16) processed in 7.319s
  ✓ Completed in 8.151s (Barbarians: 0.83s, Bots: 7.319s, Processed: 1 bots)
  ✗ ERROR: SQLSTATE[HY000] [1049] Unknown database 'lan_classico1'
[2026-06-18 21:20:23] [Daemon PID 14800] Starting bot processing for world 1
  - Bot 'bills' (ID: 16) processed in 7.491s
  ✓ Completed in 8.339s (Barbarians: 0.846s, Bots: 7.491s, Processed: 1 bots)
  ✗ ERROR: SQLSTATE[HY000] [1049] Unknown database 'lan_classico1'
[2026-06-18 21:20:48] [Daemon PID 1300] Starting bot processing for world 1
  - Bot 'bills' (ID: 16) processed in 4.231s
  ✓ Completed in 5.628s (Barbarians: 0.827s, Bots: 4.231s, Processed: 1 bots)
  ✗ ERROR: SQLSTATE[HY000] [1049] Unknown database 'lan_classico1'
[2026-06-18 21:21:54] [Daemon PID 1300] Starting bot processing for world 1
  - Bot 'bills' (ID: 16) processed in 9.575s
  ✓ Completed in 10.535s (Barbarians: 0.958s, Bots: 9.575s, Processed: 1 bots)
  ✗ ERROR: SQLSTATE[HY000] [1049] Unknown database 'lan_classico1'
[2026-06-18 21:23:04] [Daemon PID 1300] Starting bot processing for world 1
  - Bot 'bills' (ID: 16) processed in 11.381s
  ✓ Completed in 12.687s (Barbarians: 1.303s, Bots: 11.382s, Processed: 1 bots)
  ✗ ERROR: SQLSTATE[HY000] [1049] Unknown database 'lan_classico1'
[2026-06-18 21:24:17] [Daemon PID 1300] Starting bot processing for world 1
  - Bot 'bills' (ID: 16) processed in 9.976s
  ✓ Completed in 11.206s (Barbarians: 1.226s, Bots: 9.977s, Processed: 1 bots)
  ✗ ERROR: SQLSTATE[HY000] [1049] Unknown database 'lan_classico1'
[2026-06-18 21:25:28] [Daemon PID 1300] Starting bot processing for world 1
[2026-06-18 21:25:30] Starting bot processing for world 1
  - Bot 'bills' (ID: 16) processed in 10.558s
  ✓ Completed in 11.777s (Barbarians: 1.211s, Bots: 10.56s, Processed: 1 bots)
  - Bot 'bills' (ID: 16) processed in 7.564s
  ✓ Completed in 9.544s (Barbarians: 1.272s, Bots: 7.566s, Processed: 1 bots)
  ✗ ERROR: SQLSTATE[HY000] [1049] Unknown database 'lan_classico1'
[2026-06-18 21:26:40] [Daemon PID 1300] Starting bot processing for world 1
  - Bot 'bills' (ID: 16) processed in 6.069s
  ✓ Completed in 6.988s (Barbarians: 0.917s, Bots: 6.069s, Processed: 1 bots)
  ✗ ERROR: SQLSTATE[HY000] [1049] Unknown database 'lan_classico1'
[2026-06-18 21:27:47] [Daemon PID 1300] Starting bot processing for world 1
  - Bot 'bills' (ID: 16) processed in 7.145s
  ✓ Completed in 8.038s (Barbarians: 0.89s, Bots: 7.146s, Processed: 1 bots)
  ✗ ERROR: SQLSTATE[HY000] [1049] Unknown database 'lan_classico1'
[2026-06-18 21:28:55] [Daemon PID 1300] Starting bot processing for world 1
  - Bot 'bills' (ID: 16) processed in 7.122s
  ✓ Completed in 7.917s (Barbarians: 0.793s, Bots: 7.123s, Processed: 1 bots)
  ✗ ERROR: SQLSTATE[HY000] [1049] Unknown database 'lan_classico1'
[2026-06-18 21:30:03] [Daemon PID 1300] Starting bot processing for world 1
  - Bot 'bills' (ID: 16) processed in 7.019s
  ✓ Completed in 7.802s (Barbarians: 0.781s, Bots: 7.019s, Processed: 1 bots)
  ✗ ERROR: SQLSTATE[HY000] [1049] Unknown database 'lan_classico1'
[2026-06-18 21:31:11] [Daemon PID 1300] Starting bot processing for world 1
  - Bot 'bills' (ID: 16) processed in 6.958s
  ✓ Completed in 7.751s (Barbarians: 0.789s, Bots: 6.958s, Processed: 1 bots)
  ✗ ERROR: SQLSTATE[HY000] [1049] Unknown database 'lan_classico1'
[2026-06-18 21:32:18] [Daemon PID 1300] Starting bot processing for world 1
  - Bot 'bills' (ID: 16) processed in 6.957s
  ✓ Completed in 7.741s (Barbarians: 0.782s, Bots: 6.957s, Processed: 1 bots)
  ✗ ERROR: SQLSTATE[HY000] [1049] Unknown database 'lan_classico1'
[2026-06-18 21:33:26] [Daemon PID 1300] Starting bot processing for world 1
  - Bot 'bills' (ID: 16) processed in 6.82s
  ✓ Completed in 7.615s (Barbarians: 0.793s, Bots: 6.82s, Processed: 1 bots)
  ✗ ERROR: SQLSTATE[HY000] [1049] Unknown database 'lan_classico1'
[2026-06-18 21:34:34] [Daemon PID 1300] Starting bot processing for world 1
  - Bot 'bills' (ID: 16) processed in 6.762s
  ✓ Completed in 7.529s (Barbarians: 0.765s, Bots: 6.762s, Processed: 1 bots)
  ✗ ERROR: SQLSTATE[HY000] [1049] Unknown database 'lan_classico1'
[2026-06-18 21:35:41] [Daemon PID 1300] Starting bot processing for world 1
  - Bot 'bills' (ID: 16) processed in 6.853s
  ✓ Completed in 7.662s (Barbarians: 0.807s, Bots: 6.853s, Processed: 1 bots)
  ✗ ERROR: SQLSTATE[HY000] [1049] Unknown database 'lan_classico1'
[2026-06-18 21:36:49] [Daemon PID 1300] Starting bot processing for world 1
[2026-06-18 21:36:49] Starting bot processing for world 1
  - Bot 'bills' (ID: 16) processed in 7.941s
  - Bot 'bills' (ID: 16) processed in 8.594s
  ✓ Completed in 9.419s (Barbarians: 0.82s, Bots: 8.594s, Processed: 1 bots)
  ✓ Completed in 9.227s (Barbarians: 0.851s, Bots: 7.942s, Processed: 1 bots)
  ✗ ERROR: SQLSTATE[HY000] [1049] Unknown database 'lan_classico1'
[2026-06-18 21:37:59] [Daemon PID 1300] Starting bot processing for world 1
  - Bot 'bills' (ID: 16) processed in 3.85s
  ✓ Completed in 4.633s (Barbarians: 0.781s, Bots: 3.851s, Processed: 1 bots)
  ✗ ERROR: SQLSTATE[HY000] [1049] Unknown database 'lan_classico1'
[2026-06-18 21:39:03] [Daemon PID 1300] Starting bot processing for world 1
  - Bot 'bills' (ID: 16) processed in 6.68s
  ✓ Completed in 7.457s (Barbarians: 0.775s, Bots: 6.68s, Processed: 1 bots)
  ✗ ERROR: SQLSTATE[HY000] [1049] Unknown database 'lan_classico1'
[2026-06-18 21:40:11] [Daemon PID 1300] Starting bot processing for world 1
  - Bot 'bills' (ID: 16) processed in 6.933s
  ✓ Completed in 7.739s (Barbarians: 0.784s, Bots: 6.933s, Processed: 1 bots)
  ✗ ERROR: SQLSTATE[HY000] [1049] Unknown database 'lan_classico1'
[2026-06-18 21:41:18] [Daemon PID 1300] Starting bot processing for world 1
  - Bot 'bills' (ID: 16) processed in 6.887s
  ✓ Completed in 7.663s (Barbarians: 0.773s, Bots: 6.888s, Processed: 1 bots)
  ✗ ERROR: SQLSTATE[HY000] [1049] Unknown database 'lan_classico1'
[2026-06-18 21:42:26] [Daemon PID 1300] Starting bot processing for world 1
  - Bot 'bills' (ID: 16) processed in 6.937s
  ✓ Completed in 7.736s (Barbarians: 0.775s, Bots: 6.937s, Processed: 1 bots)
  ✗ ERROR: SQLSTATE[HY000] [1049] Unknown database 'lan_classico1'
[2026-06-18 21:43:34] [Daemon PID 1300] Starting bot processing for world 1
  - Bot 'bills' (ID: 16) processed in 6.901s
  ✓ Completed in 7.703s (Barbarians: 0.779s, Bots: 6.902s, Processed: 1 bots)
  ✗ ERROR: SQLSTATE[HY000] [1049] Unknown database 'lan_classico1'
[2026-06-18 21:44:42] [Daemon PID 1300] Starting bot processing for world 1
[2026-06-18 21:44:49] Starting bot processing for world 1
  - Bot 'bills' (ID: 16) processed in 6.91s
  ✓ Completed in 7.702s (Barbarians: 0.77s, Bots: 6.911s, Processed: 1 bots)
  ✗ ERROR: SQLSTATE[HY000] [1049] Unknown database 'lan_classico1'
  - Bot 'bills' (ID: 16) processed in 3.302s
  ✓ Completed in 4.71s (Barbarians: 0.77s, Bots: 3.302s, Processed: 1 bots)
[2026-06-18 21:45:49] [Daemon PID 1300] Starting bot processing for world 1
  - Bot 'bills' (ID: 16) processed in 6.409s
  ✓ Completed in 7.201s (Barbarians: 0.77s, Bots: 6.409s, Processed: 1 bots)
  ✗ ERROR: SQLSTATE[HY000] [1049] Unknown database 'lan_classico1'
[2026-06-18 21:46:57] [Daemon PID 1300] Starting bot processing for world 1
  - Bot 'bills' (ID: 16) processed in 6.962s
  ✓ Completed in 7.762s (Barbarians: 0.799s, Bots: 6.962s, Processed: 1 bots)
  ✗ ERROR: SQLSTATE[HY000] [1049] Unknown database 'lan_classico1'
[2026-06-18 21:48:04] [Daemon PID 1300] Starting bot processing for world 1
  - Bot 'bills' (ID: 16) processed in 6.804s
  ✓ Completed in 7.604s (Barbarians: 0.775s, Bots: 6.804s, Processed: 1 bots)
  ✗ ERROR: SQLSTATE[HY000] [1049] Unknown database 'lan_classico1'
[2026-06-18 21:49:12] [Daemon PID 1300] Starting bot processing for world 1
  - Bot 'bills' (ID: 16) processed in 6.921s
  ✓ Completed in 7.787s (Barbarians: 0.864s, Bots: 6.921s, Processed: 1 bots)
  ✗ ERROR: SQLSTATE[HY000] [1049] Unknown database 'lan_classico1'
[2026-06-18 21:50:20] [Daemon PID 1300] Starting bot processing for world 1
  - Bot 'bills' (ID: 16) processed in 7.06s
  ✓ Completed in 7.869s (Barbarians: 0.806s, Bots: 7.061s, Processed: 1 bots)
  ✗ ERROR: SQLSTATE[HY000] [1049] Unknown database 'lan_classico1'
[2026-06-18 21:51:28] [Daemon PID 1300] Starting bot processing for world 1
  - Bot 'bills' (ID: 16) processed in 6.994s
  ✓ Completed in 7.786s (Barbarians: 0.79s, Bots: 6.995s, Processed: 1 bots)
  ✗ ERROR: SQLSTATE[HY000] [1049] Unknown database 'lan_classico1'
[2026-06-18 21:52:35] [Daemon PID 1300] Starting bot processing for world 1
  - Bot 'bills' (ID: 16) processed in 7.113s
  ✓ Completed in 7.911s (Barbarians: 0.796s, Bots: 7.113s, Processed: 1 bots)
  ✗ ERROR: SQLSTATE[HY000] [1049] Unknown database 'lan_classico1'
[2026-06-18 21:53:43] [Daemon PID 1300] Starting bot processing for world 1
  - Bot 'bills' (ID: 16) processed in 7.517s
  ✓ Completed in 8.44s (Barbarians: 0.918s, Bots: 7.518s, Processed: 1 bots)
  ✗ ERROR: SQLSTATE[HY000] [1049] Unknown database 'lan_classico1'
[2026-06-18 21:54:52] [Daemon PID 1300] Starting bot processing for world 1
  - Bot 'bills' (ID: 16) processed in 7.103s
  ✓ Completed in 7.886s (Barbarians: 0.78s, Bots: 7.104s, Processed: 1 bots)
  ✗ ERROR: SQLSTATE[HY000] [1049] Unknown database 'lan_classico1'
[2026-06-18 21:56:00] [Daemon PID 1300] Starting bot processing for world 1
  - Bot 'bills' (ID: 16) processed in 7.039s
  ✓ Completed in 7.912s (Barbarians: 0.871s, Bots: 7.039s, Processed: 1 bots)
  ✗ ERROR: SQLSTATE[HY000] [1049] Unknown database 'lan_classico1'
[2026-06-18 21:57:08] [Daemon PID 1300] Starting bot processing for world 1
  - Bot 'bills' (ID: 16) processed in 7.739s
  ✓ Completed in 8.602s (Barbarians: 0.86s, Bots: 7.739s, Processed: 1 bots)
  ✗ ERROR: SQLSTATE[HY000] [1049] Unknown database 'lan_classico1'
[2026-06-18 21:58:16] [Daemon PID 1300] Starting bot processing for world 1
  - Bot 'bills' (ID: 16) processed in 6.699s
  ✓ Completed in 7.47s (Barbarians: 0.769s, Bots: 6.7s, Processed: 1 bots)
  ✗ ERROR: SQLSTATE[HY000] [1049] Unknown database 'lan_classico1'
[2026-06-18 21:59:24] [Daemon PID 1300] Starting bot processing for world 1
  - Bot 'bills' (ID: 16) processed in 6.924s
  ✓ Completed in 7.712s (Barbarians: 0.784s, Bots: 6.924s, Processed: 1 bots)
  ✗ ERROR: SQLSTATE[HY000] [1049] Unknown database 'lan_classico1'
[2026-06-18 22:00:32] [Daemon PID 1300] Starting bot processing for world 1
  - Bot 'bills' (ID: 16) processed in 7.134s
  ✓ Completed in 7.931s (Barbarians: 0.795s, Bots: 7.135s, Processed: 1 bots)
  ✗ ERROR: SQLSTATE[HY000] [1049] Unknown database 'lan_classico1'
[2026-06-18 22:01:40] [Daemon PID 1300] Starting bot processing for world 1
  - Bot 'bills' (ID: 16) processed in 6.932s
  ✓ Completed in 7.717s (Barbarians: 0.782s, Bots: 6.933s, Processed: 1 bots)
  ✗ ERROR: SQLSTATE[HY000] [1049] Unknown database 'lan_classico1'
[2026-06-18 22:02:47] [Daemon PID 1300] Starting bot processing for world 1
  - Bot 'bills' (ID: 16) processed in 7.067s
  ✓ Completed in 7.894s (Barbarians: 0.825s, Bots: 7.067s, Processed: 1 bots)
  ✗ ERROR: SQLSTATE[HY000] [1049] Unknown database 'lan_classico1'
[2026-06-18 22:03:55] [Daemon PID 1300] Starting bot processing for world 1
  - Bot 'bills' (ID: 16) processed in 7.284s
  ✓ Completed in 8.133s (Barbarians: 0.847s, Bots: 7.284s, Processed: 1 bots)
  ✗ ERROR: SQLSTATE[HY000] [1049] Unknown database 'lan_classico1'
[2026-06-18 22:05:03] [Daemon PID 1300] Starting bot processing for world 1
  - Bot 'bills' (ID: 16) processed in 7.206s
  ✓ Completed in 8.041s (Barbarians: 0.83s, Bots: 7.206s, Processed: 1 bots)
  ✗ ERROR: SQLSTATE[HY000] [1049] Unknown database 'lan_classico1'
[2026-06-18 22:06:11] [Daemon PID 1300] Starting bot processing for world 1
  - Bot 'bills' (ID: 16) processed in 7.752s
  ✓ Completed in 8.612s (Barbarians: 0.857s, Bots: 7.753s, Processed: 1 bots)
  ✗ ERROR: SQLSTATE[HY000] [1049] Unknown database 'lan_classico1'
[2026-06-18 22:07:20] [Daemon PID 1300] Starting bot processing for world 1
  - Bot 'bills' (ID: 16) processed in 7.603s
  ✓ Completed in 8.442s (Barbarians: 0.836s, Bots: 7.603s, Processed: 1 bots)
  ✗ ERROR: SQLSTATE[HY000] [1049] Unknown database 'lan_classico1'
[2026-06-18 22:08:28] [Daemon PID 1300] Starting bot processing for world 1
  - Bot 'bills' (ID: 16) processed in 7.672s
  ✓ Completed in 8.521s (Barbarians: 0.846s, Bots: 7.673s, Processed: 1 bots)
  ✗ ERROR: SQLSTATE[HY000] [1049] Unknown database 'lan_classico1'
[2026-06-18 22:09:37] [Daemon PID 1300] Starting bot processing for world 1
  - Bot 'bills' (ID: 16) processed in 7.349s
  ✓ Completed in 8.153s (Barbarians: 0.802s, Bots: 7.349s, Processed: 1 bots)
  ✗ ERROR: SQLSTATE[HY000] [1049] Unknown database 'lan_classico1'
[2026-06-18 22:10:45] [Daemon PID 1300] Starting bot processing for world 1
[2026-06-18 22:10:49] Starting bot processing for world 1
  - Bot 'bills' (ID: 16) processed in 7.293s
  ✓ Completed in 8.082s (Barbarians: 0.784s, Bots: 7.294s, Processed: 1 bots)
  ✗ ERROR: SQLSTATE[HY000] [1049] Unknown database 'lan_classico1'
  - Bot 'bills' (ID: 16) processed in 3.54s
  ✓ Completed in 5.073s (Barbarians: 0.909s, Bots: 3.54s, Processed: 1 bots)
[2026-06-18 22:11:53] [Daemon PID 1300] Starting bot processing for world 1
  - Bot 'bills' (ID: 16) processed in 6.591s
  ✓ Completed in 7.359s (Barbarians: 0.766s, Bots: 6.592s, Processed: 1 bots)
  ✗ ERROR: SQLSTATE[HY000] [1049] Unknown database 'lan_classico1'
[2026-06-18 22:13:01] [Daemon PID 1300] Starting bot processing for world 1
  - Bot 'bills' (ID: 16) processed in 7.172s
  ✓ Completed in 7.982s (Barbarians: 0.808s, Bots: 7.173s, Processed: 1 bots)
  ✗ ERROR: SQLSTATE[HY000] [1049] Unknown database 'lan_classico1'
[2026-06-18 22:14:09] [Daemon PID 1300] Starting bot processing for world 1
  - Bot 'bills' (ID: 16) processed in 7.188s
  ✓ Completed in 8.022s (Barbarians: 0.811s, Bots: 7.188s, Processed: 1 bots)
  ✗ ERROR: SQLSTATE[HY000] [1049] Unknown database 'lan_classico1'
[2026-06-18 22:15:17] [Daemon PID 1300] Starting bot processing for world 1
  - Bot 'bills' (ID: 16) processed in 6.904s
  ✓ Completed in 7.692s (Barbarians: 0.785s, Bots: 6.904s, Processed: 1 bots)
  ✗ ERROR: SQLSTATE[HY000] [1049] Unknown database 'lan_classico1'
[2026-06-18 22:16:24] [Daemon PID 1300] Starting bot processing for world 1
  - Bot 'bills' (ID: 16) processed in 7.475s
  ✓ Completed in 8.257s (Barbarians: 0.777s, Bots: 7.475s, Processed: 1 bots)
  ✗ ERROR: SQLSTATE[HY000] [1049] Unknown database 'lan_classico1'
[2026-06-18 22:17:33] [Daemon PID 1300] Starting bot processing for world 1
  - Bot 'bills' (ID: 16) processed in 6.873s
  ✓ Completed in 7.644s (Barbarians: 0.768s, Bots: 6.874s, Processed: 1 bots)
  ✗ ERROR: SQLSTATE[HY000] [1049] Unknown database 'lan_classico1'
[2026-06-18 22:18:40] [Daemon PID 1300] Starting bot processing for world 1
  - Bot 'bills' (ID: 16) processed in 6.895s
  ✓ Completed in 7.73s (Barbarians: 0.832s, Bots: 6.896s, Processed: 1 bots)
  ✗ ERROR: SQLSTATE[HY000] [1049] Unknown database 'lan_classico1'
[2026-06-18 22:19:48] [Daemon PID 1300] Starting bot processing for world 1
  - Bot 'bills' (ID: 16) processed in 6.848s
  ✓ Completed in 7.627s (Barbarians: 0.777s, Bots: 6.848s, Processed: 1 bots)
  ✗ ERROR: SQLSTATE[HY000] [1049] Unknown database 'lan_classico1'
[2026-06-18 22:20:56] [Daemon PID 1300] Starting bot processing for world 1
  - Bot 'bills' (ID: 16) processed in 7.158s
  ✓ Completed in 7.942s (Barbarians: 0.781s, Bots: 7.159s, Processed: 1 bots)
  ✗ ERROR: SQLSTATE[HY000] [1049] Unknown database 'lan_classico1'
[2026-06-18 22:22:04] [Daemon PID 1300] Starting bot processing for world 1
  - Bot 'bills' (ID: 16) processed in 7.044s
  ✓ Completed in 7.832s (Barbarians: 0.783s, Bots: 7.044s, Processed: 1 bots)
  ✗ ERROR: SQLSTATE[HY000] [1049] Unknown database 'lan_classico1'
[2026-06-18 22:23:12] [Daemon PID 1300] Starting bot processing for world 1
[2026-06-18 22:23:14] Starting bot processing for world 1
  - Bot 'bills' (ID: 16) processed in 7.633s
  ✓ Completed in 8.406s (Barbarians: 0.77s, Bots: 7.634s, Processed: 1 bots)
  - Bot 'bills' (ID: 16) processed in 4.628s
  ✓ Completed in 5.789s (Barbarians: 0.862s, Bots: 4.628s, Processed: 1 bots)
  ✗ ERROR: SQLSTATE[HY000] [1049] Unknown database 'lan_classico1'
[2026-06-18 22:24:20] [Daemon PID 1300] Starting bot processing for world 1
  - Bot 'bills' (ID: 16) processed in 5.951s
  ✓ Completed in 6.729s (Barbarians: 0.776s, Bots: 5.952s, Processed: 1 bots)
  ✗ ERROR: SQLSTATE[HY000] [1049] Unknown database 'lan_classico1'
[2026-06-18 22:25:27] [Daemon PID 1300] Starting bot processing for world 1
  - Bot 'bills' (ID: 16) processed in 7.099s
  ✓ Completed in 7.878s (Barbarians: 0.777s, Bots: 7.099s, Processed: 1 bots)
  ✗ ERROR: SQLSTATE[HY000] [1049] Unknown database 'lan_classico1'
[2026-06-18 22:26:35] [Daemon PID 1300] Starting bot processing for world 1
  - Bot 'bills' (ID: 16) processed in 6.891s
  ✓ Completed in 7.655s (Barbarians: 0.762s, Bots: 6.891s, Processed: 1 bots)
  ✗ ERROR: SQLSTATE[HY000] [1049] Unknown database 'lan_classico1'
[2026-06-18 22:27:42] [Daemon PID 1300] Starting bot processing for world 1
[2026-06-18 22:27:48] Starting bot processing for world 1
  - Bot 'bills' (ID: 16) processed in 7.002s
  ✓ Completed in 7.808s (Barbarians: 0.802s, Bots: 7.002s, Processed: 1 bots)
  ✗ ERROR: SQLSTATE[HY000] [1049] Unknown database 'lan_classico1'
  - Bot 'bills' (ID: 16) processed in 3.162s
  ✓ Completed in 4.75s (Barbarians: 0.961s, Bots: 3.162s, Processed: 1 bots)
[2026-06-18 22:28:50] [Daemon PID 1300] Starting bot processing for world 1
  - Bot 'bills' (ID: 16) processed in 6.388s
  ✓ Completed in 7.154s (Barbarians: 0.764s, Bots: 6.389s, Processed: 1 bots)
  ✗ ERROR: SQLSTATE[HY000] [1049] Unknown database 'lan_classico1'
[2026-06-18 22:29:57] [Daemon PID 1300] Starting bot processing for world 1
  - Bot 'bills' (ID: 16) processed in 7.225s
  ✓ Completed in 8.047s (Barbarians: 0.819s, Bots: 7.226s, Processed: 1 bots)
  ✗ ERROR: SQLSTATE[HY000] [1049] Unknown database 'lan_classico1'
[2026-06-18 22:31:05] [Daemon PID 1300] Starting bot processing for world 1
  - Bot 'bills' (ID: 16) processed in 6.961s
  ✓ Completed in 7.759s (Barbarians: 0.794s, Bots: 6.962s, Processed: 1 bots)
  ✗ ERROR: SQLSTATE[HY000] [1049] Unknown database 'lan_classico1'
[2026-06-18 22:32:13] [Daemon PID 1300] Starting bot processing for world 1
  - Bot 'bills' (ID: 16) processed in 6.818s
  ✓ Completed in 7.6s (Barbarians: 0.78s, Bots: 6.818s, Processed: 1 bots)
  ✗ ERROR: SQLSTATE[HY000] [1049] Unknown database 'lan_classico1'
[2026-06-18 22:33:21] [Daemon PID 1300] Starting bot processing for world 1
  - Bot 'bills' (ID: 16) processed in 6.802s
  ✓ Completed in 7.586s (Barbarians: 0.779s, Bots: 6.802s, Processed: 1 bots)
  ✗ ERROR: SQLSTATE[HY000] [1049] Unknown database 'lan_classico1'
[2026-06-18 22:34:29] [Daemon PID 1300] Starting bot processing for world 1
  - Bot 'bills' (ID: 16) processed in 6.892s
  ✓ Completed in 7.693s (Barbarians: 0.799s, Bots: 6.892s, Processed: 1 bots)
  ✗ ERROR: SQLSTATE[HY000] [1049] Unknown database 'lan_classico1'
[2026-06-18 22:35:36] [Daemon PID 1300] Starting bot processing for world 1
  - Bot 'bills' (ID: 16) processed in 6.814s
  ✓ Completed in 7.624s (Barbarians: 0.807s, Bots: 6.815s, Processed: 1 bots)
  ✗ ERROR: SQLSTATE[HY000] [1049] Unknown database 'lan_classico1'
[2026-06-18 22:36:44] [Daemon PID 1300] Starting bot processing for world 1
  - Bot 'bills' (ID: 16) processed in 6.958s
  ✓ Completed in 7.762s (Barbarians: 0.801s, Bots: 6.959s, Processed: 1 bots)
  ✗ ERROR: SQLSTATE[HY000] [1049] Unknown database 'lan_classico1'
[2026-06-18 22:37:52] [Daemon PID 1300] Starting bot processing for world 1
  - Bot 'bills' (ID: 16) processed in 6.805s
  ✓ Completed in 7.58s (Barbarians: 0.772s, Bots: 6.806s, Processed: 1 bots)
  ✗ ERROR: SQLSTATE[HY000] [1049] Unknown database 'lan_classico1'
[2026-06-18 22:38:59] [Daemon PID 1300] Starting bot processing for world 1
  - Bot 'bills' (ID: 16) processed in 7.344s
  ✓ Completed in 8.176s (Barbarians: 0.828s, Bots: 7.344s, Processed: 1 bots)
  ✗ ERROR: SQLSTATE[HY000] [1049] Unknown database 'lan_classico1'
[2026-06-18 22:40:07] [Daemon PID 1300] Starting bot processing for world 1
  - Bot 'bills' (ID: 16) processed in 6.795s
  ✓ Completed in 7.561s (Barbarians: 0.763s, Bots: 6.796s, Processed: 1 bots)
  ✗ ERROR: SQLSTATE[HY000] [1049] Unknown database 'lan_classico1'
[2026-06-18 22:41:15] [Daemon PID 1300] Starting bot processing for world 1
  - Bot 'bills' (ID: 16) processed in 6.972s
  ✓ Completed in 7.737s (Barbarians: 0.762s, Bots: 6.973s, Processed: 1 bots)
  ✗ ERROR: SQLSTATE[HY000] [1049] Unknown database 'lan_classico1'
[2026-06-18 22:42:23] [Daemon PID 1300] Starting bot processing for world 1
  - Bot 'bills' (ID: 16) processed in 7.151s
  ✓ Completed in 8.104s (Barbarians: 0.95s, Bots: 7.152s, Processed: 1 bots)
  ✗ ERROR: SQLSTATE[HY000] [1049] Unknown database 'lan_classico1'
[2026-06-18 22:43:31] [Daemon PID 1300] Starting bot processing for world 1
  - Bot 'bills' (ID: 16) processed in 6.776s
  ✓ Completed in 7.57s (Barbarians: 0.792s, Bots: 6.776s, Processed: 1 bots)
  ✗ ERROR: SQLSTATE[HY000] [1049] Unknown database 'lan_classico1'
[2026-06-18 22:44:38] [Daemon PID 1300] Starting bot processing for world 1
  - Bot 'bills' (ID: 16) processed in 6.752s
  ✓ Completed in 7.55s (Barbarians: 0.793s, Bots: 6.752s, Processed: 1 bots)
  ✗ ERROR: SQLSTATE[HY000] [1049] Unknown database 'lan_classico1'
[2026-06-18 22:45:46] [Daemon PID 1300] Starting bot processing for world 1
[2026-06-18 22:45:49] Starting bot processing for world 1
  - Bot 'bills' (ID: 16) processed in 3.888s
  - Bot 'bills' (ID: 16) processed in 7.628s
  ✓ Completed in 8.396s (Barbarians: 0.766s, Bots: 7.629s, Processed: 1 bots)
  ✓ Completed in 5.219s (Barbarians: 0.91s, Bots: 3.889s, Processed: 1 bots)
  ✗ ERROR: SQLSTATE[HY000] [1049] Unknown database 'lan_classico1'
[2026-06-18 22:46:55] [Daemon PID 1300] Starting bot processing for world 1
  - Bot 'bills' (ID: 16) processed in 6.52s
  ✓ Completed in 7.337s (Barbarians: 0.814s, Bots: 6.521s, Processed: 1 bots)
  ✗ ERROR: SQLSTATE[HY000] [1049] Unknown database 'lan_classico1'
[2026-06-18 22:48:02] [Daemon PID 1300] Starting bot processing for world 1
  - Bot 'bills' (ID: 16) processed in 6.796s
  ✓ Completed in 7.591s (Barbarians: 0.792s, Bots: 6.797s, Processed: 1 bots)
  ✗ ERROR: SQLSTATE[HY000] [1049] Unknown database 'lan_classico1'
[2026-06-18 22:49:09] [Daemon PID 1300] Starting bot processing for world 1
  - Bot 'bills' (ID: 16) processed in 6.831s
  ✓ Completed in 7.603s (Barbarians: 0.77s, Bots: 6.832s, Processed: 1 bots)
  ✗ ERROR: SQLSTATE[HY000] [1049] Unknown database 'lan_classico1'
[2026-06-18 22:50:17] [Daemon PID 1300] Starting bot processing for world 1
  - Bot 'bills' (ID: 16) processed in 6.876s
  ✓ Completed in 7.655s (Barbarians: 0.774s, Bots: 6.877s, Processed: 1 bots)
  ✗ ERROR: SQLSTATE[HY000] [1049] Unknown database 'lan_classico1'
[2026-06-18 22:51:25] [Daemon PID 1300] Starting bot processing for world 1
  - Bot 'bills' (ID: 16) processed in 6.966s
  ✓ Completed in 7.746s (Barbarians: 0.778s, Bots: 6.966s, Processed: 1 bots)
  ✗ ERROR: SQLSTATE[HY000] [1049] Unknown database 'lan_classico1'
[2026-06-18 22:52:33] [Daemon PID 1300] Starting bot processing for world 1
  - Bot 'bills' (ID: 16) processed in 6.965s
  ✓ Completed in 7.752s (Barbarians: 0.784s, Bots: 6.966s, Processed: 1 bots)
  ✗ ERROR: SQLSTATE[HY000] [1049] Unknown database 'lan_classico1'
[2026-06-18 22:53:40] [Daemon PID 1300] Starting bot processing for world 1
  - Bot 'bills' (ID: 16) processed in 6.87s
  ✓ Completed in 7.662s (Barbarians: 0.789s, Bots: 6.871s, Processed: 1 bots)
  ✗ ERROR: SQLSTATE[HY000] [1049] Unknown database 'lan_classico1'
[2026-06-18 22:54:48] [Daemon PID 1300] Starting bot processing for world 1
  - Bot 'bills' (ID: 16) processed in 7.014s
  ✓ Completed in 7.815s (Barbarians: 0.8s, Bots: 7.014s, Processed: 1 bots)
  ✗ ERROR: SQLSTATE[HY000] [1049] Unknown database 'lan_classico1'
[2026-06-18 22:55:56] [Daemon PID 1300] Starting bot processing for world 1
  - Bot 'bills' (ID: 16) processed in 6.954s
  ✓ Completed in 7.738s (Barbarians: 0.78s, Bots: 6.954s, Processed: 1 bots)
  ✗ ERROR: SQLSTATE[HY000] [1049] Unknown database 'lan_classico1'
[2026-06-18 22:57:04] [Daemon PID 1300] Starting bot processing for world 1
  - Bot 'bills' (ID: 16) processed in 7.004s
  ✓ Completed in 7.789s (Barbarians: 0.783s, Bots: 7.004s, Processed: 1 bots)
  ✗ ERROR: SQLSTATE[HY000] [1049] Unknown database 'lan_classico1'
[2026-06-18 22:58:11] [Daemon PID 1300] Starting bot processing for world 1
  - Bot 'bills' (ID: 16) processed in 6.875s
  ✓ Completed in 7.645s (Barbarians: 0.768s, Bots: 6.875s, Processed: 1 bots)
  ✗ ERROR: SQLSTATE[HY000] [1049] Unknown database 'lan_classico1'
[2026-06-18 22:59:19] [Daemon PID 1300] Starting bot processing for world 1
  - Bot 'bills' (ID: 16) processed in 6.813s
  ✓ Completed in 7.589s (Barbarians: 0.773s, Bots: 6.814s, Processed: 1 bots)
  ✗ ERROR: SQLSTATE[HY000] [1049] Unknown database 'lan_classico1'
[2026-06-18 23:00:27] [Daemon PID 1300] Starting bot processing for world 1
  - Bot 'bills' (ID: 16) processed in 6.76s
  ✓ Completed in 7.547s (Barbarians: 0.784s, Bots: 6.761s, Processed: 1 bots)
  ✗ ERROR: SQLSTATE[HY000] [1049] Unknown database 'lan_classico1'
[2026-06-18 23:01:34] [Daemon PID 1300] Starting bot processing for world 1
  - Bot 'bills' (ID: 16) processed in 6.839s
  ✓ Completed in 7.611s (Barbarians: 0.768s, Bots: 6.839s, Processed: 1 bots)
  ✗ ERROR: SQLSTATE[HY000] [1049] Unknown database 'lan_classico1'
[2026-06-18 23:02:42] [Daemon PID 1300] Starting bot processing for world 1
[2026-06-18 23:02:49] Starting bot processing for world 1
  - Bot 'bills' (ID: 16) processed in 6.843s
  ✓ Completed in 7.623s (Barbarians: 0.778s, Bots: 6.844s, Processed: 1 bots)
  ✗ ERROR: SQLSTATE[HY000] [1049] Unknown database 'lan_classico1'
  - Bot 'bills' (ID: 16) processed in 3.266s
  ✓ Completed in 4.709s (Barbarians: 0.802s, Bots: 3.266s, Processed: 1 bots)
[2026-06-18 23:03:50] [Daemon PID 1300] Starting bot processing for world 1
  - Bot 'bills' (ID: 16) processed in 6.463s
  ✓ Completed in 7.244s (Barbarians: 0.779s, Bots: 6.464s, Processed: 1 bots)
  ✗ ERROR: SQLSTATE[HY000] [1049] Unknown database 'lan_classico1'
[2026-06-18 23:04:57] [Daemon PID 1300] Starting bot processing for world 1
  - Bot 'bills' (ID: 16) processed in 6.986s
  ✓ Completed in 7.772s (Barbarians: 0.783s, Bots: 6.987s, Processed: 1 bots)
  ✗ ERROR: SQLSTATE[HY000] [1049] Unknown database 'lan_classico1'
[2026-06-18 23:06:05] [Daemon PID 1300] Starting bot processing for world 1
  - Bot 'bills' (ID: 16) processed in 6.753s
  ✓ Completed in 7.522s (Barbarians: 0.767s, Bots: 6.753s, Processed: 1 bots)
  ✗ ERROR: SQLSTATE[HY000] [1049] Unknown database 'lan_classico1'
[2026-06-18 23:07:12] [Daemon PID 1300] Starting bot processing for world 1
  - Bot 'bills' (ID: 16) processed in 6.806s
  ✓ Completed in 7.579s (Barbarians: 0.768s, Bots: 6.806s, Processed: 1 bots)
  ✗ ERROR: SQLSTATE[HY000] [1049] Unknown database 'lan_classico1'
[2026-06-18 23:08:20] [Daemon PID 1300] Starting bot processing for world 1
  - Bot 'bills' (ID: 16) processed in 6.928s
  ✓ Completed in 7.715s (Barbarians: 0.785s, Bots: 6.929s, Processed: 1 bots)
  ✗ ERROR: SQLSTATE[HY000] [1049] Unknown database 'lan_classico1'
[2026-06-18 23:09:28] [Daemon PID 1300] Starting bot processing for world 1
  - Bot 'bills' (ID: 16) processed in 7.032s
  ✓ Completed in 7.809s (Barbarians: 0.774s, Bots: 7.032s, Processed: 1 bots)
  ✗ ERROR: SQLSTATE[HY000] [1049] Unknown database 'lan_classico1'
[2026-06-18 23:10:35] [Daemon PID 1300] Starting bot processing for world 1
  - Bot 'bills' (ID: 16) processed in 6.971s
  ✓ Completed in 7.775s (Barbarians: 0.801s, Bots: 6.971s, Processed: 1 bots)
  ✗ ERROR: SQLSTATE[HY000] [1049] Unknown database 'lan_classico1'
[2026-06-18 23:11:43] [Daemon PID 1300] Starting bot processing for world 1
  - Bot 'bills' (ID: 16) processed in 7.19s
  ✓ Completed in 8.025s (Barbarians: 0.833s, Bots: 7.19s, Processed: 1 bots)
  ✗ ERROR: SQLSTATE[HY000] [1049] Unknown database 'lan_classico1'
[2026-06-18 23:12:51] [Daemon PID 1300] Starting bot processing for world 1
  - Bot 'bills' (ID: 16) processed in 6.888s
  ✓ Completed in 7.678s (Barbarians: 0.785s, Bots: 6.889s, Processed: 1 bots)
  ✗ ERROR: SQLSTATE[HY000] [1049] Unknown database 'lan_classico1'
[2026-06-18 23:15:49] Starting bot processing for world 1
  - Bot 'bills' (ID: 16) processed in 10.204s
  ✓ Completed in 11.467s (Barbarians: 0.764s, Bots: 10.204s, Processed: 1 bots)
[2026-06-18 23:18:49] Starting bot processing for world 1
  - Bot 'bills' (ID: 16) processed in 10.098s
  ✓ Completed in 11.288s (Barbarians: 0.779s, Bots: 10.098s, Processed: 1 bots)
[2026-06-18 23:21:49] Starting bot processing for world 1
  - Bot 'bills' (ID: 16) processed in 10.186s
  ✓ Completed in 11.683s (Barbarians: 0.793s, Bots: 10.187s, Processed: 1 bots)
[2026-06-18 23:23:49] Starting bot processing for world 1
  - Bot 'bills' (ID: 16) processed in 10.172s
  ✓ Completed in 11.397s (Barbarians: 0.805s, Bots: 10.173s, Processed: 1 bots)
[2026-06-18 23:25:49] Starting bot processing for world 1
  - Bot 'bills' (ID: 16) processed in 10.104s
  ✓ Completed in 11.459s (Barbarians: 0.805s, Bots: 10.105s, Processed: 1 bots)
[2026-06-18 23:27:49] Starting bot processing for world 1
  - Bot 'bills' (ID: 16) processed in 10.233s
  ✓ Completed in 11.617s (Barbarians: 0.782s, Bots: 10.234s, Processed: 1 bots)
[2026-06-18 23:29:49] Starting bot processing for world 1
  - Bot 'bills' (ID: 16) processed in 10.141s
  ✓ Completed in 11.38s (Barbarians: 0.796s, Bots: 10.142s, Processed: 1 bots)
[2026-06-18 23:31:49] Starting bot processing for world 1
  - Bot 'bills' (ID: 16) processed in 10.384s
  ✓ Completed in 11.988s (Barbarians: 0.799s, Bots: 10.384s, Processed: 1 bots)
[2026-06-18 23:33:49] Starting bot processing for world 1
  - Bot 'bills' (ID: 16) processed in 9.93s
  ✓ Completed in 11.17s (Barbarians: 0.8s, Bots: 9.931s, Processed: 1 bots)
[2026-06-18 23:35:48] Starting bot processing for world 1
  - Bot 'bills' (ID: 16) processed in 10.451s
  ✓ Completed in 11.736s (Barbarians: 0.815s, Bots: 10.452s, Processed: 1 bots)
[2026-06-18 23:37:48] Starting bot processing for world 1
  - Bot 'bills' (ID: 16) processed in 9.821s
  ✓ Completed in 11.386s (Barbarians: 0.793s, Bots: 9.822s, Processed: 1 bots)
[2026-06-18 23:40:49] Starting bot processing for world 1
  - Bot 'bills' (ID: 16) processed in 10.022s
  ✓ Completed in 11.203s (Barbarians: 0.781s, Bots: 10.022s, Processed: 1 bots)
[2026-06-18 23:42:49] Starting bot processing for world 1
  - Bot 'bills' (ID: 16) processed in 10.006s
  ✓ Completed in 11.385s (Barbarians: 0.836s, Bots: 10.007s, Processed: 1 bots)
[2026-06-18 23:44:49] Starting bot processing for world 1
  - Bot 'bills' (ID: 16) processed in 9.909s
  ✓ Completed in 11.343s (Barbarians: 0.782s, Bots: 9.909s, Processed: 1 bots)
[2026-06-18 23:46:49] Starting bot processing for world 1
  - Bot 'bills' (ID: 16) processed in 9.846s
  ✓ Completed in 11.124s (Barbarians: 0.749s, Bots: 9.847s, Processed: 1 bots)
[2026-06-18 23:49:49] Starting bot processing for world 1
  - Bot 'bills' (ID: 16) processed in 9.97s
  ✓ Completed in 11.324s (Barbarians: 0.765s, Bots: 9.971s, Processed: 1 bots)
[2026-06-18 23:51:49] Starting bot processing for world 1
  - Bot 'bills' (ID: 16) processed in 10.089s
  ✓ Completed in 11.249s (Barbarians: 0.787s, Bots: 10.089s, Processed: 1 bots)
[2026-06-18 23:53:49] Starting bot processing for world 1
  - Bot 'bills' (ID: 16) processed in 9.906s
  ✓ Completed in 11.303s (Barbarians: 0.775s, Bots: 9.907s, Processed: 1 bots)
[2026-06-18 23:55:49] Starting bot processing for world 1
  - Bot 'bills' (ID: 16) processed in 9.756s
  ✓ Completed in 11.152s (Barbarians: 0.774s, Bots: 9.757s, Processed: 1 bots)
[2026-06-18 23:58:49] Starting bot processing for world 1
  - Bot 'bills' (ID: 16) processed in 9.849s
  ✓ Completed in 10.99s (Barbarians: 0.791s, Bots: 9.849s, Processed: 1 bots)
[2026-06-19 00:00:49] Starting bot processing for world 1
  - Bot 'bills' (ID: 16) processed in 10.003s
  ✓ Completed in 11.264s (Barbarians: 0.769s, Bots: 10.004s, Processed: 1 bots)
[2026-06-19 00:03:49] Starting bot processing for world 1
  - Bot 'bills' (ID: 16) processed in 10.082s
  ✓ Completed in 11.442s (Barbarians: 0.77s, Bots: 10.082s, Processed: 1 bots)
[2026-06-19 00:05:49] Starting bot processing for world 1
  - Bot 'bills' (ID: 16) processed in 9.916s
  ✓ Completed in 11.855s (Barbarians: 0.755s, Bots: 9.916s, Processed: 1 bots)
[2026-06-19 00:07:49] Starting bot processing for world 1
  - Bot 'bills' (ID: 16) processed in 10.009s
  ✓ Completed in 11.223s (Barbarians: 0.804s, Bots: 10.009s, Processed: 1 bots)
[2026-06-19 00:09:49] Starting bot processing for world 1
  - Bot 'bills' (ID: 16) processed in 9.87s
  ✓ Completed in 11.129s (Barbarians: 0.778s, Bots: 9.87s, Processed: 1 bots)
[2026-06-19 00:12:49] Starting bot processing for world 1
  - Bot 'bills' (ID: 16) processed in 10.076s
  ✓ Completed in 11.348s (Barbarians: 0.763s, Bots: 10.076s, Processed: 1 bots)
[2026-06-19 00:15:49] Starting bot processing for world 1
  - Bot 'bills' (ID: 16) processed in 10.144s
  ✓ Completed in 11.53s (Barbarians: 0.783s, Bots: 10.144s, Processed: 1 bots)
[2026-06-19 00:17:49] Starting bot processing for world 1
  - Bot 'bills' (ID: 16) processed in 10.018s
  ✓ Completed in 11.299s (Barbarians: 0.8s, Bots: 10.019s, Processed: 1 bots)
[2026-06-19 00:20:49] Starting bot processing for world 1
  - Bot 'bills' (ID: 16) processed in 10.435s
  ✓ Completed in 11.706s (Barbarians: 0.807s, Bots: 10.436s, Processed: 1 bots)
[2026-06-19 00:23:49] Starting bot processing for world 1
  - Bot 'bills' (ID: 16) processed in 10.353s
  ✓ Completed in 11.749s (Barbarians: 0.822s, Bots: 10.353s, Processed: 1 bots)
[2026-06-19 00:25:49] Starting bot processing for world 1
  - Bot 'bills' (ID: 16) processed in 10.22s
  ✓ Completed in 11.308s (Barbarians: 0.788s, Bots: 10.221s, Processed: 1 bots)
[2026-06-19 00:28:49] Starting bot processing for world 1
  - Bot 'bills' (ID: 16) processed in 10.429s
  ✓ Completed in 12.346s (Barbarians: 0.81s, Bots: 10.429s, Processed: 1 bots)
[2026-06-19 00:30:49] Starting bot processing for world 1
  - Bot 'bills' (ID: 16) processed in 10.202s
  ✓ Completed in 11.539s (Barbarians: 0.792s, Bots: 10.203s, Processed: 1 bots)
[2026-06-19 00:33:49] Starting bot processing for world 1
  - Bot 'bills' (ID: 16) processed in 10.113s
  ✓ Completed in 11.26s (Barbarians: 0.785s, Bots: 10.114s, Processed: 1 bots)
[2026-06-19 00:36:49] Starting bot processing for world 1
  - Bot 'bills' (ID: 16) processed in 10.15s
  ✓ Completed in 11.479s (Barbarians: 0.796s, Bots: 10.151s, Processed: 1 bots)
[2026-06-19 00:38:49] Starting bot processing for world 1
  - Bot 'bills' (ID: 16) processed in 9.878s
  ✓ Completed in 11.166s (Barbarians: 0.781s, Bots: 9.879s, Processed: 1 bots)
[2026-06-19 00:40:49] Starting bot processing for world 1
  - Bot 'bills' (ID: 16) processed in 9.911s
  ✓ Completed in 11.146s (Barbarians: 0.795s, Bots: 9.911s, Processed: 1 bots)
[2026-06-19 00:42:49] Starting bot processing for world 1
  - Bot 'bills' (ID: 16) processed in 9.877s
  ✓ Completed in 10.999s (Barbarians: 0.803s, Bots: 9.878s, Processed: 1 bots)
[2026-06-19 00:45:49] Starting bot processing for world 1
  - Bot 'bills' (ID: 16) processed in 10.182s
  ✓ Completed in 11.453s (Barbarians: 0.797s, Bots: 10.183s, Processed: 1 bots)
[2026-06-19 00:47:49] Starting bot processing for world 1
  - Bot 'bills' (ID: 16) processed in 10.134s
  ✓ Completed in 11.275s (Barbarians: 0.804s, Bots: 10.135s, Processed: 1 bots)
[2026-06-19 00:50:49] Starting bot processing for world 1
  - Bot 'bills' (ID: 16) processed in 10.158s
  ✓ Completed in 11.619s (Barbarians: 0.81s, Bots: 10.159s, Processed: 1 bots)
[2026-06-19 00:52:49] Starting bot processing for world 1
  - Bot 'bills' (ID: 16) processed in 9.919s
  ✓ Completed in 11.208s (Barbarians: 0.822s, Bots: 9.919s, Processed: 1 bots)
[2026-06-19 00:54:49] Starting bot processing for world 1
  - Bot 'bills' (ID: 16) processed in 9.833s
  ✓ Completed in 10.976s (Barbarians: 0.803s, Bots: 9.833s, Processed: 1 bots)
[2026-06-19 00:57:49] Starting bot processing for world 1
  - Bot 'bills' (ID: 16) processed in 9.869s
  ✓ Completed in 11.303s (Barbarians: 0.767s, Bots: 9.869s, Processed: 1 bots)
[2026-06-19 00:59:49] Starting bot processing for world 1
  - Bot 'bills' (ID: 16) processed in 9.995s
  ✓ Completed in 11.343s (Barbarians: 0.821s, Bots: 9.996s, Processed: 1 bots)
[2026-06-19 01:02:49] Starting bot processing for world 1
  - Bot 'bills' (ID: 16) processed in 10.068s
  ✓ Completed in 11.203s (Barbarians: 0.805s, Bots: 10.068s, Processed: 1 bots)
[2026-06-19 01:04:49] Starting bot processing for world 1
  - Bot 'bills' (ID: 16) processed in 9.872s
  ✓ Completed in 11.178s (Barbarians: 0.809s, Bots: 9.873s, Processed: 1 bots)
[2026-06-19 01:06:49] Starting bot processing for world 1
  - Bot 'bills' (ID: 16) processed in 10.237s
  ✓ Completed in 11.431s (Barbarians: 0.825s, Bots: 10.238s, Processed: 1 bots)
[2026-06-19 01:08:49] Starting bot processing for world 1
  - Bot 'bills' (ID: 16) processed in 9.995s
  ✓ Completed in 11.259s (Barbarians: 0.794s, Bots: 9.995s, Processed: 1 bots)
[2026-06-19 01:10:49] Starting bot processing for world 1
  - Bot 'bills' (ID: 16) processed in 10s
  ✓ Completed in 11.376s (Barbarians: 0.827s, Bots: 10.001s, Processed: 1 bots)
[2026-06-19 01:12:49] Starting bot processing for world 1
  - Bot 'bills' (ID: 16) processed in 9.953s
  ✓ Completed in 11.268s (Barbarians: 0.807s, Bots: 9.954s, Processed: 1 bots)
[2026-06-19 01:14:49] Starting bot processing for world 1
  - Bot 'bills' (ID: 16) processed in 9.97s
  ✓ Completed in 11.263s (Barbarians: 0.795s, Bots: 9.971s, Processed: 1 bots)
[2026-06-19 01:16:49] Starting bot processing for world 1
  - Bot 'bills' (ID: 16) processed in 9.954s
  ✓ Completed in 11.288s (Barbarians: 0.814s, Bots: 9.954s, Processed: 1 bots)
[2026-06-19 01:19:49] Starting bot processing for world 1
  - Bot 'bills' (ID: 16) processed in 9.964s
  ✓ Completed in 11.104s (Barbarians: 0.776s, Bots: 9.965s, Processed: 1 bots)
[2026-06-19 01:22:49] Starting bot processing for world 1
  - Bot 'bills' (ID: 16) processed in 10.029s
  ✓ Completed in 11.483s (Barbarians: 0.797s, Bots: 10.029s, Processed: 1 bots)
[2026-06-19 01:24:49] Starting bot processing for world 1
  - Bot 'bills' (ID: 16) processed in 10.056s
  ✓ Completed in 11.177s (Barbarians: 0.791s, Bots: 10.056s, Processed: 1 bots)
[2026-06-19 01:26:49] Starting bot processing for world 1
  - Bot 'bills' (ID: 16) processed in 10.058s
  ✓ Completed in 11.448s (Barbarians: 0.824s, Bots: 10.059s, Processed: 1 bots)
[2026-06-19 01:29:49] Starting bot processing for world 1
  - Bot 'bills' (ID: 16) processed in 10.235s
  ✓ Completed in 11.406s (Barbarians: 0.819s, Bots: 10.236s, Processed: 1 bots)
[2026-06-19 01:32:49] Starting bot processing for world 1
  - Bot 'bills' (ID: 16) processed in 10.095s
  ✓ Completed in 12.194s (Barbarians: 0.8s, Bots: 10.096s, Processed: 1 bots)
[2026-06-19 01:34:49] Starting bot processing for world 1
  - Bot 'bills' (ID: 16) processed in 10.014s
  ✓ Completed in 11.369s (Barbarians: 0.804s, Bots: 10.014s, Processed: 1 bots)
[2026-06-19 01:36:49] Starting bot processing for world 1
  - Bot 'bills' (ID: 16) processed in 9.951s
  ✓ Completed in 11.183s (Barbarians: 0.775s, Bots: 9.951s, Processed: 1 bots)
[2026-06-19 01:39:49] Starting bot processing for world 1
  - Bot 'bills' (ID: 16) processed in 10.185s
  ✓ Completed in 11.435s (Barbarians: 0.782s, Bots: 10.185s, Processed: 1 bots)
[2026-06-19 01:41:49] Starting bot processing for world 1
  - Bot 'bills' (ID: 16) processed in 10.057s
  ✓ Completed in 11.44s (Barbarians: 0.8s, Bots: 10.057s, Processed: 1 bots)
[2026-06-19 01:44:49] Starting bot processing for world 1
  - Bot 'bills' (ID: 16) processed in 9.983s
  ✓ Completed in 11.357s (Barbarians: 0.794s, Bots: 9.983s, Processed: 1 bots)
[2026-06-19 01:46:49] Starting bot processing for world 1
  - Bot 'bills' (ID: 16) processed in 10.06s
  ✓ Completed in 11.418s (Barbarians: 0.785s, Bots: 10.061s, Processed: 1 bots)
[2026-06-19 01:49:49] Starting bot processing for world 1
  - Bot 'bills' (ID: 16) processed in 10.223s
  ✓ Completed in 11.707s (Barbarians: 0.787s, Bots: 10.223s, Processed: 1 bots)
[2026-06-19 01:52:49] Starting bot processing for world 1
  - Bot 'bills' (ID: 16) processed in 10.37s
  ✓ Completed in 11.57s (Barbarians: 0.81s, Bots: 10.371s, Processed: 1 bots)
[2026-06-19 01:54:49] Starting bot processing for world 1
  - Bot 'bills' (ID: 16) processed in 10.104s
  ✓ Completed in 11.545s (Barbarians: 0.82s, Bots: 10.105s, Processed: 1 bots)
[2026-06-19 01:56:49] Starting bot processing for world 1
  - Bot 'bills' (ID: 16) processed in 10.064s
  ✓ Completed in 11.277s (Barbarians: 0.769s, Bots: 10.064s, Processed: 1 bots)
[2026-06-19 01:58:49] Starting bot processing for world 1
  - Bot 'bills' (ID: 16) processed in 10.148s
  ✓ Completed in 11.468s (Barbarians: 0.802s, Bots: 10.148s, Processed: 1 bots)
[2026-06-19 02:00:49] Starting bot processing for world 1
  - Bot 'bills' (ID: 16) processed in 10.032s
  ✓ Completed in 11.264s (Barbarians: 0.804s, Bots: 10.032s, Processed: 1 bots)
[2026-06-19 02:02:49] Starting bot processing for world 1
  - Bot 'bills' (ID: 16) processed in 9.942s
  ✓ Completed in 11.082s (Barbarians: 0.795s, Bots: 9.942s, Processed: 1 bots)
[2026-06-19 02:04:49] Starting bot processing for world 1
  - Bot 'bills' (ID: 16) processed in 9.932s
  ✓ Completed in 11.159s (Barbarians: 0.774s, Bots: 9.933s, Processed: 1 bots)
[2026-06-19 02:06:49] Starting bot processing for world 1
  - Bot 'bills' (ID: 16) processed in 10.009s
  ✓ Completed in 11.128s (Barbarians: 0.779s, Bots: 10.01s, Processed: 1 bots)
[2026-06-19 02:08:49] Starting bot processing for world 1
  - Bot 'bills' (ID: 16) processed in 10.127s
  ✓ Completed in 11.476s (Barbarians: 0.813s, Bots: 10.128s, Processed: 1 bots)
[2026-06-19 02:11:49] Starting bot processing for world 1
  - Bot 'bills' (ID: 16) processed in 10.213s
  ✓ Completed in 11.394s (Barbarians: 0.799s, Bots: 10.214s, Processed: 1 bots)
[2026-06-19 02:14:49] Starting bot processing for world 1
  - Bot 'bills' (ID: 16) processed in 10.155s
  ✓ Completed in 11.479s (Barbarians: 0.774s, Bots: 10.156s, Processed: 1 bots)
[2026-06-19 02:16:49] Starting bot processing for world 1
  - Bot 'bills' (ID: 16) processed in 10.097s
  ✓ Completed in 11.361s (Barbarians: 0.784s, Bots: 10.097s, Processed: 1 bots)
[2026-06-19 02:18:49] Starting bot processing for world 1
  - Bot 'bills' (ID: 16) processed in 9.937s
  ✓ Completed in 11.154s (Barbarians: 0.768s, Bots: 9.937s, Processed: 1 bots)
[2026-06-19 02:20:49] Starting bot processing for world 1
  - Bot 'bills' (ID: 16) processed in 9.997s
  ✓ Completed in 11.271s (Barbarians: 0.783s, Bots: 9.997s, Processed: 1 bots)
[2026-06-19 02:22:49] Starting bot processing for world 1
  - Bot 'bills' (ID: 16) processed in 10.131s
  ✓ Completed in 11.482s (Barbarians: 0.797s, Bots: 10.132s, Processed: 1 bots)
[2026-06-19 02:24:49] Starting bot processing for world 1
  - Bot 'bills' (ID: 16) processed in 10.129s
  ✓ Completed in 11.385s (Barbarians: 0.817s, Bots: 10.13s, Processed: 1 bots)
[2026-06-19 02:27:49] Starting bot processing for world 1
  - Bot 'bills' (ID: 16) processed in 10.369s
  ✓ Completed in 11.505s (Barbarians: 0.81s, Bots: 10.369s, Processed: 1 bots)
[2026-06-19 02:29:49] Starting bot processing for world 1
  - Bot 'bills' (ID: 16) processed in 10.274s
  ✓ Completed in 11.81s (Barbarians: 0.819s, Bots: 10.275s, Processed: 1 bots)
[2026-06-19 02:32:49] Starting bot processing for world 1
  - Bot 'bills' (ID: 16) processed in 10.208s
  ✓ Completed in 11.417s (Barbarians: 0.798s, Bots: 10.208s, Processed: 1 bots)
[2026-06-19 02:35:49] Starting bot processing for world 1
  - Bot 'bills' (ID: 16) processed in 10.212s
  ✓ Completed in 11.496s (Barbarians: 0.771s, Bots: 10.213s, Processed: 1 bots)
[2026-06-19 02:37:49] Starting bot processing for world 1
  - Bot 'bills' (ID: 16) processed in 10.099s
  ✓ Completed in 11.402s (Barbarians: 0.772s, Bots: 10.099s, Processed: 1 bots)
[2026-06-19 02:39:49] Starting bot processing for world 1
  - Bot 'bills' (ID: 16) processed in 10.458s
  ✓ Completed in 10.923s (Barbarians: 0.226s, Bots: 10.459s, Processed: 1 bots)
[2026-06-19 02:41:49] Starting bot processing for world 1
  - Bot 'bills' (ID: 16) processed in 10.142s
  ✓ Completed in 11.285s (Barbarians: 0.802s, Bots: 10.143s, Processed: 1 bots)
[2026-06-19 02:44:49] Starting bot processing for world 1
  - Bot 'bills' (ID: 16) processed in 10.191s
  ✓ Completed in 11.699s (Barbarians: 0.787s, Bots: 10.192s, Processed: 1 bots)
[2026-06-19 02:46:49] Starting bot processing for world 1
  - Bot 'bills' (ID: 16) processed in 10.025s
  ✓ Completed in 11.199s (Barbarians: 0.772s, Bots: 10.026s, Processed: 1 bots)
[2026-06-19 02:48:49] Starting bot processing for world 1
  - Bot 'bills' (ID: 16) processed in 9.99s
  ✓ Completed in 11.118s (Barbarians: 0.776s, Bots: 9.991s, Processed: 1 bots)
[2026-06-19 02:50:49] Starting bot processing for world 1
  - Bot 'bills' (ID: 16) processed in 10.068s
  ✓ Completed in 11.41s (Barbarians: 0.799s, Bots: 10.069s, Processed: 1 bots)
[2026-06-19 02:52:49] Starting bot processing for world 1
  - Bot 'bills' (ID: 16) processed in 10.154s
  ✓ Completed in 11.692s (Barbarians: 0.814s, Bots: 10.154s, Processed: 1 bots)
[2026-06-19 02:54:49] Starting bot processing for world 1
  - Bot 'bills' (ID: 16) processed in 10.181s
  ✓ Completed in 11.296s (Barbarians: 0.789s, Bots: 10.181s, Processed: 1 bots)
[2026-06-19 02:56:49] Starting bot processing for world 1
  - Bot 'bills' (ID: 16) processed in 10.048s
  ✓ Completed in 11.447s (Barbarians: 0.805s, Bots: 10.049s, Processed: 1 bots)
[2026-06-19 02:58:49] Starting bot processing for world 1
  - Bot 'bills' (ID: 16) processed in 10.253s
  ✓ Completed in 11.426s (Barbarians: 0.8s, Bots: 10.253s, Processed: 1 bots)
[2026-06-19 03:00:49] Starting bot processing for world 1
  - Bot 'bills' (ID: 16) processed in 10.134s
  ✓ Completed in 11.378s (Barbarians: 0.775s, Bots: 10.134s, Processed: 1 bots)
[2026-06-19 03:02:49] Starting bot processing for world 1
  - Bot 'bills' (ID: 16) processed in 10.112s
  ✓ Completed in 11.244s (Barbarians: 0.787s, Bots: 10.113s, Processed: 1 bots)
[2026-06-19 03:04:49] Starting bot processing for world 1
  - Bot 'bills' (ID: 16) processed in 10.212s
  ✓ Completed in 11.685s (Barbarians: 0.802s, Bots: 10.213s, Processed: 1 bots)
[2026-06-19 03:06:49] Starting bot processing for world 1
  - Bot 'bills' (ID: 16) processed in 10.139s
  ✓ Completed in 11.269s (Barbarians: 0.804s, Bots: 10.14s, Processed: 1 bots)
[2026-06-19 03:08:49] Starting bot processing for world 1
  - Bot 'bills' (ID: 16) processed in 10.228s
  ✓ Completed in 12.057s (Barbarians: 0.79s, Bots: 10.228s, Processed: 1 bots)
[2026-06-19 03:10:49] Starting bot processing for world 1
  - Bot 'bills' (ID: 16) processed in 10.081s
  ✓ Completed in 11.223s (Barbarians: 0.781s, Bots: 10.081s, Processed: 1 bots)
[2026-06-19 03:13:49] Starting bot processing for world 1
  - Bot 'bills' (ID: 16) processed in 10.276s
  ✓ Completed in 11.911s (Barbarians: 0.794s, Bots: 10.277s, Processed: 1 bots)
[2026-06-19 03:15:49] Starting bot processing for world 1
  - Bot 'bills' (ID: 16) processed in 10.099s
  ✓ Completed in 11.396s (Barbarians: 0.794s, Bots: 10.099s, Processed: 1 bots)
[2026-06-19 03:17:49] Starting bot processing for world 1
  - Bot 'bills' (ID: 16) processed in 9.928s
  ✓ Completed in 11.124s (Barbarians: 0.782s, Bots: 9.928s, Processed: 1 bots)
[2026-06-19 03:19:49] Starting bot processing for world 1
  - Bot 'bills' (ID: 16) processed in 10.156s
  ✓ Completed in 11.472s (Barbarians: 0.776s, Bots: 10.157s, Processed: 1 bots)
[2026-06-19 03:21:49] Starting bot processing for world 1
  - Bot 'bills' (ID: 16) processed in 10.198s
  ✓ Completed in 11.378s (Barbarians: 0.784s, Bots: 10.198s, Processed: 1 bots)
[2026-06-19 03:23:49] Starting bot processing for world 1
  - Bot 'bills' (ID: 16) processed in 10.164s
  ✓ Completed in 11.473s (Barbarians: 0.797s, Bots: 10.165s, Processed: 1 bots)
[2026-06-19 03:25:49] Starting bot processing for world 1
  - Bot 'bills' (ID: 16) processed in 10.124s
  ✓ Completed in 11.517s (Barbarians: 0.803s, Bots: 10.125s, Processed: 1 bots)
[2026-06-19 03:27:49] Starting bot processing for world 1
  - Bot 'bills' (ID: 16) processed in 9.949s
  ✓ Completed in 11.684s (Barbarians: 0.791s, Bots: 9.949s, Processed: 1 bots)
[2026-06-19 03:29:49] Starting bot processing for world 1
  - Bot 'bills' (ID: 16) processed in 10.038s
  ✓ Completed in 11.408s (Barbarians: 0.795s, Bots: 10.039s, Processed: 1 bots)
[2026-06-19 03:31:49] Starting bot processing for world 1
  - Bot 'bills' (ID: 16) processed in 10.104s
  ✓ Completed in 11.395s (Barbarians: 0.766s, Bots: 10.105s, Processed: 1 bots)
[2026-06-19 03:33:49] Starting bot processing for world 1
  - Bot 'bills' (ID: 16) processed in 10.077s
  ✓ Completed in 11.381s (Barbarians: 0.78s, Bots: 10.078s, Processed: 1 bots)
[2026-06-19 03:36:49] Starting bot processing for world 1
  - Bot 'bills' (ID: 16) processed in 10.196s
  ✓ Completed in 11.4s (Barbarians: 0.778s, Bots: 10.196s, Processed: 1 bots)
[2026-06-19 03:38:49] Starting bot processing for world 1
  - Bot 'bills' (ID: 16) processed in 10.102s
  ✓ Completed in 11.576s (Barbarians: 0.798s, Bots: 10.103s, Processed: 1 bots)
[2026-06-19 03:41:49] Starting bot processing for world 1
  - Bot 'bills' (ID: 16) processed in 10.392s
  ✓ Completed in 11.923s (Barbarians: 0.805s, Bots: 10.393s, Processed: 1 bots)
[2026-06-19 03:43:49] Starting bot processing for world 1
  - Bot 'bills' (ID: 16) processed in 10.255s
  ✓ Completed in 11.737s (Barbarians: 0.816s, Bots: 10.256s, Processed: 1 bots)
[2026-06-19 03:45:49] Starting bot processing for world 1
  - Bot 'bills' (ID: 16) processed in 10.154s
  ✓ Completed in 11.389s (Barbarians: 0.788s, Bots: 10.155s, Processed: 1 bots)
[2026-06-19 03:47:49] Starting bot processing for world 1
  - Bot 'bills' (ID: 16) processed in 10.011s
  ✓ Completed in 11.642s (Barbarians: 0.787s, Bots: 10.011s, Processed: 1 bots)
[2026-06-19 03:49:49] Starting bot processing for world 1
  - Bot 'bills' (ID: 16) processed in 9.995s
  ✓ Completed in 11.433s (Barbarians: 0.801s, Bots: 9.996s, Processed: 1 bots)
[2026-06-19 03:51:49] Starting bot processing for world 1
  - Bot 'bills' (ID: 16) processed in 10.126s
  ✓ Completed in 11.275s (Barbarians: 0.775s, Bots: 10.127s, Processed: 1 bots)
[2026-06-19 03:54:49] Starting bot processing for world 1
  - Bot 'bills' (ID: 16) processed in 10.318s
  ✓ Completed in 11.559s (Barbarians: 0.785s, Bots: 10.318s, Processed: 1 bots)
[2026-06-19 03:56:49] Starting bot processing for world 1
  - Bot 'bills' (ID: 16) processed in 10.197s
  ✓ Completed in 11.361s (Barbarians: 0.791s, Bots: 10.197s, Processed: 1 bots)
[2026-06-19 03:58:49] Starting bot processing for world 1
  - Bot 'bills' (ID: 16) processed in 10.101s
  ✓ Completed in 11.464s (Barbarians: 0.782s, Bots: 10.101s, Processed: 1 bots)
[2026-06-19 04:00:49] Starting bot processing for world 1
  - Bot 'bills' (ID: 16) processed in 10.099s
  ✓ Completed in 11.257s (Barbarians: 0.797s, Bots: 10.099s, Processed: 1 bots)
[2026-06-19 04:03:49] Starting bot processing for world 1
  - Bot 'bills' (ID: 16) processed in 10.373s
  ✓ Completed in 11.637s (Barbarians: 0.787s, Bots: 10.373s, Processed: 1 bots)
[2026-06-19 04:05:49] Starting bot processing for world 1
  - Bot 'bills' (ID: 16) processed in 10.341s
  ✓ Completed in 11.486s (Barbarians: 0.808s, Bots: 10.341s, Processed: 1 bots)
[2026-06-19 04:07:49] Starting bot processing for world 1
  - Bot 'bills' (ID: 16) processed in 10.353s
  ✓ Completed in 12.379s (Barbarians: 0.814s, Bots: 10.354s, Processed: 1 bots)
[2026-06-19 04:10:49] Starting bot processing for world 1
  - Bot 'bills' (ID: 16) processed in 10.334s
  ✓ Completed in 11.548s (Barbarians: 0.785s, Bots: 10.335s, Processed: 1 bots)
[2026-06-19 04:13:49] Starting bot processing for world 1
  - Bot 'bills' (ID: 16) processed in 10.345s
  ✓ Completed in 11.604s (Barbarians: 0.785s, Bots: 10.346s, Processed: 1 bots)
[2026-06-19 04:15:49] Starting bot processing for world 1
  - Bot 'bills' (ID: 16) processed in 10.191s
  ✓ Completed in 11.477s (Barbarians: 0.797s, Bots: 10.192s, Processed: 1 bots)
[2026-06-19 04:17:49] Starting bot processing for world 1
  - Bot 'bills' (ID: 16) processed in 10.174s
  ✓ Completed in 11.434s (Barbarians: 0.77s, Bots: 10.175s, Processed: 1 bots)
[2026-06-19 04:20:49] Starting bot processing for world 1
  - Bot 'bills' (ID: 16) processed in 10.199s
  ✓ Completed in 11.549s (Barbarians: 0.785s, Bots: 10.2s, Processed: 1 bots)
[2026-06-19 04:23:49] Starting bot processing for world 1
  - Bot 'bills' (ID: 16) processed in 10.22s
  ✓ Completed in 12.09s (Barbarians: 0.791s, Bots: 10.221s, Processed: 1 bots)
[2026-06-19 04:25:49] Starting bot processing for world 1
  - Bot 'bills' (ID: 16) processed in 10.196s
  ✓ Completed in 11.58s (Barbarians: 0.801s, Bots: 10.196s, Processed: 1 bots)
[2026-06-19 04:28:49] Starting bot processing for world 1
  - Bot 'bills' (ID: 16) processed in 10.387s
  ✓ Completed in 11.683s (Barbarians: 0.803s, Bots: 10.388s, Processed: 1 bots)
[2026-06-19 04:30:49] Starting bot processing for world 1
  - Bot 'bills' (ID: 16) processed in 10.087s
  ✓ Completed in 11.277s (Barbarians: 0.789s, Bots: 10.088s, Processed: 1 bots)
[2026-06-19 04:32:49] Starting bot processing for world 1
  - Bot 'bills' (ID: 16) processed in 10.198s
  ✓ Completed in 11.519s (Barbarians: 0.797s, Bots: 10.198s, Processed: 1 bots)
[2026-06-19 04:35:49] Starting bot processing for world 1
  - Bot 'bills' (ID: 16) processed in 10.262s
  ✓ Completed in 11.392s (Barbarians: 0.775s, Bots: 10.263s, Processed: 1 bots)
[2026-06-19 04:37:49] Starting bot processing for world 1
  - Bot 'bills' (ID: 16) processed in 10.148s
  ✓ Completed in 11.393s (Barbarians: 0.783s, Bots: 10.148s, Processed: 1 bots)
[2026-06-19 04:39:49] Starting bot processing for world 1
  - Bot 'bills' (ID: 16) processed in 10.168s
  ✓ Completed in 11.344s (Barbarians: 0.782s, Bots: 10.169s, Processed: 1 bots)
[2026-06-19 04:41:49] Starting bot processing for world 1
  - Bot 'bills' (ID: 16) processed in 10.106s
  ✓ Completed in 11.305s (Barbarians: 0.805s, Bots: 10.107s, Processed: 1 bots)
[2026-06-19 04:43:49] Starting bot processing for world 1
  - Bot 'bills' (ID: 16) processed in 10.266s
  ✓ Completed in 11.469s (Barbarians: 0.804s, Bots: 10.266s, Processed: 1 bots)
[2026-06-19 04:45:49] Starting bot processing for world 1
  - Bot 'bills' (ID: 16) processed in 10.053s
  ✓ Completed in 11.212s (Barbarians: 0.763s, Bots: 10.054s, Processed: 1 bots)
[2026-06-19 04:47:49] Starting bot processing for world 1
  - Bot 'bills' (ID: 16) processed in 10.242s
  ✓ Completed in 11.459s (Barbarians: 0.794s, Bots: 10.243s, Processed: 1 bots)
[2026-06-19 04:49:49] Starting bot processing for world 1
  - Bot 'bills' (ID: 16) processed in 10.081s
  ✓ Completed in 11.267s (Barbarians: 0.79s, Bots: 10.081s, Processed: 1 bots)
[2026-06-19 04:51:49] Starting bot processing for world 1
  - Bot 'bills' (ID: 16) processed in 10.11s
  ✓ Completed in 11.335s (Barbarians: 0.782s, Bots: 10.111s, Processed: 1 bots)
[2026-06-19 04:54:49] Starting bot processing for world 1
  - Bot 'bills' (ID: 16) processed in 10.291s
  ✓ Completed in 11.519s (Barbarians: 0.797s, Bots: 10.291s, Processed: 1 bots)
[2026-06-19 04:56:49] Starting bot processing for world 1
  - Bot 'bills' (ID: 16) processed in 10.144s
  ✓ Completed in 11.38s (Barbarians: 0.785s, Bots: 10.144s, Processed: 1 bots)
[2026-06-19 04:58:49] Starting bot processing for world 1
  - Bot 'bills' (ID: 16) processed in 10.268s
  ✓ Completed in 11.596s (Barbarians: 0.81s, Bots: 10.269s, Processed: 1 bots)
[2026-06-19 05:00:49] Starting bot processing for world 1
  - Bot 'bills' (ID: 16) processed in 10.115s
  ✓ Completed in 11.288s (Barbarians: 0.8s, Bots: 10.115s, Processed: 1 bots)
[2026-06-19 05:02:49] Starting bot processing for world 1
  - Bot 'bills' (ID: 16) processed in 10.09s
  ✓ Completed in 11.426s (Barbarians: 0.802s, Bots: 10.091s, Processed: 1 bots)
[2026-06-19 05:04:49] Starting bot processing for world 1
  - Bot 'bills' (ID: 16) processed in 10.184s
  ✓ Completed in 11.289s (Barbarians: 0.776s, Bots: 10.184s, Processed: 1 bots)
[2026-06-19 05:06:49] Starting bot processing for world 1
  - Bot 'bills' (ID: 16) processed in 10.081s
  ✓ Completed in 11.532s (Barbarians: 0.793s, Bots: 10.081s, Processed: 1 bots)
[2026-06-19 05:09:49] Starting bot processing for world 1
  - Bot 'bills' (ID: 16) processed in 10.31s
  ✓ Completed in 11.493s (Barbarians: 0.774s, Bots: 10.31s, Processed: 1 bots)
[2026-06-19 05:12:49] Starting bot processing for world 1
  - Bot 'bills' (ID: 16) processed in 10.441s
  ✓ Completed in 11.765s (Barbarians: 0.785s, Bots: 10.442s, Processed: 1 bots)
[2026-06-19 05:15:49] Starting bot processing for world 1
  - Bot 'bills' (ID: 16) processed in 10.343s
  ✓ Completed in 11.586s (Barbarians: 0.798s, Bots: 10.343s, Processed: 1 bots)
[2026-06-19 05:17:49] Starting bot processing for world 1
  - Bot 'bills' (ID: 16) processed in 10.042s
  ✓ Completed in 11.241s (Barbarians: 0.772s, Bots: 10.042s, Processed: 1 bots)
[2026-06-19 05:20:49] Starting bot processing for world 1
  - Bot 'bills' (ID: 16) processed in 10.343s
  ✓ Completed in 11.558s (Barbarians: 0.779s, Bots: 10.343s, Processed: 1 bots)
[2026-06-19 05:22:49] Starting bot processing for world 1
  - Bot 'bills' (ID: 16) processed in 10.229s
  ✓ Completed in 11.738s (Barbarians: 0.791s, Bots: 10.229s, Processed: 1 bots)
[2026-06-19 05:24:49] Starting bot processing for world 1
  - Bot 'bills' (ID: 16) processed in 10.125s
  ✓ Completed in 11.461s (Barbarians: 0.794s, Bots: 10.126s, Processed: 1 bots)
[2026-06-19 05:27:49] Starting bot processing for world 1
  - Bot 'bills' (ID: 16) processed in 10.289s
  ✓ Completed in 11.479s (Barbarians: 0.781s, Bots: 10.29s, Processed: 1 bots)
[2026-06-19 05:29:49] Starting bot processing for world 1
  - Bot 'bills' (ID: 16) processed in 10.142s
  ✓ Completed in 11.339s (Barbarians: 0.792s, Bots: 10.143s, Processed: 1 bots)
[2026-06-19 05:31:49] Starting bot processing for world 1
  - Bot 'bills' (ID: 16) processed in 10.139s
  ✓ Completed in 11.342s (Barbarians: 0.779s, Bots: 10.139s, Processed: 1 bots)
[2026-06-19 05:34:49] Starting bot processing for world 1
  - Bot 'bills' (ID: 16) processed in 10.27s
  ✓ Completed in 11.465s (Barbarians: 0.797s, Bots: 10.271s, Processed: 1 bots)
[2026-06-19 05:36:49] Starting bot processing for world 1
  - Bot 'bills' (ID: 16) processed in 10.062s
  ✓ Completed in 11.243s (Barbarians: 0.775s, Bots: 10.063s, Processed: 1 bots)
[2026-06-19 05:38:49] Starting bot processing for world 1
  - Bot 'bills' (ID: 16) processed in 10.282s
  ✓ Completed in 11.481s (Barbarians: 0.792s, Bots: 10.283s, Processed: 1 bots)
[2026-06-19 05:40:49] Starting bot processing for world 1
  - Bot 'bills' (ID: 16) processed in 10.21s
  ✓ Completed in 11.533s (Barbarians: 0.81s, Bots: 10.211s, Processed: 1 bots)
[2026-06-19 05:42:49] Starting bot processing for world 1
  - Bot 'bills' (ID: 16) processed in 10.082s
  ✓ Completed in 11.279s (Barbarians: 0.79s, Bots: 10.082s, Processed: 1 bots)
[2026-06-19 05:44:49] Starting bot processing for world 1
  - Bot 'bills' (ID: 16) processed in 10.046s
  ✓ Completed in 11.355s (Barbarians: 0.787s, Bots: 10.046s, Processed: 1 bots)
[2026-06-19 05:46:49] Starting bot processing for world 1
  - Bot 'bills' (ID: 16) processed in 10.08s
  ✓ Completed in 11.272s (Barbarians: 0.782s, Bots: 10.081s, Processed: 1 bots)
[2026-06-19 05:48:49] Starting bot processing for world 1
  - Bot 'bills' (ID: 16) processed in 10.139s
  ✓ Completed in 11.25s (Barbarians: 0.779s, Bots: 10.14s, Processed: 1 bots)
[2026-06-19 05:51:49] Starting bot processing for world 1
  - Bot 'bills' (ID: 16) processed in 10.362s
  ✓ Completed in 11.79s (Barbarians: 0.796s, Bots: 10.363s, Processed: 1 bots)
[2026-06-19 05:53:49] Starting bot processing for world 1
  - Bot 'bills' (ID: 16) processed in 10.014s
  ✓ Completed in 11.261s (Barbarians: 0.788s, Bots: 10.014s, Processed: 1 bots)
[2026-06-19 05:55:49] Starting bot processing for world 1
  - Bot 'bills' (ID: 16) processed in 10.017s
  ✓ Completed in 11.339s (Barbarians: 0.774s, Bots: 10.018s, Processed: 1 bots)
[2026-06-19 05:58:49] Starting bot processing for world 1
  - Bot 'bills' (ID: 16) processed in 10.151s
  ✓ Completed in 11.454s (Barbarians: 0.786s, Bots: 10.151s, Processed: 1 bots)
[2026-06-19 06:00:49] Starting bot processing for world 1
  - Bot 'bills' (ID: 16) processed in 10.114s
  ✓ Completed in 11.431s (Barbarians: 0.79s, Bots: 10.115s, Processed: 1 bots)
[2026-06-19 06:02:49] Starting bot processing for world 1
  - Bot 'bills' (ID: 16) processed in 10.123s
  ✓ Completed in 11.481s (Barbarians: 0.786s, Bots: 10.123s, Processed: 1 bots)
[2026-06-19 06:04:49] Starting bot processing for world 1
  - Bot 'bills' (ID: 16) processed in 10.084s
  ✓ Completed in 11.265s (Barbarians: 0.769s, Bots: 10.084s, Processed: 1 bots)
[2026-06-19 06:06:49] Starting bot processing for world 1
  - Bot 'bills' (ID: 16) processed in 10.127s
  ✓ Completed in 11.473s (Barbarians: 0.777s, Bots: 10.128s, Processed: 1 bots)
[2026-06-19 06:09:49] Starting bot processing for world 1
  - Bot 'bills' (ID: 16) processed in 10.108s
  ✓ Completed in 11.28s (Barbarians: 0.769s, Bots: 10.109s, Processed: 1 bots)
[2026-06-19 06:11:49] Starting bot processing for world 1
  - Bot 'bills' (ID: 16) processed in 10.187s
  ✓ Completed in 11.382s (Barbarians: 0.786s, Bots: 10.188s, Processed: 1 bots)
[2026-06-19 06:14:49] Starting bot processing for world 1
  - Bot 'bills' (ID: 16) processed in 10.383s
  ✓ Completed in 11.847s (Barbarians: 0.804s, Bots: 10.383s, Processed: 1 bots)
[2026-06-19 06:16:49] Starting bot processing for world 1
  - Bot 'bills' (ID: 16) processed in 10.209s
  ✓ Completed in 11.409s (Barbarians: 0.795s, Bots: 10.209s, Processed: 1 bots)
[2026-06-19 06:18:49] Starting bot processing for world 1
  - Bot 'bills' (ID: 16) processed in 10.422s
  ✓ Completed in 10.897s (Barbarians: 0.226s, Bots: 10.423s, Processed: 1 bots)
[2026-06-19 06:20:49] Starting bot processing for world 1
  - Bot 'bills' (ID: 16) processed in 10.29s
  ✓ Completed in 11.747s (Barbarians: 0.813s, Bots: 10.291s, Processed: 1 bots)
[2026-06-19 06:22:49] Starting bot processing for world 1
  - Bot 'bills' (ID: 16) processed in 10.165s
  ✓ Completed in 11.343s (Barbarians: 0.789s, Bots: 10.166s, Processed: 1 bots)
[2026-06-19 06:25:49] Starting bot processing for world 1
  - Bot 'bills' (ID: 16) processed in 10.207s
  ✓ Completed in 11.808s (Barbarians: 0.789s, Bots: 10.208s, Processed: 1 bots)
[2026-06-19 06:27:49] Starting bot processing for world 1
  - Bot 'bills' (ID: 16) processed in 10.169s
  ✓ Completed in 11.281s (Barbarians: 0.79s, Bots: 10.17s, Processed: 1 bots)
[2026-06-19 06:29:49] Starting bot processing for world 1
  - Bot 'bills' (ID: 16) processed in 10.168s
  ✓ Completed in 11.424s (Barbarians: 0.796s, Bots: 10.169s, Processed: 1 bots)
[2026-06-19 06:31:49] Starting bot processing for world 1
  - Bot 'bills' (ID: 16) processed in 10.103s
  ✓ Completed in 11.267s (Barbarians: 0.789s, Bots: 10.104s, Processed: 1 bots)
[2026-06-19 06:33:49] Starting bot processing for world 1
  - Bot 'bills' (ID: 16) processed in 10.206s
  ✓ Completed in 11.432s (Barbarians: 0.782s, Bots: 10.207s, Processed: 1 bots)
[2026-06-19 06:35:49] Starting bot processing for world 1
  - Bot 'bills' (ID: 16) processed in 10.306s
  ✓ Completed in 11.456s (Barbarians: 0.793s, Bots: 10.307s, Processed: 1 bots)
[2026-06-19 06:37:49] Starting bot processing for world 1
  - Bot 'bills' (ID: 16) processed in 10.143s
  ✓ Completed in 11.417s (Barbarians: 0.801s, Bots: 10.144s, Processed: 1 bots)
[2026-06-19 06:39:49] Starting bot processing for world 1
  - Bot 'bills' (ID: 16) processed in 10.198s
  ✓ Completed in 11.502s (Barbarians: 0.806s, Bots: 10.198s, Processed: 1 bots)
[2026-06-19 06:41:49] Starting bot processing for world 1
  - Bot 'bills' (ID: 16) processed in 10.085s
  ✓ Completed in 11.346s (Barbarians: 0.78s, Bots: 10.086s, Processed: 1 bots)
[2026-06-19 06:44:49] Starting bot processing for world 1
  - Bot 'bills' (ID: 16) processed in 10.294s
  ✓ Completed in 11.483s (Barbarians: 0.788s, Bots: 10.294s, Processed: 1 bots)
[2026-06-19 06:46:49] Starting bot processing for world 1
  - Bot 'bills' (ID: 16) processed in 10.16s
  ✓ Completed in 11.459s (Barbarians: 0.8s, Bots: 10.16s, Processed: 1 bots)
[2026-06-19 06:48:49] Starting bot processing for world 1
  - Bot 'bills' (ID: 16) processed in 10.175s
  ✓ Completed in 11.297s (Barbarians: 0.791s, Bots: 10.176s, Processed: 1 bots)
[2026-06-19 06:50:49] Starting bot processing for world 1
  - Bot 'bills' (ID: 16) processed in 10.225s
  ✓ Completed in 11.465s (Barbarians: 0.794s, Bots: 10.225s, Processed: 1 bots)
[2026-06-19 06:53:49] Starting bot processing for world 1
  - Bot 'bills' (ID: 16) processed in 10.265s
  ✓ Completed in 11.503s (Barbarians: 0.798s, Bots: 10.265s, Processed: 1 bots)
[2026-06-19 06:56:49] Starting bot processing for world 1
  - Bot 'bills' (ID: 16) processed in 10.387s
  ✓ Completed in 11.561s (Barbarians: 0.82s, Bots: 10.387s, Processed: 1 bots)
[2026-06-19 06:59:49] Starting bot processing for world 1
  - Bot 'bills' (ID: 16) processed in 10.364s
  ✓ Completed in 11.674s (Barbarians: 0.8s, Bots: 10.365s, Processed: 1 bots)
[2026-06-19 07:01:49] Starting bot processing for world 1
  - Bot 'bills' (ID: 16) processed in 10.148s
  ✓ Completed in 11.38s (Barbarians: 0.786s, Bots: 10.149s, Processed: 1 bots)
[2026-06-19 07:04:49] Starting bot processing for world 1
  - Bot 'bills' (ID: 16) processed in 10.223s
  ✓ Completed in 11.544s (Barbarians: 0.782s, Bots: 10.223s, Processed: 1 bots)
[2026-06-19 07:07:49] Starting bot processing for world 1
  - Bot 'bills' (ID: 16) processed in 10.413s
  ✓ Completed in 11.742s (Barbarians: 0.814s, Bots: 10.413s, Processed: 1 bots)
[2026-06-19 07:09:49] Starting bot processing for world 1
  - Bot 'bills' (ID: 16) processed in 10.02s
  ✓ Completed in 11.351s (Barbarians: 0.769s, Bots: 10.021s, Processed: 1 bots)
[2026-06-19 07:11:49] Starting bot processing for world 1
  - Bot 'bills' (ID: 16) processed in 10.143s
  ✓ Completed in 11.336s (Barbarians: 0.767s, Bots: 10.143s, Processed: 1 bots)
[2026-06-19 07:13:49] Starting bot processing for world 1
  - Bot 'bills' (ID: 16) processed in 10.156s
  ✓ Completed in 11.378s (Barbarians: 0.784s, Bots: 10.157s, Processed: 1 bots)
[2026-06-19 07:16:49] Starting bot processing for world 1
  - Bot 'bills' (ID: 16) processed in 10.396s
  ✓ Completed in 11.869s (Barbarians: 0.802s, Bots: 10.397s, Processed: 1 bots)
[2026-06-19 07:18:49] Starting bot processing for world 1
  - Bot 'bills' (ID: 16) processed in 10.243s
  ✓ Completed in 11.615s (Barbarians: 0.815s, Bots: 10.244s, Processed: 1 bots)
[2026-06-19 07:20:49] Starting bot processing for world 1
  - Bot 'bills' (ID: 16) processed in 10.068s
  ✓ Completed in 11.187s (Barbarians: 0.792s, Bots: 10.068s, Processed: 1 bots)
[2026-06-19 07:23:49] Starting bot processing for world 1
  - Bot 'bills' (ID: 16) processed in 10.043s
  ✓ Completed in 11.476s (Barbarians: 0.796s, Bots: 10.044s, Processed: 1 bots)
[2026-06-19 07:25:49] Starting bot processing for world 1
  - Bot 'bills' (ID: 16) processed in 10.041s
  ✓ Completed in 11.275s (Barbarians: 0.818s, Bots: 10.042s, Processed: 1 bots)
[2026-06-19 07:27:49] Starting bot processing for world 1
  - Bot 'bills' (ID: 16) processed in 9.999s
  ✓ Completed in 11.41s (Barbarians: 0.794s, Bots: 9.999s, Processed: 1 bots)
[2026-06-19 07:29:49] Starting bot processing for world 1
  - Bot 'bills' (ID: 16) processed in 10.079s
  ✓ Completed in 11.305s (Barbarians: 0.794s, Bots: 10.079s, Processed: 1 bots)
[2026-06-19 07:32:49] Starting bot processing for world 1
  - Bot 'bills' (ID: 16) processed in 10.175s
  ✓ Completed in 11.453s (Barbarians: 0.773s, Bots: 10.176s, Processed: 1 bots)
[2026-06-19 07:35:49] Starting bot processing for world 1
  - Bot 'bills' (ID: 16) processed in 10.274s
  ✓ Completed in 11.488s (Barbarians: 0.796s, Bots: 10.274s, Processed: 1 bots)
[2026-06-19 07:38:49] Starting bot processing for world 1
  - Bot 'bills' (ID: 16) processed in 10.201s
  ✓ Completed in 11.432s (Barbarians: 0.789s, Bots: 10.201s, Processed: 1 bots)
[2026-06-19 07:41:49] Starting bot processing for world 1
  - Bot 'bills' (ID: 16) processed in 10.223s
  ✓ Completed in 11.427s (Barbarians: 0.781s, Bots: 10.224s, Processed: 1 bots)
[2026-06-19 07:44:49] Starting bot processing for world 1
  - Bot 'bills' (ID: 16) processed in 10.197s
  ✓ Completed in 11.551s (Barbarians: 0.798s, Bots: 10.198s, Processed: 1 bots)
[2026-06-19 07:46:49] Starting bot processing for world 1
  - Bot 'bills' (ID: 16) processed in 9.975s
  ✓ Completed in 11.2s (Barbarians: 0.775s, Bots: 9.975s, Processed: 1 bots)
[2026-06-19 07:48:49] Starting bot processing for world 1
  - Bot 'bills' (ID: 16) processed in 10.042s
  ✓ Completed in 11.315s (Barbarians: 0.803s, Bots: 10.043s, Processed: 1 bots)
[2026-06-19 07:50:49] Starting bot processing for world 1
  - Bot 'bills' (ID: 16) processed in 10.099s
  ✓ Completed in 11.33s (Barbarians: 0.792s, Bots: 10.1s, Processed: 1 bots)
[2026-06-19 07:52:49] Starting bot processing for world 1
  - Bot 'bills' (ID: 16) processed in 10.089s
  ✓ Completed in 11.302s (Barbarians: 0.803s, Bots: 10.09s, Processed: 1 bots)
[2026-06-19 07:54:49] Starting bot processing for world 1
  - Bot 'bills' (ID: 16) processed in 9.976s
  ✓ Completed in 11.263s (Barbarians: 0.772s, Bots: 9.976s, Processed: 1 bots)
[2026-06-19 07:57:49] Starting bot processing for world 1
  - Bot 'bills' (ID: 16) processed in 10.053s
  ✓ Completed in 11.218s (Barbarians: 0.763s, Bots: 10.053s, Processed: 1 bots)
[2026-06-19 08:00:49] Starting bot processing for world 1
  - Bot 'bills' (ID: 16) processed in 10.052s
  ✓ Completed in 11.405s (Barbarians: 0.792s, Bots: 10.052s, Processed: 1 bots)
[2026-06-19 08:02:49] Starting bot processing for world 1
  - Bot 'bills' (ID: 16) processed in 10.12s
  ✓ Completed in 11.238s (Barbarians: 0.8s, Bots: 10.121s, Processed: 1 bots)
[2026-06-19 08:05:49] Starting bot processing for world 1
  - Bot 'bills' (ID: 16) processed in 10.207s
  ✓ Completed in 11.65s (Barbarians: 0.801s, Bots: 10.207s, Processed: 1 bots)
[2026-06-19 08:07:49] Starting bot processing for world 1
  - Bot 'bills' (ID: 16) processed in 10.037s
  ✓ Completed in 11.144s (Barbarians: 0.784s, Bots: 10.037s, Processed: 1 bots)
[2026-06-19 08:09:49] Starting bot processing for world 1
  - Bot 'bills' (ID: 16) processed in 9.967s
  ✓ Completed in 11.368s (Barbarians: 0.787s, Bots: 9.968s, Processed: 1 bots)
[2026-06-19 08:12:49] Starting bot processing for world 1
  - Bot 'bills' (ID: 16) processed in 10.115s
  ✓ Completed in 11.288s (Barbarians: 0.797s, Bots: 10.116s, Processed: 1 bots)
[2026-06-19 08:14:49] Starting bot processing for world 1
  - Bot 'bills' (ID: 16) processed in 10.031s
  ✓ Completed in 11.269s (Barbarians: 0.784s, Bots: 10.032s, Processed: 1 bots)
[2026-06-19 08:16:49] Starting bot processing for world 1
  - Bot 'bills' (ID: 16) processed in 10.037s
  ✓ Completed in 11.381s (Barbarians: 0.796s, Bots: 10.037s, Processed: 1 bots)
[2026-06-19 08:18:49] Starting bot processing for world 1
  - Bot 'bills' (ID: 16) processed in 10.008s
  ✓ Completed in 11.247s (Barbarians: 0.807s, Bots: 10.009s, Processed: 1 bots)
[2026-06-19 08:20:49] Starting bot processing for world 1
  - Bot 'bills' (ID: 16) processed in 9.889s
  ✓ Completed in 11.263s (Barbarians: 0.795s, Bots: 9.891s, Processed: 1 bots)
[2026-06-19 08:22:49] Starting bot processing for world 1
  - Bot 'bills' (ID: 16) processed in 10.135s
  ✓ Completed in 11.491s (Barbarians: 0.823s, Bots: 10.136s, Processed: 1 bots)
[2026-06-19 08:24:49] Starting bot processing for world 1
  - Bot 'bills' (ID: 16) processed in 10.037s
  ✓ Completed in 11.274s (Barbarians: 0.774s, Bots: 10.038s, Processed: 1 bots)
[2026-06-19 08:26:49] Starting bot processing for world 1
  - Bot 'bills' (ID: 16) processed in 9.926s
  ✓ Completed in 11.376s (Barbarians: 0.786s, Bots: 9.926s, Processed: 1 bots)
[2026-06-19 08:28:49] Starting bot processing for world 1
  - Bot 'bills' (ID: 16) processed in 10.05s
  ✓ Completed in 11.307s (Barbarians: 0.775s, Bots: 10.05s, Processed: 1 bots)
[2026-06-19 08:30:49] Starting bot processing for world 1
  - Bot 'bills' (ID: 16) processed in 10.114s
  ✓ Completed in 11.293s (Barbarians: 0.787s, Bots: 10.115s, Processed: 1 bots)
[2026-06-19 08:33:49] Starting bot processing for world 1
  - Bot 'bills' (ID: 16) processed in 10.196s
  ✓ Completed in 11.542s (Barbarians: 0.79s, Bots: 10.196s, Processed: 1 bots)
[2026-06-19 08:35:49] Starting bot processing for world 1
  - Bot 'bills' (ID: 16) processed in 10.068s
  ✓ Completed in 11.298s (Barbarians: 0.767s, Bots: 10.068s, Processed: 1 bots)
[2026-06-19 08:38:49] Starting bot processing for world 1
  - Bot 'bills' (ID: 16) processed in 10.21s
  ✓ Completed in 11.753s (Barbarians: 0.788s, Bots: 10.211s, Processed: 1 bots)
[2026-06-19 08:41:49] Starting bot processing for world 1
  - Bot 'bills' (ID: 16) processed in 10.233s
  ✓ Completed in 11.484s (Barbarians: 0.794s, Bots: 10.234s, Processed: 1 bots)
[2026-06-19 08:43:49] Starting bot processing for world 1
  - Bot 'bills' (ID: 16) processed in 10.2s
  ✓ Completed in 11.718s (Barbarians: 0.792s, Bots: 10.201s, Processed: 1 bots)
[2026-06-19 08:45:49] Starting bot processing for world 1
  - Bot 'bills' (ID: 16) processed in 10.001s
  ✓ Completed in 11.193s (Barbarians: 0.777s, Bots: 10.001s, Processed: 1 bots)
[2026-06-19 08:47:49] Starting bot processing for world 1
  - Bot 'bills' (ID: 16) processed in 10.121s
  ✓ Completed in 11.56s (Barbarians: 0.776s, Bots: 10.121s, Processed: 1 bots)
[2026-06-19 08:50:49] Starting bot processing for world 1
  - Bot 'bills' (ID: 16) processed in 10.273s
  ✓ Completed in 11.407s (Barbarians: 0.774s, Bots: 10.274s, Processed: 1 bots)
[2026-06-19 08:52:49] Starting bot processing for world 1
  - Bot 'bills' (ID: 16) processed in 10.17s
  ✓ Completed in 12.012s (Barbarians: 0.797s, Bots: 10.171s, Processed: 1 bots)
[2026-06-19 08:54:49] Starting bot processing for world 1
  - Bot 'bills' (ID: 16) processed in 10.186s
  ✓ Completed in 11.306s (Barbarians: 0.773s, Bots: 10.187s, Processed: 1 bots)
[2026-06-19 08:57:49] Starting bot processing for world 1
  - Bot 'bills' (ID: 16) processed in 10.298s
  ✓ Completed in 11.62s (Barbarians: 0.789s, Bots: 10.298s, Processed: 1 bots)
[2026-06-19 08:59:49] Starting bot processing for world 1
  - Bot 'bills' (ID: 16) processed in 10.066s
  ✓ Completed in 11.324s (Barbarians: 0.782s, Bots: 10.067s, Processed: 1 bots)
[2026-06-19 09:02:49] Starting bot processing for world 1
  - Bot 'bills' (ID: 16) processed in 10.093s
  ✓ Completed in 11.282s (Barbarians: 0.791s, Bots: 10.094s, Processed: 1 bots)
[2026-06-19 09:05:49] Starting bot processing for world 1
  - Bot 'bills' (ID: 16) processed in 10.113s
  ✓ Completed in 11.473s (Barbarians: 0.773s, Bots: 10.114s, Processed: 1 bots)
[2026-06-19 09:08:49] Starting bot processing for world 1
  - Bot 'bills' (ID: 16) processed in 10.108s
  ✓ Completed in 11.205s (Barbarians: 0.76s, Bots: 10.109s, Processed: 1 bots)
[2026-06-19 09:11:49] Starting bot processing for world 1
  - Bot 'bills' (ID: 16) processed in 10.167s
  ✓ Completed in 11.371s (Barbarians: 0.792s, Bots: 10.167s, Processed: 1 bots)
[2026-06-19 09:14:49] Starting bot processing for world 1
  - Bot 'bills' (ID: 16) processed in 10.134s
  ✓ Completed in 11.312s (Barbarians: 0.761s, Bots: 10.135s, Processed: 1 bots)
[2026-06-19 09:16:49] Starting bot processing for world 1
  - Bot 'bills' (ID: 16) processed in 10.136s
  ✓ Completed in 11.435s (Barbarians: 0.796s, Bots: 10.137s, Processed: 1 bots)
[2026-06-19 09:18:49] Starting bot processing for world 1
  - Bot 'bills' (ID: 16) processed in 10.096s
  ✓ Completed in 11.265s (Barbarians: 0.779s, Bots: 10.097s, Processed: 1 bots)
[2026-06-19 09:20:49] Starting bot processing for world 1
  - Bot 'bills' (ID: 16) processed in 10.194s
  ✓ Completed in 11.409s (Barbarians: 0.78s, Bots: 10.195s, Processed: 1 bots)
[2026-06-19 09:22:49] Starting bot processing for world 1
  - Bot 'bills' (ID: 16) processed in 10.047s
  ✓ Completed in 11.302s (Barbarians: 0.775s, Bots: 10.048s, Processed: 1 bots)
[2026-06-19 09:25:49] Starting bot processing for world 1
  - Bot 'bills' (ID: 16) processed in 10.104s
  ✓ Completed in 11.276s (Barbarians: 0.771s, Bots: 10.104s, Processed: 1 bots)
[2026-06-19 09:27:49] Starting bot processing for world 1
  - Bot 'bills' (ID: 16) processed in 9.948s
  ✓ Completed in 11.247s (Barbarians: 0.778s, Bots: 9.948s, Processed: 1 bots)
[2026-06-19 09:29:49] Starting bot processing for world 1
  - Bot 'bills' (ID: 16) processed in 10.163s
  ✓ Completed in 11.421s (Barbarians: 0.798s, Bots: 10.164s, Processed: 1 bots)
[2026-06-19 09:32:49] Starting bot processing for world 1
  - Bot 'bills' (ID: 16) processed in 10.262s
  ✓ Completed in 11.455s (Barbarians: 0.776s, Bots: 10.262s, Processed: 1 bots)
[2026-06-19 09:34:49] Starting bot processing for world 1
  - Bot 'bills' (ID: 16) processed in 10.075s
  ✓ Completed in 11.307s (Barbarians: 0.795s, Bots: 10.076s, Processed: 1 bots)
[2026-06-19 09:37:49] Starting bot processing for world 1
  - Bot 'bills' (ID: 16) processed in 10.284s
  ✓ Completed in 11.49s (Barbarians: 0.778s, Bots: 10.285s, Processed: 1 bots)
[2026-06-19 09:39:49] Starting bot processing for world 1
  - Bot 'bills' (ID: 16) processed in 10.143s
  ✓ Completed in 11.849s (Barbarians: 0.802s, Bots: 10.144s, Processed: 1 bots)
[2026-06-19 09:42:49] Starting bot processing for world 1
  - Bot 'bills' (ID: 16) processed in 10.411s
  ✓ Completed in 11.73s (Barbarians: 0.786s, Bots: 10.411s, Processed: 1 bots)
[2026-06-19 09:44:49] Starting bot processing for world 1
  - Bot 'bills' (ID: 16) processed in 10.046s
  ✓ Completed in 11.483s (Barbarians: 0.79s, Bots: 10.047s, Processed: 1 bots)
[2026-06-19 09:46:49] Starting bot processing for world 1
  - Bot 'bills' (ID: 16) processed in 10.077s
  ✓ Completed in 11.547s (Barbarians: 0.809s, Bots: 10.078s, Processed: 1 bots)
[2026-06-19 09:49:49] Starting bot processing for world 1
  - Bot 'bills' (ID: 16) processed in 10.215s
  ✓ Completed in 11.453s (Barbarians: 0.767s, Bots: 10.216s, Processed: 1 bots)
[2026-06-19 09:52:49] Starting bot processing for world 1
  - Bot 'bills' (ID: 16) processed in 10.222s
  ✓ Completed in 11.572s (Barbarians: 0.771s, Bots: 10.223s, Processed: 1 bots)
[2026-06-19 09:54:49] Starting bot processing for world 1
  - Bot 'bills' (ID: 16) processed in 10.091s
  ✓ Completed in 11.357s (Barbarians: 0.792s, Bots: 10.092s, Processed: 1 bots)
[2026-06-19 09:56:49] Starting bot processing for world 1
  - Bot 'bills' (ID: 16) processed in 10.123s
  ✓ Completed in 11.65s (Barbarians: 0.789s, Bots: 10.124s, Processed: 1 bots)
[2026-06-19 09:58:49] Starting bot processing for world 1
  - Bot 'bills' (ID: 16) processed in 10.035s
  ✓ Completed in 11.495s (Barbarians: 0.782s, Bots: 10.035s, Processed: 1 bots)
[2026-06-19 10:01:49] Starting bot processing for world 1
  - Bot 'bills' (ID: 16) processed in 10.13s
  ✓ Completed in 11.281s (Barbarians: 0.77s, Bots: 10.131s, Processed: 1 bots)
[2026-06-19 10:03:49] Starting bot processing for world 1
  - Bot 'bills' (ID: 16) processed in 10.137s
  ✓ Completed in 11.839s (Barbarians: 0.787s, Bots: 10.138s, Processed: 1 bots)
[2026-06-19 10:06:49] Starting bot processing for world 1
  - Bot 'bills' (ID: 16) processed in 10.222s
  ✓ Completed in 11.551s (Barbarians: 0.776s, Bots: 10.222s, Processed: 1 bots)
[2026-06-19 10:09:49] Starting bot processing for world 1
  - Bot 'bills' (ID: 16) processed in 10.234s
  ✓ Completed in 11.526s (Barbarians: 0.775s, Bots: 10.235s, Processed: 1 bots)
[2026-06-19 10:11:49] Starting bot processing for world 1
  - Bot 'bills' (ID: 16) processed in 10.141s
  ✓ Completed in 11.339s (Barbarians: 0.777s, Bots: 10.141s, Processed: 1 bots)
[2026-06-19 10:13:49] Starting bot processing for world 1
  - Bot 'bills' (ID: 16) processed in 10.189s
  ✓ Completed in 11.42s (Barbarians: 0.776s, Bots: 10.189s, Processed: 1 bots)
[2026-06-19 10:15:49] Starting bot processing for world 1
  - Bot 'bills' (ID: 16) processed in 10.051s
  ✓ Completed in 11.254s (Barbarians: 0.764s, Bots: 10.051s, Processed: 1 bots)
[2026-06-19 10:17:49] Starting bot processing for world 1
  - Bot 'bills' (ID: 16) processed in 10.131s
  ✓ Completed in 11.393s (Barbarians: 0.772s, Bots: 10.131s, Processed: 1 bots)
[2026-06-19 10:19:49] Starting bot processing for world 1
  - Bot 'bills' (ID: 16) processed in 10.014s
  ✓ Completed in 11.145s (Barbarians: 0.78s, Bots: 10.014s, Processed: 1 bots)
[2026-06-19 10:21:49] Starting bot processing for world 1
  - Bot 'bills' (ID: 16) processed in 10.218s
  ✓ Completed in 11.709s (Barbarians: 0.808s, Bots: 10.219s, Processed: 1 bots)
[2026-06-19 10:23:49] Starting bot processing for world 1
  - Bot 'bills' (ID: 16) processed in 9.992s
  ✓ Completed in 11.29s (Barbarians: 0.775s, Bots: 9.993s, Processed: 1 bots)
[2026-06-19 10:25:49] Starting bot processing for world 1
  - Bot 'bills' (ID: 16) processed in 10.195s
  ✓ Completed in 11.946s (Barbarians: 0.79s, Bots: 10.196s, Processed: 1 bots)
[2026-06-19 10:27:49] Starting bot processing for world 1
  - Bot 'bills' (ID: 16) processed in 10.122s
  ✓ Completed in 11.501s (Barbarians: 0.78s, Bots: 10.122s, Processed: 1 bots)
[2026-06-19 10:29:49] Starting bot processing for world 1
  - Bot 'bills' (ID: 16) processed in 10.122s
  ✓ Completed in 11.403s (Barbarians: 0.781s, Bots: 10.123s, Processed: 1 bots)
[2026-06-19 10:32:49] Starting bot processing for world 1
  - Bot 'bills' (ID: 16) processed in 10.332s
  ✓ Completed in 11.589s (Barbarians: 0.778s, Bots: 10.332s, Processed: 1 bots)
[2026-06-19 10:34:49] Starting bot processing for world 1
  - Bot 'bills' (ID: 16) processed in 9.954s
  ✓ Completed in 11.153s (Barbarians: 0.775s, Bots: 9.954s, Processed: 1 bots)
[2026-06-19 10:36:49] Starting bot processing for world 1
  - Bot 'bills' (ID: 16) processed in 10.185s
  ✓ Completed in 11.493s (Barbarians: 0.772s, Bots: 10.187s, Processed: 1 bots)
[2026-06-19 10:38:49] Starting bot processing for world 1
  - Bot 'bills' (ID: 16) processed in 10.161s
  ✓ Completed in 11.446s (Barbarians: 0.783s, Bots: 10.161s, Processed: 1 bots)
[2026-06-19 10:40:49] Starting bot processing for world 1
  - Bot 'bills' (ID: 16) processed in 10.155s
  ✓ Completed in 11.464s (Barbarians: 0.783s, Bots: 10.155s, Processed: 1 bots)
[2026-06-19 10:42:49] Starting bot processing for world 1
  - Bot 'bills' (ID: 16) processed in 10.051s
  ✓ Completed in 12.416s (Barbarians: 0.78s, Bots: 10.052s, Processed: 1 bots)
[2026-06-19 10:45:49] Starting bot processing for world 1
  - Bot 'bills' (ID: 16) processed in 10.097s
  ✓ Completed in 13.687s (Barbarians: 0.752s, Bots: 10.097s, Processed: 1 bots)
[2026-06-19 10:48:49] Starting bot processing for world 1
  - Bot 'bills' (ID: 16) processed in 10.16s
  ✓ Completed in 11.209s (Barbarians: 0.779s, Bots: 10.16s, Processed: 1 bots)
[2026-06-19 10:50:49] Starting bot processing for world 1
  - Bot 'bills' (ID: 16) processed in 10.516s
  ✓ Completed in 11.009s (Barbarians: 0.223s, Bots: 10.517s, Processed: 1 bots)
[2026-06-19 10:53:49] Starting bot processing for world 1
  - Bot 'bills' (ID: 16) processed in 10.809s
  ✓ Completed in 11.291s (Barbarians: 0.221s, Bots: 10.81s, Processed: 1 bots)
[2026-06-19 10:56:49] Starting bot processing for world 1
  - Bot 'bills' (ID: 16) processed in 10.736s
  ✓ Completed in 11.231s (Barbarians: 0.222s, Bots: 10.737s, Processed: 1 bots)
[2026-06-19 10:59:49] Starting bot processing for world 1
  - Bot 'bills' (ID: 16) processed in 10.838s
  ✓ Completed in 11.32s (Barbarians: 0.216s, Bots: 10.839s, Processed: 1 bots)
[2026-06-19 11:01:49] Starting bot processing for world 1
  - Bot 'bills' (ID: 16) processed in 10.572s
  ✓ Completed in 11.038s (Barbarians: 0.222s, Bots: 10.572s, Processed: 1 bots)
[2026-06-19 11:03:49] Starting bot processing for world 1
  - Bot 'bills' (ID: 16) processed in 10.45s
  ✓ Completed in 10.919s (Barbarians: 0.223s, Bots: 10.451s, Processed: 1 bots)
[2026-06-19 11:05:49] Starting bot processing for world 1
  - Bot 'bills' (ID: 16) processed in 10.198s
  ✓ Completed in 11.293s (Barbarians: 0.789s, Bots: 10.199s, Processed: 1 bots)
[2026-06-19 11:07:49] Starting bot processing for world 1
  - Bot 'bills' (ID: 16) processed in 9.912s
  ✓ Completed in 10.999s (Barbarians: 0.779s, Bots: 9.912s, Processed: 1 bots)
[2026-06-19 11:09:49] Starting bot processing for world 1
  - Bot 'bills' (ID: 16) processed in 10.454s
  ✓ Completed in 10.93s (Barbarians: 0.222s, Bots: 10.455s, Processed: 1 bots)
[2026-06-19 11:11:49] Starting bot processing for world 1
  - Bot 'bills' (ID: 16) processed in 10.056s
  ✓ Completed in 11.307s (Barbarians: 0.773s, Bots: 10.057s, Processed: 1 bots)
[2026-06-19 11:14:49] Starting bot processing for world 1
  - Bot 'bills' (ID: 16) processed in 10.275s
  ✓ Completed in 11.629s (Barbarians: 0.78s, Bots: 10.275s, Processed: 1 bots)
[2026-06-19 11:16:49] Starting bot processing for world 1
  - Bot 'bills' (ID: 16) processed in 10.187s
  ✓ Completed in 11.265s (Barbarians: 0.782s, Bots: 10.187s, Processed: 1 bots)
[2026-06-19 11:18:49] Starting bot processing for world 1
  - Bot 'bills' (ID: 16) processed in 10.2s
  ✓ Completed in 11.634s (Barbarians: 0.789s, Bots: 10.201s, Processed: 1 bots)
[2026-06-19 11:20:49] Starting bot processing for world 1
  - Bot 'bills' (ID: 16) processed in 10.097s
  ✓ Completed in 11.501s (Barbarians: 0.782s, Bots: 10.098s, Processed: 1 bots)
[2026-06-19 11:22:49] Starting bot processing for world 1
  - Bot 'bills' (ID: 16) processed in 10.147s
  ✓ Completed in 11.49s (Barbarians: 0.778s, Bots: 10.147s, Processed: 1 bots)
[2026-06-19 11:25:49] Starting bot processing for world 1
  - Bot 'bills' (ID: 16) processed in 10.258s
  ✓ Completed in 11.449s (Barbarians: 0.788s, Bots: 10.258s, Processed: 1 bots)
[2026-06-19 11:27:49] Starting bot processing for world 1
  - Bot 'bills' (ID: 16) processed in 10.114s
  ✓ Completed in 11.567s (Barbarians: 0.787s, Bots: 10.115s, Processed: 1 bots)
[2026-06-19 11:29:49] Starting bot processing for world 1
  - Bot 'bills' (ID: 16) processed in 10.163s
  ✓ Completed in 11.606s (Barbarians: 0.795s, Bots: 10.163s, Processed: 1 bots)
[2026-06-19 11:32:49] Starting bot processing for world 1
  - Bot 'bills' (ID: 16) processed in 10.429s
  ✓ Completed in 11.626s (Barbarians: 0.776s, Bots: 10.429s, Processed: 1 bots)
[2026-06-19 11:35:49] Starting bot processing for world 1
  - Bot 'bills' (ID: 16) processed in 10.337s
  ✓ Completed in 12.022s (Barbarians: 0.787s, Bots: 10.338s, Processed: 1 bots)
[2026-06-19 11:38:49] Starting bot processing for world 1
  - Bot 'bills' (ID: 16) processed in 10.303s
  ✓ Completed in 11.534s (Barbarians: 0.792s, Bots: 10.304s, Processed: 1 bots)
[2026-06-19 11:41:49] Starting bot processing for world 1
  - Bot 'bills' (ID: 16) processed in 10.369s
  ✓ Completed in 11.641s (Barbarians: 0.784s, Bots: 10.369s, Processed: 1 bots)
[2026-06-19 11:43:49] Starting bot processing for world 1
  - Bot 'bills' (ID: 16) processed in 10.202s
  ✓ Completed in 11.392s (Barbarians: 0.785s, Bots: 10.203s, Processed: 1 bots)
[2026-06-19 11:45:49] Starting bot processing for world 1
  - Bot 'bills' (ID: 16) processed in 10.269s
  ✓ Completed in 11.534s (Barbarians: 0.8s, Bots: 10.27s, Processed: 1 bots)
[2026-06-19 11:47:49] Starting bot processing for world 1
  - Bot 'bills' (ID: 16) processed in 10.184s
  ✓ Completed in 11.723s (Barbarians: 0.812s, Bots: 10.184s, Processed: 1 bots)
[2026-06-19 11:49:49] Starting bot processing for world 1
  - Bot 'bills' (ID: 16) processed in 10.272s
  ✓ Completed in 11.58s (Barbarians: 0.789s, Bots: 10.272s, Processed: 1 bots)
[2026-06-19 11:52:49] Starting bot processing for world 1
  - Bot 'bills' (ID: 16) processed in 10.254s
  ✓ Completed in 11.549s (Barbarians: 0.77s, Bots: 10.255s, Processed: 1 bots)
[2026-06-19 11:54:49] Starting bot processing for world 1
  - Bot 'bills' (ID: 16) processed in 10.236s
  ✓ Completed in 11.498s (Barbarians: 0.781s, Bots: 10.237s, Processed: 1 bots)
[2026-06-19 11:57:49] Starting bot processing for world 1
  - Bot 'bills' (ID: 16) processed in 10.35s
  ✓ Completed in 11.704s (Barbarians: 0.779s, Bots: 10.35s, Processed: 1 bots)
[2026-06-19 11:59:49] Starting bot processing for world 1
  - Bot 'bills' (ID: 16) processed in 10.172s
  ✓ Completed in 11.496s (Barbarians: 0.768s, Bots: 10.172s, Processed: 1 bots)
[2026-06-19 12:01:49] Starting bot processing for world 1
  - Bot 'bills' (ID: 16) processed in 10.148s
  ✓ Completed in 11.349s (Barbarians: 0.782s, Bots: 10.148s, Processed: 1 bots)
[2026-06-19 12:03:49] Starting bot processing for world 1
  - Bot 'bills' (ID: 16) processed in 10.144s
  ✓ Completed in 11.385s (Barbarians: 0.788s, Bots: 10.145s, Processed: 1 bots)
[2026-06-19 12:05:49] Starting bot processing for world 1
  - Bot 'bills' (ID: 16) processed in 10.2s
  ✓ Completed in 11.462s (Barbarians: 0.791s, Bots: 10.201s, Processed: 1 bots)
[2026-06-19 12:07:49] Starting bot processing for world 1
  - Bot 'bills' (ID: 16) processed in 9.976s
  ✓ Completed in 11.225s (Barbarians: 0.771s, Bots: 9.976s, Processed: 1 bots)
[2026-06-19 12:09:49] Starting bot processing for world 1
  - Bot 'bills' (ID: 16) processed in 10.176s
  ✓ Completed in 11.477s (Barbarians: 0.773s, Bots: 10.177s, Processed: 1 bots)
[2026-06-19 12:11:49] Starting bot processing for world 1
  - Bot 'bills' (ID: 16) processed in 10.11s
  ✓ Completed in 11.358s (Barbarians: 0.793s, Bots: 10.11s, Processed: 1 bots)
[2026-06-19 12:13:49] Starting bot processing for world 1
  - Bot 'bills' (ID: 16) processed in 10.156s
  ✓ Completed in 11.439s (Barbarians: 0.775s, Bots: 10.157s, Processed: 1 bots)
[2026-06-19 12:15:49] Starting bot processing for world 1
  - Bot 'bills' (ID: 16) processed in 10.1s
  ✓ Completed in 11.409s (Barbarians: 0.771s, Bots: 10.101s, Processed: 1 bots)
[2026-06-19 12:17:49] Starting bot processing for world 1
  - Bot 'bills' (ID: 16) processed in 10.119s
  ✓ Completed in 11.281s (Barbarians: 0.77s, Bots: 10.12s, Processed: 1 bots)
[2026-06-19 12:19:49] Starting bot processing for world 1
  - Bot 'bills' (ID: 16) processed in 10.174s
  ✓ Completed in 11.448s (Barbarians: 0.804s, Bots: 10.175s, Processed: 1 bots)
[2026-06-19 12:22:49] Starting bot processing for world 1
  - Bot 'bills' (ID: 16) processed in 10.297s
  ✓ Completed in 11.572s (Barbarians: 0.788s, Bots: 10.297s, Processed: 1 bots)
[2026-06-19 12:25:49] Starting bot processing for world 1
  - Bot 'bills' (ID: 16) processed in 10.26s
  ✓ Completed in 11.626s (Barbarians: 0.796s, Bots: 10.26s, Processed: 1 bots)
[2026-06-19 12:28:49] Starting bot processing for world 1
  - Bot 'bills' (ID: 16) processed in 10.314s
  ✓ Completed in 11.501s (Barbarians: 0.796s, Bots: 10.315s, Processed: 1 bots)
[2026-06-19 12:30:49] Starting bot processing for world 1
  - Bot 'bills' (ID: 16) processed in 10.282s
  ✓ Completed in 11.745s (Barbarians: 0.788s, Bots: 10.283s, Processed: 1 bots)
[2026-06-19 12:32:49] Starting bot processing for world 1
  - Bot 'bills' (ID: 16) processed in 10.175s
  ✓ Completed in 11.329s (Barbarians: 0.792s, Bots: 10.175s, Processed: 1 bots)
[2026-06-19 12:34:49] Starting bot processing for world 1
  - Bot 'bills' (ID: 16) processed in 10.28s
  ✓ Completed in 11.653s (Barbarians: 0.781s, Bots: 10.281s, Processed: 1 bots)
[2026-06-19 12:36:49] Starting bot processing for world 1
  - Bot 'bills' (ID: 16) processed in 10.062s
  ✓ Completed in 11.461s (Barbarians: 0.771s, Bots: 10.062s, Processed: 1 bots)
[2026-06-19 12:38:49] Starting bot processing for world 1
  - Bot 'bills' (ID: 16) processed in 10.595s
  ✓ Completed in 11.095s (Barbarians: 0.221s, Bots: 10.596s, Processed: 1 bots)
[2026-06-19 12:40:49] Starting bot processing for world 1
  - Bot 'bills' (ID: 16) processed in 10.255s
  ✓ Completed in 11.667s (Barbarians: 0.793s, Bots: 10.256s, Processed: 1 bots)
[2026-06-19 12:42:49] Starting bot processing for world 1
  - Bot 'bills' (ID: 16) processed in 10.297s
  ✓ Completed in 11.532s (Barbarians: 0.784s, Bots: 10.298s, Processed: 1 bots)
[2026-06-19 12:44:49] Starting bot processing for world 1
  - Bot 'bills' (ID: 16) processed in 10.318s
  ✓ Completed in 11.995s (Barbarians: 0.79s, Bots: 10.318s, Processed: 1 bots)
[2026-06-19 12:46:49] Starting bot processing for world 1
  - Bot 'bills' (ID: 16) processed in 10.12s
  ✓ Completed in 11.273s (Barbarians: 0.777s, Bots: 10.12s, Processed: 1 bots)
[2026-06-19 12:48:49] Starting bot processing for world 1
  - Bot 'bills' (ID: 16) processed in 10.346s
  ✓ Completed in 11.674s (Barbarians: 0.817s, Bots: 10.346s, Processed: 1 bots)
[2026-06-19 12:50:49] Starting bot processing for world 1
  - Bot 'bills' (ID: 16) processed in 10.381s
  ✓ Completed in 11.901s (Barbarians: 0.801s, Bots: 10.381s, Processed: 1 bots)
[2026-06-19 12:53:49] Starting bot processing for world 1
  - Bot 'bills' (ID: 16) processed in 10.554s
  ✓ Completed in 11.847s (Barbarians: 0.781s, Bots: 10.555s, Processed: 1 bots)
[2026-06-19 12:55:49] Starting bot processing for world 1
  - Bot 'bills' (ID: 16) processed in 10.268s
  ✓ Completed in 11.912s (Barbarians: 0.793s, Bots: 10.269s, Processed: 1 bots)
[2026-06-19 12:58:49] Starting bot processing for world 1
  - Bot 'bills' (ID: 16) processed in 10.431s
  ✓ Completed in 11.712s (Barbarians: 0.787s, Bots: 10.431s, Processed: 1 bots)
[2026-06-19 13:00:49] Starting bot processing for world 1
  - Bot 'bills' (ID: 16) processed in 10.328s
  ✓ Completed in 11.882s (Barbarians: 0.789s, Bots: 10.329s, Processed: 1 bots)
[2026-06-19 13:03:49] Starting bot processing for world 1
  - Bot 'bills' (ID: 16) processed in 10.473s
  ✓ Completed in 12.022s (Barbarians: 0.814s, Bots: 10.473s, Processed: 1 bots)
[2026-06-19 13:05:49] Starting bot processing for world 1
  - Bot 'bills' (ID: 16) processed in 10.704s
  ✓ Completed in 12.138s (Barbarians: 0.835s, Bots: 10.705s, Processed: 1 bots)
[2026-06-19 13:07:49] Starting bot processing for world 1
  - Bot 'bills' (ID: 16) processed in 10.104s
  ✓ Completed in 11.275s (Barbarians: 0.77s, Bots: 10.104s, Processed: 1 bots)
[2026-06-19 13:09:49] Starting bot processing for world 1
  - Bot 'bills' (ID: 16) processed in 10.195s
  ✓ Completed in 11.595s (Barbarians: 0.793s, Bots: 10.195s, Processed: 1 bots)
[2026-06-19 13:11:49] Starting bot processing for world 1
  - Bot 'bills' (ID: 16) processed in 10.274s
  ✓ Completed in 11.776s (Barbarians: 0.799s, Bots: 10.275s, Processed: 1 bots)
[2026-06-19 13:13:49] Starting bot processing for world 1
  - Bot 'bills' (ID: 16) processed in 10.393s
  ✓ Completed in 11.592s (Barbarians: 0.797s, Bots: 10.394s, Processed: 1 bots)
[2026-06-19 13:16:49] Starting bot processing for world 1
  - Bot 'bills' (ID: 16) processed in 10.555s
  ✓ Completed in 12.067s (Barbarians: 0.797s, Bots: 10.555s, Processed: 1 bots)
[2026-06-19 13:18:49] Starting bot processing for world 1
  - Bot 'bills' (ID: 16) processed in 10.182s
  ✓ Completed in 11.323s (Barbarians: 0.798s, Bots: 10.183s, Processed: 1 bots)
[2026-06-19 13:20:49] Starting bot processing for world 1
  - Bot 'bills' (ID: 16) processed in 10.292s
  ✓ Completed in 11.509s (Barbarians: 0.792s, Bots: 10.293s, Processed: 1 bots)
[2026-06-19 13:22:49] Starting bot processing for world 1
  - Bot 'bills' (ID: 16) processed in 10.223s
  ✓ Completed in 11.723s (Barbarians: 0.795s, Bots: 10.224s, Processed: 1 bots)
[2026-06-19 13:24:49] Starting bot processing for world 1
  - Bot 'bills' (ID: 16) processed in 10.36s
  ✓ Completed in 11.593s (Barbarians: 0.789s, Bots: 10.361s, Processed: 1 bots)
[2026-06-19 13:26:49] Starting bot processing for world 1
  - Bot 'bills' (ID: 16) processed in 10.264s
  ✓ Completed in 11.769s (Barbarians: 0.783s, Bots: 10.265s, Processed: 1 bots)
[2026-06-19 13:29:49] Starting bot processing for world 1
  - Bot 'bills' (ID: 16) processed in 10.55s
  ✓ Completed in 11.794s (Barbarians: 0.804s, Bots: 10.55s, Processed: 1 bots)
[2026-06-19 13:31:49] Starting bot processing for world 1
  - Bot 'bills' (ID: 16) processed in 10.123s
  ✓ Completed in 11.373s (Barbarians: 0.781s, Bots: 10.123s, Processed: 1 bots)
[2026-06-19 13:33:49] Starting bot processing for world 1
  - Bot 'bills' (ID: 16) processed in 10.331s
  ✓ Completed in 11.553s (Barbarians: 0.78s, Bots: 10.332s, Processed: 1 bots)
[2026-06-19 13:35:49] Starting bot processing for world 1
  - Bot 'bills' (ID: 16) processed in 10.337s
  ✓ Completed in 11.585s (Barbarians: 0.784s, Bots: 10.338s, Processed: 1 bots)
[2026-06-19 13:37:49] Starting bot processing for world 1
  - Bot 'bills' (ID: 16) processed in 10.384s
  ✓ Completed in 11.9s (Barbarians: 0.803s, Bots: 10.384s, Processed: 1 bots)
[2026-06-19 13:39:49] Starting bot processing for world 1
  - Bot 'bills' (ID: 16) processed in 10.438s
  ✓ Completed in 12.22s (Barbarians: 0.811s, Bots: 10.439s, Processed: 1 bots)
[2026-06-19 13:41:49] Starting bot processing for world 1
  - Bot 'bills' (ID: 16) processed in 10.428s
  ✓ Completed in 11.979s (Barbarians: 0.773s, Bots: 10.428s, Processed: 1 bots)
[2026-06-19 13:43:49] Starting bot processing for world 1
  - Bot 'bills' (ID: 16) processed in 10.218s
  ✓ Completed in 11.627s (Barbarians: 0.806s, Bots: 10.218s, Processed: 1 bots)
[2026-06-19 13:45:49] Starting bot processing for world 1
  - Bot 'bills' (ID: 16) processed in 10.368s
  ✓ Completed in 11.632s (Barbarians: 0.792s, Bots: 10.369s, Processed: 1 bots)
[2026-06-19 13:47:49] Starting bot processing for world 1
  - Bot 'bills' (ID: 16) processed in 10.199s
  ✓ Completed in 11.545s (Barbarians: 0.808s, Bots: 10.199s, Processed: 1 bots)
[2026-06-19 13:50:49] Starting bot processing for world 1
  - Bot 'bills' (ID: 16) processed in 10.318s
  ✓ Completed in 11.603s (Barbarians: 0.798s, Bots: 10.318s, Processed: 1 bots)
[2026-06-19 13:52:49] Starting bot processing for world 1
  - Bot 'bills' (ID: 16) processed in 10.002s
  ✓ Completed in 11.338s (Barbarians: 0.781s, Bots: 10.002s, Processed: 1 bots)
[2026-06-19 13:54:49] Starting bot processing for world 1
  - Bot 'bills' (ID: 16) processed in 10.234s
  ✓ Completed in 11.537s (Barbarians: 0.796s, Bots: 10.234s, Processed: 1 bots)
[2026-06-19 13:56:49] Starting bot processing for world 1
  - Bot 'bills' (ID: 16) processed in 10.167s
  ✓ Completed in 11.747s (Barbarians: 0.793s, Bots: 10.167s, Processed: 1 bots)
[2026-06-19 13:58:49] Starting bot processing for world 1
  - Bot 'bills' (ID: 16) processed in 10.036s
  ✓ Completed in 11.146s (Barbarians: 0.777s, Bots: 10.037s, Processed: 1 bots)
[2026-06-19 14:01:49] Starting bot processing for world 1
  - Bot 'bills' (ID: 16) processed in 10.15s
  ✓ Completed in 11.408s (Barbarians: 0.765s, Bots: 10.15s, Processed: 1 bots)
[2026-06-19 14:03:49] Starting bot processing for world 1
  - Bot 'bills' (ID: 16) processed in 9.949s
  ✓ Completed in 11.29s (Barbarians: 0.76s, Bots: 9.95s, Processed: 1 bots)
[2026-06-19 14:06:49] Starting bot processing for world 1
  - Bot 'bills' (ID: 16) processed in 10.26s
  ✓ Completed in 11.507s (Barbarians: 0.757s, Bots: 10.26s, Processed: 1 bots)
[2026-06-19 14:08:49] Starting bot processing for world 1
  - Bot 'bills' (ID: 16) processed in 10.184s
  ✓ Completed in 11.402s (Barbarians: 0.806s, Bots: 10.185s, Processed: 1 bots)
[2026-06-19 14:11:49] Starting bot processing for world 1
  - Bot 'bills' (ID: 16) processed in 10.253s
  ✓ Completed in 11.512s (Barbarians: 0.772s, Bots: 10.254s, Processed: 1 bots)
[2026-06-19 14:14:49] Starting bot processing for world 1
  - Bot 'bills' (ID: 16) processed in 10.203s
  ✓ Completed in 11.371s (Barbarians: 0.769s, Bots: 10.204s, Processed: 1 bots)
[2026-06-19 14:16:49] Starting bot processing for world 1
  - Bot 'bills' (ID: 16) processed in 10.269s
  ✓ Completed in 11.608s (Barbarians: 0.803s, Bots: 10.27s, Processed: 1 bots)
[2026-06-19 14:19:49] Starting bot processing for world 1
  - Bot 'bills' (ID: 16) processed in 10.237s
  ✓ Completed in 11.668s (Barbarians: 0.807s, Bots: 10.238s, Processed: 1 bots)
[2026-06-19 14:21:49] Starting bot processing for world 1
  - Bot 'bills' (ID: 16) processed in 10.056s
  ✓ Completed in 11.261s (Barbarians: 0.777s, Bots: 10.057s, Processed: 1 bots)
[2026-06-19 14:23:49] Starting bot processing for world 1
  - Bot 'bills' (ID: 16) processed in 10.178s
  ✓ Completed in 11.358s (Barbarians: 0.765s, Bots: 10.178s, Processed: 1 bots)
[2026-06-19 14:26:49] Starting bot processing for world 1
  - Bot 'bills' (ID: 16) processed in 10.29s
  ✓ Completed in 11.715s (Barbarians: 0.807s, Bots: 10.291s, Processed: 1 bots)
[2026-06-19 14:28:49] Starting bot processing for world 1
  - Bot 'bills' (ID: 16) processed in 10.168s
  ✓ Completed in 11.347s (Barbarians: 0.755s, Bots: 10.168s, Processed: 1 bots)
[2026-06-19 14:30:49] Starting bot processing for world 1
  - Bot 'bills' (ID: 16) processed in 10.284s
  ✓ Completed in 11.499s (Barbarians: 0.768s, Bots: 10.285s, Processed: 1 bots)
[2026-06-19 14:33:49] Starting bot processing for world 1
  - Bot 'bills' (ID: 16) processed in 10.281s
  ✓ Completed in 11.763s (Barbarians: 0.768s, Bots: 10.282s, Processed: 1 bots)
[2026-06-19 14:35:49] Starting bot processing for world 1
  - Bot 'bills' (ID: 16) processed in 10.241s
  ✓ Completed in 11.377s (Barbarians: 0.784s, Bots: 10.241s, Processed: 1 bots)
[2026-06-19 14:38:49] Starting bot processing for world 1
  - Bot 'bills' (ID: 16) processed in 10.359s
  ✓ Completed in 11.71s (Barbarians: 0.796s, Bots: 10.359s, Processed: 1 bots)
[2026-06-19 14:41:49] Starting bot processing for world 1
  - Bot 'bills' (ID: 16) processed in 10.368s
  ✓ Completed in 11.811s (Barbarians: 0.806s, Bots: 10.368s, Processed: 1 bots)
[2026-06-19 14:43:49] Starting bot processing for world 1
  - Bot 'bills' (ID: 16) processed in 10.284s
  ✓ Completed in 11.584s (Barbarians: 0.803s, Bots: 10.284s, Processed: 1 bots)
[2026-06-19 14:46:49] Starting bot processing for world 1
  - Bot 'bills' (ID: 16) processed in 10.277s
  ✓ Completed in 11.671s (Barbarians: 0.796s, Bots: 10.277s, Processed: 1 bots)
[2026-06-19 14:48:49] Starting bot processing for world 1
  - Bot 'bills' (ID: 16) processed in 10.078s
  ✓ Completed in 11.253s (Barbarians: 0.76s, Bots: 10.078s, Processed: 1 bots)
[2026-06-19 14:50:49] Starting bot processing for world 1
  - Bot 'bills' (ID: 16) processed in 10.227s
  ✓ Completed in 11.653s (Barbarians: 0.776s, Bots: 10.228s, Processed: 1 bots)
[2026-06-19 14:52:49] Starting bot processing for world 1
  - Bot 'bills' (ID: 16) processed in 10.245s
  ✓ Completed in 11.711s (Barbarians: 0.789s, Bots: 10.246s, Processed: 1 bots)
[2026-06-19 14:54:49] Starting bot processing for world 1
  - Bot 'bills' (ID: 16) processed in 10.254s
  ✓ Completed in 11.377s (Barbarians: 0.781s, Bots: 10.255s, Processed: 1 bots)
[2026-06-19 14:57:49] Starting bot processing for world 1
  - Bot 'bills' (ID: 16) processed in 10.402s
  ✓ Completed in 11.749s (Barbarians: 0.801s, Bots: 10.403s, Processed: 1 bots)
[2026-06-19 14:59:49] Starting bot processing for world 1
  - Bot 'bills' (ID: 16) processed in 10.078s
  ✓ Completed in 11.365s (Barbarians: 0.781s, Bots: 10.079s, Processed: 1 bots)
[2026-06-19 15:01:49] Starting bot processing for world 1
  - Bot 'bills' (ID: 16) processed in 10.249s
  ✓ Completed in 11.504s (Barbarians: 0.78s, Bots: 10.25s, Processed: 1 bots)
[2026-06-19 15:03:49] Starting bot processing for world 1
  - Bot 'bills' (ID: 16) processed in 10.197s
  ✓ Completed in 11.432s (Barbarians: 0.773s, Bots: 10.197s, Processed: 1 bots)
[2026-06-19 15:05:49] Starting bot processing for world 1
  - Bot 'bills' (ID: 16) processed in 10.31s
  ✓ Completed in 11.701s (Barbarians: 0.784s, Bots: 10.31s, Processed: 1 bots)
[2026-06-19 15:07:49] Starting bot processing for world 1
  - Bot 'bills' (ID: 16) processed in 10.122s
  ✓ Completed in 11.495s (Barbarians: 0.776s, Bots: 10.123s, Processed: 1 bots)
[2026-06-19 15:09:49] Starting bot processing for world 1
  - Bot 'bills' (ID: 16) processed in 10.207s
  ✓ Completed in 11.559s (Barbarians: 0.773s, Bots: 10.208s, Processed: 1 bots)
[2026-06-19 15:11:49] Starting bot processing for world 1
  - Bot 'bills' (ID: 16) processed in 10.157s
  ✓ Completed in 11.447s (Barbarians: 0.786s, Bots: 10.158s, Processed: 1 bots)
[2026-06-19 15:13:49] Starting bot processing for world 1
  - Bot 'bills' (ID: 16) processed in 10.174s
  ✓ Completed in 11.349s (Barbarians: 0.777s, Bots: 10.175s, Processed: 1 bots)
[2026-06-19 15:15:49] Starting bot processing for world 1
  - Bot 'bills' (ID: 16) processed in 10.197s
  ✓ Completed in 11.637s (Barbarians: 0.808s, Bots: 10.198s, Processed: 1 bots)
[2026-06-19 15:17:49] Starting bot processing for world 1
  - Bot 'bills' (ID: 16) processed in 10.173s
  ✓ Completed in 11.662s (Barbarians: 0.804s, Bots: 10.174s, Processed: 1 bots)
[2026-06-19 15:19:49] Starting bot processing for world 1
  - Bot 'bills' (ID: 16) processed in 10.114s
  ✓ Completed in 11.54s (Barbarians: 0.793s, Bots: 10.114s, Processed: 1 bots)
[2026-06-19 15:21:49] Starting bot processing for world 1
  - Bot 'bills' (ID: 16) processed in 10.141s
  ✓ Completed in 11.319s (Barbarians: 0.786s, Bots: 10.142s, Processed: 1 bots)
[2026-06-19 15:23:49] Starting bot processing for world 1
  - Bot 'bills' (ID: 16) processed in 10.189s
  ✓ Completed in 11.73s (Barbarians: 0.773s, Bots: 10.19s, Processed: 1 bots)
[2026-06-19 15:25:49] Starting bot processing for world 1
  - Bot 'bills' (ID: 16) processed in 10.213s
  ✓ Completed in 11.513s (Barbarians: 0.783s, Bots: 10.214s, Processed: 1 bots)
[2026-06-19 15:27:49] Starting bot processing for world 1
  - Bot 'bills' (ID: 16) processed in 10.196s
  ✓ Completed in 11.513s (Barbarians: 0.811s, Bots: 10.197s, Processed: 1 bots)
[2026-06-19 15:30:49] Starting bot processing for world 1
  - Bot 'bills' (ID: 16) processed in 10.374s
  ✓ Completed in 11.702s (Barbarians: 0.794s, Bots: 10.374s, Processed: 1 bots)
[2026-06-19 15:33:49] Starting bot processing for world 1
  - Bot 'bills' (ID: 16) processed in 10.443s
  ✓ Completed in 11.838s (Barbarians: 0.802s, Bots: 10.444s, Processed: 1 bots)
[2026-06-19 15:35:49] Starting bot processing for world 1
  - Bot 'bills' (ID: 16) processed in 10.271s
  ✓ Completed in 11.463s (Barbarians: 0.782s, Bots: 10.271s, Processed: 1 bots)
[2026-06-19 15:37:49] Starting bot processing for world 1
  - Bot 'bills' (ID: 16) processed in 10.071s
  ✓ Completed in 11.459s (Barbarians: 0.776s, Bots: 10.072s, Processed: 1 bots)
[2026-06-19 15:39:49] Starting bot processing for world 1
  - Bot 'bills' (ID: 16) processed in 10.173s
  ✓ Completed in 11.478s (Barbarians: 0.795s, Bots: 10.174s, Processed: 1 bots)
[2026-06-19 15:41:49] Starting bot processing for world 1
  - Bot 'bills' (ID: 16) processed in 10.155s
  ✓ Completed in 11.348s (Barbarians: 0.772s, Bots: 10.156s, Processed: 1 bots)
[2026-06-19 15:43:49] Starting bot processing for world 1
  - Bot 'bills' (ID: 16) processed in 10.104s
  ✓ Completed in 11.382s (Barbarians: 0.772s, Bots: 10.104s, Processed: 1 bots)
[2026-06-19 15:46:49] Starting bot processing for world 1
  - Bot 'bills' (ID: 16) processed in 10.294s
  ✓ Completed in 11.747s (Barbarians: 0.794s, Bots: 10.294s, Processed: 1 bots)
[2026-06-19 15:48:49] Starting bot processing for world 1
  - Bot 'bills' (ID: 16) processed in 10.088s
  ✓ Completed in 11.324s (Barbarians: 0.8s, Bots: 10.089s, Processed: 1 bots)
[2026-06-19 15:50:49] Starting bot processing for world 1
  - Bot 'bills' (ID: 16) processed in 10.101s
  ✓ Completed in 11.309s (Barbarians: 0.769s, Bots: 10.101s, Processed: 1 bots)
[2026-06-19 15:52:49] Starting bot processing for world 1
  - Bot 'bills' (ID: 16) processed in 10.111s
  ✓ Completed in 11.411s (Barbarians: 0.791s, Bots: 10.112s, Processed: 1 bots)
[2026-06-19 15:54:49] Starting bot processing for world 1
  - Bot 'bills' (ID: 16) processed in 10.08s
  ✓ Completed in 11.379s (Barbarians: 0.805s, Bots: 10.08s, Processed: 1 bots)
[2026-06-19 15:56:49] Starting bot processing for world 1
  - Bot 'bills' (ID: 16) processed in 10.152s
  ✓ Completed in 11.479s (Barbarians: 0.769s, Bots: 10.153s, Processed: 1 bots)
[2026-06-19 15:58:49] Starting bot processing for world 1
  - Bot 'bills' (ID: 16) processed in 10.021s
  ✓ Completed in 11.505s (Barbarians: 0.777s, Bots: 10.021s, Processed: 1 bots)
[2026-06-19 16:00:49] Starting bot processing for world 1
  - Bot 'bills' (ID: 16) processed in 10.035s
  ✓ Completed in 11.447s (Barbarians: 0.759s, Bots: 10.036s, Processed: 1 bots)
[2026-06-19 16:02:49] Starting bot processing for world 1
  - Bot 'bills' (ID: 16) processed in 10.058s
  ✓ Completed in 11.329s (Barbarians: 0.767s, Bots: 10.058s, Processed: 1 bots)
[2026-06-19 16:04:49] Starting bot processing for world 1
  - Bot 'bills' (ID: 16) processed in 10.14s
  ✓ Completed in 11.471s (Barbarians: 0.767s, Bots: 10.14s, Processed: 1 bots)
[2026-06-19 16:06:49] Starting bot processing for world 1
  - Bot 'bills' (ID: 16) processed in 10.208s
  ✓ Completed in 11.59s (Barbarians: 0.806s, Bots: 10.209s, Processed: 1 bots)
[2026-06-19 16:08:49] Starting bot processing for world 1
  - Bot 'bills' (ID: 16) processed in 10.188s
  ✓ Completed in 11.441s (Barbarians: 0.779s, Bots: 10.188s, Processed: 1 bots)
[2026-06-19 16:10:49] Starting bot processing for world 1
  - Bot 'bills' (ID: 16) processed in 10.189s
  ✓ Completed in 11.635s (Barbarians: 0.786s, Bots: 10.19s, Processed: 1 bots)
[2026-06-19 16:13:49] Starting bot processing for world 1
  - Bot 'bills' (ID: 16) processed in 10.242s
  ✓ Completed in 11.458s (Barbarians: 0.778s, Bots: 10.243s, Processed: 1 bots)
[2026-06-19 16:15:49] Starting bot processing for world 1
  - Bot 'bills' (ID: 16) processed in 10.212s
  ✓ Completed in 11.531s (Barbarians: 0.796s, Bots: 10.213s, Processed: 1 bots)
[2026-06-19 16:17:49] Starting bot processing for world 1
  - Bot 'bills' (ID: 16) processed in 10.232s
  ✓ Completed in 11.613s (Barbarians: 0.78s, Bots: 10.232s, Processed: 1 bots)
[2026-06-19 16:19:49] Starting bot processing for world 1
  - Bot 'bills' (ID: 16) processed in 10.102s
  ✓ Completed in 11.23s (Barbarians: 0.782s, Bots: 10.103s, Processed: 1 bots)
[2026-06-19 16:21:49] Starting bot processing for world 1
  - Bot 'bills' (ID: 16) processed in 10.066s
  ✓ Completed in 11.679s (Barbarians: 0.766s, Bots: 10.068s, Processed: 1 bots)
[2026-06-19 16:24:49] Starting bot processing for world 1
  - Bot 'bills' (ID: 16) processed in 10.268s
  ✓ Completed in 11.41s (Barbarians: 0.772s, Bots: 10.269s, Processed: 1 bots)
[2026-06-19 16:26:49] Starting bot processing for world 1
  - Bot 'bills' (ID: 16) processed in 10.335s
  ✓ Completed in 11.869s (Barbarians: 0.777s, Bots: 10.336s, Processed: 1 bots)
[2026-06-19 16:28:49] Starting bot processing for world 1
  - Bot 'bills' (ID: 16) processed in 10.35s
  ✓ Completed in 11.824s (Barbarians: 0.775s, Bots: 10.351s, Processed: 1 bots)
[2026-06-19 16:30:49] Starting bot processing for world 1
  - Bot 'bills' (ID: 16) processed in 10.257s
  ✓ Completed in 11.431s (Barbarians: 0.797s, Bots: 10.257s, Processed: 1 bots)
[2026-06-19 16:32:49] Starting bot processing for world 1
  - Bot 'bills' (ID: 16) processed in 10.22s
  ✓ Completed in 11.568s (Barbarians: 0.776s, Bots: 10.221s, Processed: 1 bots)
[2026-06-19 16:35:49] Starting bot processing for world 1
  - Bot 'bills' (ID: 16) processed in 10.345s
  ✓ Completed in 11.552s (Barbarians: 0.769s, Bots: 10.346s, Processed: 1 bots)
[2026-06-19 16:37:49] Starting bot processing for world 1
  - Bot 'bills' (ID: 16) processed in 10.36s
  ✓ Completed in 11.674s (Barbarians: 0.793s, Bots: 10.361s, Processed: 1 bots)
[2026-06-19 16:39:49] Starting bot processing for world 1
  - Bot 'bills' (ID: 16) processed in 10.269s
  ✓ Completed in 11.69s (Barbarians: 0.794s, Bots: 10.27s, Processed: 1 bots)
[2026-06-19 16:41:49] Starting bot processing for world 1
  - Bot 'bills' (ID: 16) processed in 10.263s
  ✓ Completed in 11.666s (Barbarians: 0.787s, Bots: 10.264s, Processed: 1 bots)
[2026-06-19 16:43:49] Starting bot processing for world 1
  - Bot 'bills' (ID: 16) processed in 10.126s
  ✓ Completed in 11.655s (Barbarians: 0.769s, Bots: 10.127s, Processed: 1 bots)
[2026-06-19 16:45:49] Starting bot processing for world 1
  - Bot 'bills' (ID: 16) processed in 10.303s
  ✓ Completed in 11.768s (Barbarians: 0.794s, Bots: 10.304s, Processed: 1 bots)
[2026-06-19 16:48:49] Starting bot processing for world 1
  - Bot 'bills' (ID: 16) processed in 10.417s
  ✓ Completed in 11.761s (Barbarians: 0.801s, Bots: 10.418s, Processed: 1 bots)
[2026-06-19 16:50:49] Starting bot processing for world 1
  - Bot 'bills' (ID: 16) processed in 10.751s
  ✓ Completed in 11.269s (Barbarians: 0.223s, Bots: 10.752s, Processed: 1 bots)
[2026-06-19 16:53:49] Starting bot processing for world 1
  - Bot 'bills' (ID: 16) processed in 10.255s
  ✓ Completed in 11.699s (Barbarians: 0.785s, Bots: 10.255s, Processed: 1 bots)
[2026-06-19 16:55:49] Starting bot processing for world 1
  - Bot 'bills' (ID: 16) processed in 10.165s
  ✓ Completed in 11.322s (Barbarians: 0.792s, Bots: 10.166s, Processed: 1 bots)
[2026-06-19 16:57:49] Starting bot processing for world 1
  - Bot 'bills' (ID: 16) processed in 10.209s
  ✓ Completed in 11.468s (Barbarians: 0.792s, Bots: 10.21s, Processed: 1 bots)
[2026-06-19 16:59:49] Starting bot processing for world 1
  - Bot 'bills' (ID: 16) processed in 10.121s
  ✓ Completed in 11.352s (Barbarians: 0.766s, Bots: 10.122s, Processed: 1 bots)
[2026-06-19 17:02:49] Starting bot processing for world 1
  - Bot 'bills' (ID: 16) processed in 10.345s
  ✓ Completed in 11.942s (Barbarians: 0.79s, Bots: 10.345s, Processed: 1 bots)
[2026-06-19 17:05:49] Starting bot processing for world 1
  - Bot 'bills' (ID: 16) processed in 10.344s
  ✓ Completed in 11.601s (Barbarians: 0.794s, Bots: 10.345s, Processed: 1 bots)
[2026-06-19 17:07:49] Starting bot processing for world 1
  - Bot 'bills' (ID: 16) processed in 10.343s
  ✓ Completed in 11.78s (Barbarians: 0.794s, Bots: 10.343s, Processed: 1 bots)
[2026-06-19 17:10:49] Starting bot processing for world 1
  - Bot 'bills' (ID: 16) processed in 10.333s
  ✓ Completed in 11.592s (Barbarians: 0.783s, Bots: 10.334s, Processed: 1 bots)
[2026-06-19 17:13:49] Starting bot processing for world 1
  - Bot 'bills' (ID: 16) processed in 10.215s
  ✓ Completed in 11.364s (Barbarians: 0.787s, Bots: 10.216s, Processed: 1 bots)
[2026-06-19 17:15:49] Starting bot processing for world 1
  - Bot 'bills' (ID: 16) processed in 10.184s
  ✓ Completed in 11.514s (Barbarians: 0.788s, Bots: 10.184s, Processed: 1 bots)
[2026-06-19 17:18:49] Starting bot processing for world 1
  - Bot 'bills' (ID: 16) processed in 10.338s
  ✓ Completed in 11.882s (Barbarians: 0.778s, Bots: 10.338s, Processed: 1 bots)
[2026-06-19 17:20:49] Starting bot processing for world 1
  - Bot 'bills' (ID: 16) processed in 10.219s
  ✓ Completed in 11.511s (Barbarians: 0.785s, Bots: 10.219s, Processed: 1 bots)
[2026-06-19 17:23:49] Starting bot processing for world 1
  - Bot 'bills' (ID: 16) processed in 10.338s
  ✓ Completed in 12.077s (Barbarians: 0.81s, Bots: 10.339s, Processed: 1 bots)
[2026-06-19 17:26:49] Starting bot processing for world 1
  - Bot 'bills' (ID: 16) processed in 10.363s
  ✓ Completed in 11.597s (Barbarians: 0.785s, Bots: 10.363s, Processed: 1 bots)
[2026-06-19 17:28:49] Starting bot processing for world 1
  - Bot 'bills' (ID: 16) processed in 10.278s
  ✓ Completed in 11.499s (Barbarians: 0.782s, Bots: 10.279s, Processed: 1 bots)
[2026-06-19 17:31:49] Starting bot processing for world 1
  - Bot 'bills' (ID: 16) processed in 10.405s
  ✓ Completed in 11.68s (Barbarians: 0.795s, Bots: 10.406s, Processed: 1 bots)
[2026-06-19 17:33:49] Starting bot processing for world 1
  - Bot 'bills' (ID: 16) processed in 10.197s
  ✓ Completed in 11.943s (Barbarians: 0.804s, Bots: 10.197s, Processed: 1 bots)
[2026-06-19 17:35:49] Starting bot processing for world 1
  - Bot 'bills' (ID: 16) processed in 10.144s
  ✓ Completed in 11.385s (Barbarians: 0.768s, Bots: 10.144s, Processed: 1 bots)
[2026-06-19 17:37:49] Starting bot processing for world 1
  - Bot 'bills' (ID: 16) processed in 10.269s
  ✓ Completed in 11.479s (Barbarians: 0.784s, Bots: 10.269s, Processed: 1 bots)
[2026-06-19 17:40:49] Starting bot processing for world 1
  - Bot 'bills' (ID: 16) processed in 10.431s
  ✓ Completed in 11.685s (Barbarians: 0.773s, Bots: 10.431s, Processed: 1 bots)
[2026-06-19 17:42:49] Starting bot processing for world 1
  - Bot 'bills' (ID: 16) processed in 10.19s
  ✓ Completed in 11.522s (Barbarians: 0.777s, Bots: 10.191s, Processed: 1 bots)
[2026-06-19 17:44:49] Starting bot processing for world 1
  - Bot 'bills' (ID: 16) processed in 10.128s
  ✓ Completed in 11.418s (Barbarians: 0.764s, Bots: 10.129s, Processed: 1 bots)
[2026-06-19 17:46:49] Starting bot processing for world 1
  - Bot 'bills' (ID: 16) processed in 10.276s
  ✓ Completed in 11.544s (Barbarians: 0.787s, Bots: 10.276s, Processed: 1 bots)
[2026-06-19 17:48:49] Starting bot processing for world 1
  - Bot 'bills' (ID: 16) processed in 10.274s
  ✓ Completed in 11.434s (Barbarians: 0.786s, Bots: 10.274s, Processed: 1 bots)
[2026-06-19 17:50:49] Starting bot processing for world 1
  - Bot 'bills' (ID: 16) processed in 10.358s
  ✓ Completed in 11.607s (Barbarians: 0.794s, Bots: 10.359s, Processed: 1 bots)
[2026-06-19 17:52:49] Starting bot processing for world 1
  - Bot 'bills' (ID: 16) processed in 10.253s
  ✓ Completed in 11.429s (Barbarians: 0.773s, Bots: 10.253s, Processed: 1 bots)
[2026-06-19 17:54:49] Starting bot processing for world 1
  - Bot 'bills' (ID: 16) processed in 10.295s
  ✓ Completed in 11.511s (Barbarians: 0.781s, Bots: 10.295s, Processed: 1 bots)
[2026-06-19 17:57:49] Starting bot processing for world 1
  - Bot 'bills' (ID: 16) processed in 10.423s
  ✓ Completed in 11.626s (Barbarians: 0.805s, Bots: 10.423s, Processed: 1 bots)
[2026-06-19 18:00:49] Starting bot processing for world 1
  - Bot 'bills' (ID: 16) processed in 10.509s
  ✓ Completed in 11.631s (Barbarians: 0.775s, Bots: 10.509s, Processed: 1 bots)
[2026-06-19 18:02:49] Starting bot processing for world 1
  - Bot 'bills' (ID: 16) processed in 10.342s
  ✓ Completed in 11.679s (Barbarians: 0.782s, Bots: 10.343s, Processed: 1 bots)
[2026-06-19 18:04:49] Starting bot processing for world 1
  - Bot 'bills' (ID: 16) processed in 10.24s
  ✓ Completed in 11.349s (Barbarians: 0.773s, Bots: 10.241s, Processed: 1 bots)
[2026-06-19 18:07:49] Starting bot processing for world 1
  - Bot 'bills' (ID: 16) processed in 10.453s
  ✓ Completed in 11.718s (Barbarians: 0.774s, Bots: 10.454s, Processed: 1 bots)
[2026-06-19 18:09:49] Starting bot processing for world 1
  - Bot 'bills' (ID: 16) processed in 10.181s
  ✓ Completed in 11.423s (Barbarians: 0.767s, Bots: 10.182s, Processed: 1 bots)
[2026-06-19 18:11:49] Starting bot processing for world 1
  - Bot 'bills' (ID: 16) processed in 10.239s
  ✓ Completed in 11.384s (Barbarians: 0.767s, Bots: 10.24s, Processed: 1 bots)
[2026-06-19 18:13:49] Starting bot processing for world 1
  - Bot 'bills' (ID: 16) processed in 10.261s
  ✓ Completed in 11.57s (Barbarians: 0.78s, Bots: 10.262s, Processed: 1 bots)
[2026-06-19 18:16:49] Starting bot processing for world 1
  - Bot 'bills' (ID: 16) processed in 10.36s
  ✓ Completed in 11.989s (Barbarians: 0.781s, Bots: 10.36s, Processed: 1 bots)
[2026-06-19 18:18:49] Starting bot processing for world 1
  - Bot 'bills' (ID: 16) processed in 10.301s
  ✓ Completed in 11.444s (Barbarians: 0.808s, Bots: 10.302s, Processed: 1 bots)
[2026-06-19 18:20:49] Starting bot processing for world 1
  - Bot 'bills' (ID: 16) processed in 10.128s
  ✓ Completed in 11.285s (Barbarians: 0.79s, Bots: 10.128s, Processed: 1 bots)
[2026-06-19 18:22:49] Starting bot processing for world 1
  - Bot 'bills' (ID: 16) processed in 10.283s
  ✓ Completed in 11.642s (Barbarians: 0.783s, Bots: 10.284s, Processed: 1 bots)
[2026-06-19 18:24:49] Starting bot processing for world 1
  - Bot 'bills' (ID: 16) processed in 10.282s
  ✓ Completed in 11.499s (Barbarians: 0.78s, Bots: 10.283s, Processed: 1 bots)
[2026-06-19 18:26:49] Starting bot processing for world 1
  - Bot 'bills' (ID: 16) processed in 10.183s
  ✓ Completed in 11.408s (Barbarians: 0.781s, Bots: 10.183s, Processed: 1 bots)
[2026-06-19 18:29:49] Starting bot processing for world 1
  - Bot 'bills' (ID: 16) processed in 10.395s
  ✓ Completed in 11.547s (Barbarians: 0.789s, Bots: 10.396s, Processed: 1 bots)
[2026-06-19 18:31:49] Starting bot processing for world 1
  - Bot 'bills' (ID: 16) processed in 10.084s
  ✓ Completed in 11.723s (Barbarians: 0.766s, Bots: 10.084s, Processed: 1 bots)
[2026-06-19 18:33:49] Starting bot processing for world 1
  - Bot 'bills' (ID: 16) processed in 10.278s
  ✓ Completed in 11.567s (Barbarians: 0.812s, Bots: 10.279s, Processed: 1 bots)
[2026-06-19 18:35:49] Starting bot processing for world 1
  - Bot 'bills' (ID: 16) processed in 10.234s
  ✓ Completed in 11.515s (Barbarians: 0.8s, Bots: 10.234s, Processed: 1 bots)
[2026-06-19 18:37:49] Starting bot processing for world 1
  - Bot 'bills' (ID: 16) processed in 10.134s
  ✓ Completed in 11.298s (Barbarians: 0.775s, Bots: 10.135s, Processed: 1 bots)
[2026-06-19 18:39:49] Starting bot processing for world 1
  - Bot 'bills' (ID: 16) processed in 10.293s
  ✓ Completed in 11.549s (Barbarians: 0.778s, Bots: 10.294s, Processed: 1 bots)
[2026-06-19 18:42:49] Starting bot processing for world 1
  - Bot 'bills' (ID: 16) processed in 10.466s
  ✓ Completed in 11.712s (Barbarians: 0.799s, Bots: 10.467s, Processed: 1 bots)
[2026-06-19 18:45:49] Starting bot processing for world 1
  - Bot 'bills' (ID: 16) processed in 10.514s
  ✓ Completed in 11.768s (Barbarians: 0.797s, Bots: 10.515s, Processed: 1 bots)
[2026-06-19 18:47:49] Starting bot processing for world 1
  - Bot 'bills' (ID: 16) processed in 10.142s
  ✓ Completed in 11.334s (Barbarians: 0.775s, Bots: 10.142s, Processed: 1 bots)
[2026-06-19 18:50:49] Starting bot processing for world 1
  - Bot 'bills' (ID: 16) processed in 10.338s
  ✓ Completed in 11.556s (Barbarians: 0.769s, Bots: 10.338s, Processed: 1 bots)
[2026-06-19 18:52:49] Starting bot processing for world 1
  - Bot 'bills' (ID: 16) processed in 10.041s
  ✓ Completed in 11.275s (Barbarians: 0.778s, Bots: 10.042s, Processed: 1 bots)
[2026-06-19 18:54:49] Starting bot processing for world 1
  - Bot 'bills' (ID: 16) processed in 10.056s
  ✓ Completed in 11.705s (Barbarians: 0.793s, Bots: 10.057s, Processed: 1 bots)
[2026-06-19 18:56:49] Starting bot processing for world 1
  - Bot 'bills' (ID: 16) processed in 10.133s
  ✓ Completed in 11.335s (Barbarians: 0.77s, Bots: 10.134s, Processed: 1 bots)
[2026-06-19 18:59:49] Starting bot processing for world 1
  - Bot 'bills' (ID: 16) processed in 10.351s
  ✓ Completed in 11.463s (Barbarians: 0.774s, Bots: 10.352s, Processed: 1 bots)
[2026-06-19 19:01:49] Starting bot processing for world 1
  - Bot 'bills' (ID: 16) processed in 10.146s
  ✓ Completed in 11.369s (Barbarians: 0.764s, Bots: 10.146s, Processed: 1 bots)
[2026-06-19 19:03:49] Starting bot processing for world 1
  - Bot 'bills' (ID: 16) processed in 10.102s
  ✓ Completed in 11.317s (Barbarians: 0.786s, Bots: 10.102s, Processed: 1 bots)
[2026-06-19 19:05:49] Starting bot processing for world 1
  - Bot 'bills' (ID: 16) processed in 10.386s
  ✓ Completed in 11.616s (Barbarians: 0.803s, Bots: 10.387s, Processed: 1 bots)
[2026-06-19 19:07:49] Starting bot processing for world 1
  - Bot 'bills' (ID: 16) processed in 10.26s
  ✓ Completed in 11.636s (Barbarians: 0.79s, Bots: 10.261s, Processed: 1 bots)
[2026-06-19 19:10:49] Starting bot processing for world 1
  - Bot 'bills' (ID: 16) processed in 10.482s
  ✓ Completed in 11.892s (Barbarians: 0.802s, Bots: 10.483s, Processed: 1 bots)
[2026-06-19 19:13:49] Starting bot processing for world 1
  - Bot 'bills' (ID: 16) processed in 10.353s
  ✓ Completed in 11.556s (Barbarians: 0.778s, Bots: 10.353s, Processed: 1 bots)
[2026-06-19 19:15:49] Starting bot processing for world 1
  - Bot 'bills' (ID: 16) processed in 10.071s
  ✓ Completed in 11.236s (Barbarians: 0.764s, Bots: 10.071s, Processed: 1 bots)
[2026-06-19 19:17:49] Starting bot processing for world 1
  - Bot 'bills' (ID: 16) processed in 10.224s
  ✓ Completed in 11.547s (Barbarians: 0.785s, Bots: 10.225s, Processed: 1 bots)
[2026-06-19 19:19:49] Starting bot processing for world 1
  - Bot 'bills' (ID: 16) processed in 10.076s
  ✓ Completed in 11.299s (Barbarians: 0.784s, Bots: 10.076s, Processed: 1 bots)
[2026-06-19 19:21:49] Starting bot processing for world 1
  - Bot 'bills' (ID: 16) processed in 10.21s
  ✓ Completed in 11.626s (Barbarians: 0.786s, Bots: 10.211s, Processed: 1 bots)
[2026-06-19 19:24:49] Starting bot processing for world 1
  - Bot 'bills' (ID: 16) processed in 10.331s
  ✓ Completed in 11.554s (Barbarians: 0.78s, Bots: 10.332s, Processed: 1 bots)
[2026-06-19 19:27:49] Starting bot processing for world 1
  - Bot 'bills' (ID: 16) processed in 10.527s
  ✓ Completed in 11.021s (Barbarians: 0.223s, Bots: 10.527s, Processed: 1 bots)
[2026-06-19 19:29:49] Starting bot processing for world 1
  - Bot 'bills' (ID: 16) processed in 10.176s
  ✓ Completed in 11.658s (Barbarians: 0.782s, Bots: 10.177s, Processed: 1 bots)
[2026-06-19 19:31:49] Starting bot processing for world 1
  - Bot 'bills' (ID: 16) processed in 10.106s
  ✓ Completed in 11.402s (Barbarians: 0.775s, Bots: 10.107s, Processed: 1 bots)
[2026-06-19 19:34:49] Starting bot processing for world 1
  - Bot 'bills' (ID: 16) processed in 10.229s
  ✓ Completed in 11.398s (Barbarians: 0.788s, Bots: 10.23s, Processed: 1 bots)
[2026-06-19 19:36:49] Starting bot processing for world 1
  - Bot 'bills' (ID: 16) processed in 10.083s
  ✓ Completed in 11.243s (Barbarians: 0.813s, Bots: 10.084s, Processed: 1 bots)
[2026-06-19 19:38:49] Starting bot processing for world 1
  - Bot 'bills' (ID: 16) processed in 10.153s
  ✓ Completed in 11.444s (Barbarians: 0.781s, Bots: 10.153s, Processed: 1 bots)
[2026-06-19 19:40:49] Starting bot processing for world 1
  - Bot 'bills' (ID: 16) processed in 10.046s
  ✓ Completed in 11.198s (Barbarians: 0.778s, Bots: 10.047s, Processed: 1 bots)
[2026-06-19 19:42:49] Starting bot processing for world 1
  - Bot 'bills' (ID: 16) processed in 10.113s
  ✓ Completed in 11.448s (Barbarians: 0.774s, Bots: 10.114s, Processed: 1 bots)
[2026-06-19 19:45:49] Starting bot processing for world 1
  - Bot 'bills' (ID: 16) processed in 10.25s
  ✓ Completed in 11.437s (Barbarians: 0.78s, Bots: 10.25s, Processed: 1 bots)
[2026-06-19 19:48:49] Starting bot processing for world 1
  - Bot 'bills' (ID: 16) processed in 10.349s
  ✓ Completed in 11.558s (Barbarians: 0.767s, Bots: 10.349s, Processed: 1 bots)
[2026-06-19 19:50:49] Starting bot processing for world 1
  - Bot 'bills' (ID: 16) processed in 10.227s
  ✓ Completed in 10.733s (Barbarians: 0.222s, Bots: 10.227s, Processed: 1 bots)
[2026-06-19 19:52:49] Starting bot processing for world 1
  - Bot 'bills' (ID: 16) processed in 10.22s
  ✓ Completed in 11.593s (Barbarians: 0.783s, Bots: 10.221s, Processed: 1 bots)
[2026-06-19 19:55:49] Starting bot processing for world 1
  - Bot 'bills' (ID: 16) processed in 10.347s
  ✓ Completed in 11.685s (Barbarians: 0.781s, Bots: 10.348s, Processed: 1 bots)
[2026-06-19 19:57:49] Starting bot processing for world 1
  - Bot 'bills' (ID: 16) processed in 10.1s
  ✓ Completed in 11.262s (Barbarians: 0.774s, Bots: 10.101s, Processed: 1 bots)
[2026-06-19 19:59:49] Starting bot processing for world 1
  - Bot 'bills' (ID: 16) processed in 10.182s
  ✓ Completed in 11.422s (Barbarians: 0.782s, Bots: 10.183s, Processed: 1 bots)
[2026-06-19 20:01:49] Starting bot processing for world 1
  - Bot 'bills' (ID: 16) processed in 10.083s
  ✓ Completed in 11.28s (Barbarians: 0.786s, Bots: 10.084s, Processed: 1 bots)
[2026-06-19 20:03:49] Starting bot processing for world 1
  - Bot 'bills' (ID: 16) processed in 10.393s
  ✓ Completed in 10.898s (Barbarians: 0.227s, Bots: 10.393s, Processed: 1 bots)
[2026-06-19 20:05:49] Starting bot processing for world 1
  - Bot 'bills' (ID: 16) processed in 10.14s
  ✓ Completed in 11.303s (Barbarians: 0.784s, Bots: 10.14s, Processed: 1 bots)
[2026-06-19 20:07:49] Starting bot processing for world 1
  - Bot 'bills' (ID: 16) processed in 10.173s
  ✓ Completed in 11.592s (Barbarians: 0.778s, Bots: 10.173s, Processed: 1 bots)
[2026-06-19 20:09:49] Starting bot processing for world 1
  - Bot 'bills' (ID: 16) processed in 10.054s
  ✓ Completed in 11.389s (Barbarians: 0.764s, Bots: 10.054s, Processed: 1 bots)
[2026-06-19 20:11:49] Starting bot processing for world 1
  - Bot 'bills' (ID: 16) processed in 10.086s
  ✓ Completed in 11.245s (Barbarians: 0.796s, Bots: 10.087s, Processed: 1 bots)
[2026-06-19 20:13:49] Starting bot processing for world 1
  - Bot 'bills' (ID: 16) processed in 10.088s
  ✓ Completed in 11.585s (Barbarians: 0.791s, Bots: 10.089s, Processed: 1 bots)
[2026-06-19 20:16:49] Starting bot processing for world 1
  - Bot 'bills' (ID: 16) processed in 10.25s
  ✓ Completed in 11.476s (Barbarians: 0.764s, Bots: 10.251s, Processed: 1 bots)
[2026-06-19 20:19:49] Starting bot processing for world 1
  - Bot 'bills' (ID: 16) processed in 10.427s
  ✓ Completed in 11.969s (Barbarians: 0.804s, Bots: 10.427s, Processed: 1 bots)
[2026-06-19 20:21:49] Starting bot processing for world 1
  - Bot 'bills' (ID: 16) processed in 10.125s
  ✓ Completed in 11.367s (Barbarians: 0.795s, Bots: 10.125s, Processed: 1 bots)
[2026-06-19 20:23:49] Starting bot processing for world 1
  - Bot 'bills' (ID: 16) processed in 10.073s
  ✓ Completed in 11.274s (Barbarians: 0.806s, Bots: 10.073s, Processed: 1 bots)
[2026-06-19 20:25:49] Starting bot processing for world 1
  - Bot 'bills' (ID: 16) processed in 10.051s
  ✓ Completed in 11.189s (Barbarians: 0.781s, Bots: 10.052s, Processed: 1 bots)
[2026-06-19 20:28:49] Starting bot processing for world 1
  - Bot 'bills' (ID: 16) processed in 10.329s
  ✓ Completed in 11.517s (Barbarians: 0.776s, Bots: 10.329s, Processed: 1 bots)
[2026-06-19 20:30:49] Starting bot processing for world 1
  - Bot 'bills' (ID: 16) processed in 10.087s
  ✓ Completed in 11.46s (Barbarians: 0.772s, Bots: 10.087s, Processed: 1 bots)
[2026-06-19 20:33:49] Starting bot processing for world 1
  - Bot 'bills' (ID: 16) processed in 10.112s
  ✓ Completed in 11.514s (Barbarians: 0.781s, Bots: 10.112s, Processed: 1 bots)
[2026-06-19 20:36:49] Starting bot processing for world 1
  - Bot 'bills' (ID: 16) processed in 10.07s
  ✓ Completed in 11.18s (Barbarians: 0.798s, Bots: 10.071s, Processed: 1 bots)
[2026-06-19 20:38:49] Starting bot processing for world 1
  - Bot 'bills' (ID: 16) processed in 9.886s
  ✓ Completed in 11.394s (Barbarians: 0.784s, Bots: 9.887s, Processed: 1 bots)
[2026-06-19 20:41:49] Starting bot processing for world 1
  - Bot 'bills' (ID: 16) processed in 9.995s
  ✓ Completed in 11.473s (Barbarians: 0.788s, Bots: 9.996s, Processed: 1 bots)
[2026-06-19 20:43:49] Starting bot processing for world 1
  - Bot 'bills' (ID: 16) processed in 9.91s
  ✓ Completed in 11.03s (Barbarians: 0.789s, Bots: 9.91s, Processed: 1 bots)
[2026-06-19 20:45:49] Starting bot processing for world 1
  - Bot 'bills' (ID: 16) processed in 9.883s
  ✓ Completed in 11.291s (Barbarians: 0.786s, Bots: 9.884s, Processed: 1 bots)
[2026-06-19 20:47:49] Starting bot processing for world 1
  - Bot 'bills' (ID: 16) processed in 9.982s
  ✓ Completed in 11.584s (Barbarians: 0.785s, Bots: 9.983s, Processed: 1 bots)
[2026-06-19 20:50:49] Starting bot processing for world 1
  - Bot 'bills' (ID: 16) processed in 10.223s
  ✓ Completed in 11.362s (Barbarians: 0.804s, Bots: 10.224s, Processed: 1 bots)
[2026-06-19 20:52:49] Starting bot processing for world 1
  - Bot 'bills' (ID: 16) processed in 10.087s
  ✓ Completed in 11.387s (Barbarians: 0.835s, Bots: 10.088s, Processed: 1 bots)
[2026-06-19 20:54:49] Starting bot processing for world 1
  - Bot 'bills' (ID: 16) processed in 9.909s
  ✓ Completed in 11.037s (Barbarians: 0.77s, Bots: 9.91s, Processed: 1 bots)
[2026-06-19 20:57:49] Starting bot processing for world 1
  - Bot 'bills' (ID: 16) processed in 10.006s
  ✓ Completed in 11.564s (Barbarians: 0.791s, Bots: 10.007s, Processed: 1 bots)
[2026-06-19 21:00:49] Starting bot processing for world 1
  - Bot 'bills' (ID: 16) processed in 10.055s
  ✓ Completed in 11.269s (Barbarians: 0.767s, Bots: 10.055s, Processed: 1 bots)
[2026-06-19 21:02:49] Starting bot processing for world 1
  - Bot 'bills' (ID: 16) processed in 10.018s
  ✓ Completed in 10.507s (Barbarians: 0.221s, Bots: 10.019s, Processed: 1 bots)
[2026-06-19 21:04:49] Starting bot processing for world 1
  - Bot 'bills' (ID: 16) processed in 10.059s
  ✓ Completed in 11.706s (Barbarians: 0.817s, Bots: 10.06s, Processed: 1 bots)
[2026-06-19 21:06:49] Starting bot processing for world 1
  - Bot 'bills' (ID: 16) processed in 9.94s
  ✓ Completed in 11.116s (Barbarians: 0.766s, Bots: 9.941s, Processed: 1 bots)
[2026-06-19 21:08:49] Starting bot processing for world 1
  - Bot 'bills' (ID: 16) processed in 9.878s
  ✓ Completed in 11.28s (Barbarians: 0.783s, Bots: 9.879s, Processed: 1 bots)
[2026-06-19 21:10:49] Starting bot processing for world 1
  - Bot 'bills' (ID: 16) processed in 9.788s
  ✓ Completed in 11.371s (Barbarians: 0.774s, Bots: 9.788s, Processed: 1 bots)
[2026-06-19 21:12:49] Starting bot processing for world 1
  - Bot 'bills' (ID: 16) processed in 9.813s
  ✓ Completed in 11.058s (Barbarians: 0.775s, Bots: 9.813s, Processed: 1 bots)
[2026-06-19 21:14:49] Starting bot processing for world 1
  - Bot 'bills' (ID: 16) processed in 9.785s
  ✓ Completed in 11.142s (Barbarians: 0.82s, Bots: 9.785s, Processed: 1 bots)
[2026-06-19 21:16:20] [Daemon PID 21320] Starting bot processing for world 1
  - Bot 'bills' (ID: 16) processed in 10.073s
  ✓ Completed in 11.406s (Barbarians: 0.779s, Bots: 10.073s, Processed: 1 bots)
  ✗ ERROR: SQLSTATE[HY000] [1049] Unknown database 'lan_classico1'
[2026-06-19 21:17:31] [Daemon PID 21320] Starting bot processing for world 1
  - Bot 'bills' (ID: 16) processed in 9.179s
  ✓ Completed in 11.232s (Barbarians: 2.05s, Bots: 9.18s, Processed: 1 bots)
  ✗ ERROR: SQLSTATE[HY000] [1049] Unknown database 'lan_classico1'
[2026-06-19 21:18:43] [Daemon PID 21320] Starting bot processing for world 1
  - Bot 'bills' (ID: 16) processed in 7.202s
  ✓ Completed in 7.953s (Barbarians: 0.749s, Bots: 7.202s, Processed: 1 bots)
  ✗ ERROR: SQLSTATE[HY000] [1049] Unknown database 'lan_classico1'
[2026-06-19 21:19:51] [Daemon PID 21320] Starting bot processing for world 1
  - Bot 'bills' (ID: 16) processed in 7.223s
  ✓ Completed in 8.027s (Barbarians: 0.802s, Bots: 7.224s, Processed: 1 bots)
  ✗ ERROR: SQLSTATE[HY000] [1049] Unknown database 'lan_classico1'
[2026-06-19 21:20:59] [Daemon PID 21320] Starting bot processing for world 1
  - Bot 'bills' (ID: 16) processed in 7.802s
  ✓ Completed in 8.621s (Barbarians: 0.814s, Bots: 7.803s, Processed: 1 bots)
  ✗ ERROR: SQLSTATE[HY000] [1049] Unknown database 'lan_classico1'
[2026-06-19 21:22:07] [Daemon PID 21320] Starting bot processing for world 1
  - Bot 'bills' (ID: 16) processed in 9.052s
  ✓ Completed in 9.892s (Barbarians: 0.838s, Bots: 9.052s, Processed: 1 bots)
  ✗ ERROR: SQLSTATE[HY000] [1049] Unknown database 'lan_classico1'
[2026-06-19 21:23:17] [Daemon PID 21320] Starting bot processing for world 1
  - Bot 'bills' (ID: 16) processed in 10.299s
  ✓ Completed in 11.53s (Barbarians: 1.226s, Bots: 10.3s, Processed: 1 bots)
  ✗ ERROR: SQLSTATE[HY000] [1049] Unknown database 'lan_classico1'
[2026-06-19 21:24:29] [Daemon PID 21320] Starting bot processing for world 1
  - Bot 'bills' (ID: 16) processed in 10.333s
  ✓ Completed in 11.422s (Barbarians: 1.084s, Bots: 10.334s, Processed: 1 bots)
  ✗ ERROR: SQLSTATE[HY000] [1049] Unknown database 'lan_classico1'
[2026-06-19 21:25:40] [Daemon PID 21320] Starting bot processing for world 1
  - Bot 'bills' (ID: 16) processed in 7.463s
  ✓ Completed in 8.28s (Barbarians: 0.813s, Bots: 7.464s, Processed: 1 bots)
  ✗ ERROR: SQLSTATE[HY000] [1049] Unknown database 'lan_classico1'
[2026-06-19 21:26:49] [Daemon PID 21320] Starting bot processing for world 1
  - Bot 'bills' (ID: 16) processed in 7.485s
  ✓ Completed in 8.365s (Barbarians: 0.875s, Bots: 7.486s, Processed: 1 bots)
  ✗ ERROR: SQLSTATE[HY000] [1049] Unknown database 'lan_classico1'
[2026-06-19 21:27:57] [Daemon PID 21320] Starting bot processing for world 1
  - Bot 'bills' (ID: 16) processed in 12.64s
  ✓ Completed in 13.7s (Barbarians: 1.055s, Bots: 12.641s, Processed: 1 bots)
  ✗ ERROR: SQLSTATE[HY000] [1049] Unknown database 'lan_classico1'
[2026-06-19 21:29:11] [Daemon PID 21320] Starting bot processing for world 1
  - Bot 'bills' (ID: 16) processed in 7.843s
  ✓ Completed in 8.898s (Barbarians: 1.049s, Bots: 7.843s, Processed: 1 bots)
  ✗ ERROR: SQLSTATE[HY000] [1049] Unknown database 'lan_classico1'
[2026-06-19 21:30:20] [Daemon PID 21320] Starting bot processing for world 1
  - Bot 'bills' (ID: 16) processed in 7.122s
  ✓ Completed in 7.916s (Barbarians: 0.791s, Bots: 7.122s, Processed: 1 bots)
  ✗ ERROR: SQLSTATE[HY000] [1049] Unknown database 'lan_classico1'
[2026-06-19 21:31:28] [Daemon PID 21320] Starting bot processing for world 1
  - Bot 'bills' (ID: 16) processed in 6.934s
  ✓ Completed in 7.734s (Barbarians: 0.798s, Bots: 6.934s, Processed: 1 bots)
  ✗ ERROR: SQLSTATE[HY000] [1049] Unknown database 'lan_classico1'
[2026-06-19 21:32:35] [Daemon PID 21320] Starting bot processing for world 1
  - Bot 'bills' (ID: 16) processed in 6.873s
  ✓ Completed in 7.651s (Barbarians: 0.773s, Bots: 6.873s, Processed: 1 bots)
  ✗ ERROR: SQLSTATE[HY000] [1049] Unknown database 'lan_classico1'
[2026-06-19 21:33:43] [Daemon PID 21320] Starting bot processing for world 1
  - Bot 'bills' (ID: 16) processed in 6.793s
  ✓ Completed in 7.55s (Barbarians: 0.755s, Bots: 6.794s, Processed: 1 bots)
  ✗ ERROR: SQLSTATE[HY000] [1049] Unknown database 'lan_classico1'
[2026-06-19 21:34:50] [Daemon PID 21320] Starting bot processing for world 1
  - Bot 'bills' (ID: 16) processed in 7.068s
  ✓ Completed in 7.896s (Barbarians: 0.825s, Bots: 7.069s, Processed: 1 bots)
  ✗ ERROR: SQLSTATE[HY000] [1049] Unknown database 'lan_classico1'
[2026-06-19 21:35:58] [Daemon PID 21320] Starting bot processing for world 1
  - Bot 'bills' (ID: 16) processed in 6.905s
  ✓ Completed in 7.671s (Barbarians: 0.764s, Bots: 6.906s, Processed: 1 bots)
  ✗ ERROR: SQLSTATE[HY000] [1049] Unknown database 'lan_classico1'
[2026-06-19 21:37:06] [Daemon PID 21320] Starting bot processing for world 1
  - Bot 'bills' (ID: 16) processed in 7.403s
  ✓ Completed in 8.196s (Barbarians: 0.791s, Bots: 7.403s, Processed: 1 bots)
  ✗ ERROR: SQLSTATE[HY000] [1049] Unknown database 'lan_classico1'
[2026-06-19 21:38:14] [Daemon PID 21320] Starting bot processing for world 1
  - Bot 'bills' (ID: 16) processed in 6.986s
  ✓ Completed in 7.778s (Barbarians: 0.787s, Bots: 6.987s, Processed: 1 bots)
  ✗ ERROR: SQLSTATE[HY000] [1049] Unknown database 'lan_classico1'
[2026-06-19 21:39:22] [Daemon PID 21320] Starting bot processing for world 1
  - Bot 'bills' (ID: 16) processed in 7.033s
  ✓ Completed in 7.807s (Barbarians: 0.772s, Bots: 7.034s, Processed: 1 bots)
  ✗ ERROR: SQLSTATE[HY000] [1049] Unknown database 'lan_classico1'
[2026-06-19 21:40:30] [Daemon PID 21320] Starting bot processing for world 1
  - Bot 'bills' (ID: 16) processed in 6.804s
  ✓ Completed in 7.576s (Barbarians: 0.771s, Bots: 6.804s, Processed: 1 bots)
  ✗ ERROR: SQLSTATE[HY000] [1049] Unknown database 'lan_classico1'
[2026-06-19 21:41:38] [Daemon PID 21320] Starting bot processing for world 1
  - Bot 'bills' (ID: 16) processed in 6.73s
  ✓ Completed in 7.499s (Barbarians: 0.767s, Bots: 6.73s, Processed: 1 bots)
  ✗ ERROR: SQLSTATE[HY000] [1049] Unknown database 'lan_classico1'
[2026-06-19 21:42:45] [Daemon PID 21320] Starting bot processing for world 1
[2026-06-19 21:42:49] Starting bot processing for world 1
  - Bot 'bills' (ID: 16) processed in 8.648s
  ✓ Completed in 9.47s (Barbarians: 0.819s, Bots: 8.649s, Processed: 1 bots)
  ✗ ERROR: SQLSTATE[HY000] [1049] Unknown database 'lan_classico1'
  - Bot 'bills' (ID: 16) processed in 4.375s
  ✓ Completed in 6.041s (Barbarians: 1.024s, Bots: 4.376s, Processed: 1 bots)
[2026-06-19 21:43:55] [Daemon PID 21320] Starting bot processing for world 1
  - Bot 'bills' (ID: 16) processed in 7.571s
  ✓ Completed in 8.551s (Barbarians: 0.974s, Bots: 7.572s, Processed: 1 bots)
  ✗ ERROR: SQLSTATE[HY000] [1049] Unknown database 'lan_classico1'
[2026-06-19 21:45:03] [Daemon PID 21320] Starting bot processing for world 1
[2026-06-19 21:45:06] Starting bot processing for world 1
  - Bot 'bills' (ID: 16) processed in 4.909s
  - Bot 'bills' (ID: 16) processed in 8.999s
  ✓ Completed in 9.826s (Barbarians: 0.823s, Bots: 9s, Processed: 1 bots)
  ✓ Completed in 6.743s (Barbarians: 1.072s, Bots: 4.909s, Processed: 1 bots)
  ✗ ERROR: SQLSTATE[HY000] [1049] Unknown database 'lan_classico1'
[2026-06-19 21:46:13] [Daemon PID 21320] Starting bot processing for world 1
  - Bot 'bills' (ID: 16) processed in 7.646s
  ✓ Completed in 8.579s (Barbarians: 0.929s, Bots: 7.647s, Processed: 1 bots)
  ✗ ERROR: SQLSTATE[HY000] [1049] Unknown database 'lan_classico1'
[2026-06-19 21:47:22] [Daemon PID 21320] Starting bot processing for world 1
  - Bot 'bills' (ID: 16) processed in 7.785s
  ✓ Completed in 8.62s (Barbarians: 0.832s, Bots: 7.786s, Processed: 1 bots)
  ✗ ERROR: SQLSTATE[HY000] [1049] Unknown database 'lan_classico1'
[2026-06-19 21:48:30] [Daemon PID 21320] Starting bot processing for world 1
  - Bot 'bills' (ID: 16) processed in 7.19s
  ✓ Completed in 7.974s (Barbarians: 0.781s, Bots: 7.191s, Processed: 1 bots)
  ✗ ERROR: SQLSTATE[HY000] [1049] Unknown database 'lan_classico1'
[2026-06-19 21:49:38] [Daemon PID 21320] Starting bot processing for world 1
  - Bot 'bills' (ID: 16) processed in 7.05s
  ✓ Completed in 7.821s (Barbarians: 0.766s, Bots: 7.05s, Processed: 1 bots)
  ✗ ERROR: SQLSTATE[HY000] [1049] Unknown database 'lan_classico1'
[2026-06-19 21:50:46] [Daemon PID 21320] Starting bot processing for world 1
  - Bot 'bills' (ID: 16) processed in 7.234s
  ✓ Completed in 8.095s (Barbarians: 0.858s, Bots: 7.235s, Processed: 1 bots)
  ✗ ERROR: SQLSTATE[HY000] [1049] Unknown database 'lan_classico1'
[2026-06-19 21:51:54] [Daemon PID 21320] Starting bot processing for world 1
  - Bot 'bills' (ID: 16) processed in 7.517s
  ✓ Completed in 8.386s (Barbarians: 0.867s, Bots: 7.517s, Processed: 1 bots)
  ✗ ERROR: SQLSTATE[HY000] [1049] Unknown database 'lan_classico1'
[2026-06-19 21:53:03] [Daemon PID 21320] Starting bot processing for world 1
  - Bot 'bills' (ID: 16) processed in 7.951s
  ✓ Completed in 8.749s (Barbarians: 0.796s, Bots: 7.951s, Processed: 1 bots)
  ✗ ERROR: SQLSTATE[HY000] [1049] Unknown database 'lan_classico1'
[2026-06-19 21:54:11] [Daemon PID 21320] Starting bot processing for world 1
  - Bot 'bills' (ID: 16) processed in 6.976s
  ✓ Completed in 7.749s (Barbarians: 0.771s, Bots: 6.976s, Processed: 1 bots)
  ✗ ERROR: SQLSTATE[HY000] [1049] Unknown database 'lan_classico1'
[2026-06-19 21:55:19] [Daemon PID 21320] Starting bot processing for world 1
  - Bot 'bills' (ID: 16) processed in 10.746s
  ✓ Completed in 11.658s (Barbarians: 0.905s, Bots: 10.747s, Processed: 1 bots)
  ✗ ERROR: SQLSTATE[HY000] [1049] Unknown database 'lan_classico1'
[2026-06-19 21:56:31] [Daemon PID 21320] Starting bot processing for world 1
[2026-06-19 21:56:37] Starting bot processing for world 1
  - Bot 'bills' (ID: 16) processed in 7.383s
  ✓ Completed in 8.199s (Barbarians: 0.814s, Bots: 7.383s, Processed: 1 bots)
  ✗ ERROR: SQLSTATE[HY000] [1049] Unknown database 'lan_classico1'
  - Bot 'bills' (ID: 16) processed in 3.506s
  ✓ Completed in 5.234s (Barbarians: 1.041s, Bots: 3.506s, Processed: 1 bots)
[2026-06-19 21:57:39] [Daemon PID 21320] Starting bot processing for world 1
  - Bot 'bills' (ID: 16) processed in 7.262s
  ✓ Completed in 8.052s (Barbarians: 0.787s, Bots: 7.263s, Processed: 1 bots)
  ✗ ERROR: SQLSTATE[HY000] [1049] Unknown database 'lan_classico1'
[2026-06-19 21:58:47] [Daemon PID 21320] Starting bot processing for world 1
  - Bot 'bills' (ID: 16) processed in 7.275s
  ✓ Completed in 8.301s (Barbarians: 1.024s, Bots: 7.275s, Processed: 1 bots)
  ✗ ERROR: SQLSTATE[HY000] [1049] Unknown database 'lan_classico1'
[2026-06-19 21:59:55] [Daemon PID 21320] Starting bot processing for world 1
  - Bot 'bills' (ID: 16) processed in 7.543s
  ✓ Completed in 8.376s (Barbarians: 0.83s, Bots: 7.544s, Processed: 1 bots)
  ✗ ERROR: SQLSTATE[HY000] [1049] Unknown database 'lan_classico1'
[2026-06-19 22:01:04] [Daemon PID 21320] Starting bot processing for world 1
  - Bot 'bills' (ID: 16) processed in 7.358s
  ✓ Completed in 8.177s (Barbarians: 0.815s, Bots: 7.358s, Processed: 1 bots)
  ✗ ERROR: SQLSTATE[HY000] [1049] Unknown database 'lan_classico1'
[2026-06-19 22:02:12] [Daemon PID 21320] Starting bot processing for world 1
  - Bot 'bills' (ID: 16) processed in 7.459s
  ✓ Completed in 8.253s (Barbarians: 0.792s, Bots: 7.459s, Processed: 1 bots)
  ✗ ERROR: SQLSTATE[HY000] [1049] Unknown database 'lan_classico1'
[2026-06-19 22:03:20] [Daemon PID 21320] Starting bot processing for world 1
  - Bot 'bills' (ID: 16) processed in 7.308s
  ✓ Completed in 8.089s (Barbarians: 0.779s, Bots: 7.309s, Processed: 1 bots)
  ✗ ERROR: SQLSTATE[HY000] [1049] Unknown database 'lan_classico1'
[2026-06-19 22:04:28] [Daemon PID 21320] Starting bot processing for world 1
  - Bot 'bills' (ID: 16) processed in 7.112s
  ✓ Completed in 7.925s (Barbarians: 0.81s, Bots: 7.112s, Processed: 1 bots)
  ✗ ERROR: SQLSTATE[HY000] [1049] Unknown database 'lan_classico1'
[2026-06-19 22:05:36] [Daemon PID 21320] Starting bot processing for world 1
  - Bot 'bills' (ID: 16) processed in 7.586s
  ✓ Completed in 8.444s (Barbarians: 0.856s, Bots: 7.586s, Processed: 1 bots)
  ✗ ERROR: SQLSTATE[HY000] [1049] Unknown database 'lan_classico1'
[2026-06-19 22:06:45] [Daemon PID 21320] Starting bot processing for world 1
  - Bot 'bills' (ID: 16) processed in 7.615s
  ✓ Completed in 8.469s (Barbarians: 0.848s, Bots: 7.616s, Processed: 1 bots)
  ✗ ERROR: SQLSTATE[HY000] [1049] Unknown database 'lan_classico1'
[2026-06-19 22:07:53] [Daemon PID 21320] Starting bot processing for world 1
  - Bot 'bills' (ID: 16) processed in 7.645s
  ✓ Completed in 8.458s (Barbarians: 0.812s, Bots: 7.645s, Processed: 1 bots)
  ✗ ERROR: SQLSTATE[HY000] [1049] Unknown database 'lan_classico1'
[2026-06-19 22:09:02] [Daemon PID 21320] Starting bot processing for world 1
  - Bot 'bills' (ID: 16) processed in 7.794s
  ✓ Completed in 8.604s (Barbarians: 0.808s, Bots: 7.795s, Processed: 1 bots)
  ✗ ERROR: SQLSTATE[HY000] [1049] Unknown database 'lan_classico1'
[2026-06-19 22:10:10] [Daemon PID 21320] Starting bot processing for world 1
  - Bot 'bills' (ID: 16) processed in 7.713s
  ✓ Completed in 8.522s (Barbarians: 0.807s, Bots: 7.713s, Processed: 1 bots)
  ✗ ERROR: SQLSTATE[HY000] [1049] Unknown database 'lan_classico1'
[2026-06-19 22:11:19] [Daemon PID 21320] Starting bot processing for world 1
[2026-06-19 22:11:27] Starting bot processing for world 1
  - Bot 'bills' (ID: 16) processed in 7.724s
  ✓ Completed in 8.572s (Barbarians: 0.846s, Bots: 7.724s, Processed: 1 bots)
  ✗ ERROR: SQLSTATE[HY000] [1049] Unknown database 'lan_classico1'
  - Bot 'bills' (ID: 16) processed in 3.642s
  ✓ Completed in 4.897s (Barbarians: 0.805s, Bots: 3.642s, Processed: 1 bots)
[2026-06-19 22:12:28] [Daemon PID 21320] Starting bot processing for world 1
  - Bot 'bills' (ID: 16) processed in 6.717s
  ✓ Completed in 7.55s (Barbarians: 0.829s, Bots: 6.717s, Processed: 1 bots)
  ✗ ERROR: SQLSTATE[HY000] [1049] Unknown database 'lan_classico1'
[2026-06-19 22:13:35] [Daemon PID 21320] Starting bot processing for world 1
  - Bot 'bills' (ID: 16) processed in 7.558s
  ✓ Completed in 8.364s (Barbarians: 0.803s, Bots: 7.559s, Processed: 1 bots)
  ✗ ERROR: SQLSTATE[HY000] [1049] Unknown database 'lan_classico1'
[2026-06-19 22:14:44] [Daemon PID 21320] Starting bot processing for world 1
  - Bot 'bills' (ID: 16) processed in 7.345s
  ✓ Completed in 8.175s (Barbarians: 0.807s, Bots: 7.345s, Processed: 1 bots)
  ✗ ERROR: SQLSTATE[HY000] [1049] Unknown database 'lan_classico1'
[2026-06-19 22:15:52] [Daemon PID 21320] Starting bot processing for world 1
  - Bot 'bills' (ID: 16) processed in 7.225s
  ✓ Completed in 7.988s (Barbarians: 0.761s, Bots: 7.225s, Processed: 1 bots)
  ✗ ERROR: SQLSTATE[HY000] [1049] Unknown database 'lan_classico1'
[2026-06-19 22:17:00] [Daemon PID 21320] Starting bot processing for world 1
  - Bot 'bills' (ID: 16) processed in 7.618s
  ✓ Completed in 8.447s (Barbarians: 0.827s, Bots: 7.619s, Processed: 1 bots)
  ✗ ERROR: SQLSTATE[HY000] [1049] Unknown database 'lan_classico1'
[2026-06-19 22:18:08] [Daemon PID 21320] Starting bot processing for world 1
[2026-06-19 22:18:11] Starting bot processing for world 1
  - Bot 'bills' (ID: 16) processed in 7.842s
  ✓ Completed in 8.624s (Barbarians: 0.776s, Bots: 7.843s, Processed: 1 bots)
  ✗ ERROR: SQLSTATE[HY000] [1049] Unknown database 'lan_classico1'
  - Bot 'bills' (ID: 16) processed in 3.823s
  ✓ Completed in 5.764s (Barbarians: 0.925s, Bots: 3.824s, Processed: 1 bots)
[2026-06-19 22:19:17] [Daemon PID 21320] Starting bot processing for world 1
  - Bot 'bills' (ID: 16) processed in 7.287s
  ✓ Completed in 8.098s (Barbarians: 0.809s, Bots: 7.288s, Processed: 1 bots)
  ✗ ERROR: SQLSTATE[HY000] [1049] Unknown database 'lan_classico1'
[2026-06-19 22:20:25] [Daemon PID 21320] Starting bot processing for world 1
  - Bot 'bills' (ID: 16) processed in 7.142s
  ✓ Completed in 7.956s (Barbarians: 0.811s, Bots: 7.143s, Processed: 1 bots)
  ✗ ERROR: SQLSTATE[HY000] [1049] Unknown database 'lan_classico1'
[2026-06-19 22:21:33] [Daemon PID 21320] Starting bot processing for world 1
  - Bot 'bills' (ID: 16) processed in 7.503s
  ✓ Completed in 8.299s (Barbarians: 0.793s, Bots: 7.504s, Processed: 1 bots)
  ✗ ERROR: SQLSTATE[HY000] [1049] Unknown database 'lan_classico1'
[2026-06-19 22:22:41] [Daemon PID 21320] Starting bot processing for world 1
  - Bot 'bills' (ID: 16) processed in 7.25s
  ✓ Completed in 8.041s (Barbarians: 0.788s, Bots: 7.251s, Processed: 1 bots)
  ✗ ERROR: SQLSTATE[HY000] [1049] Unknown database 'lan_classico1'
[2026-06-19 22:23:49] [Daemon PID 21320] Starting bot processing for world 1
  - Bot 'bills' (ID: 16) processed in 7.288s
  ✓ Completed in 8.104s (Barbarians: 0.811s, Bots: 7.289s, Processed: 1 bots)
  ✗ ERROR: SQLSTATE[HY000] [1049] Unknown database 'lan_classico1'
[2026-06-19 22:24:57] [Daemon PID 21320] Starting bot processing for world 1
  - Bot 'bills' (ID: 16) processed in 7.233s
  ✓ Completed in 8.063s (Barbarians: 0.828s, Bots: 7.233s, Processed: 1 bots)
  ✗ ERROR: SQLSTATE[HY000] [1049] Unknown database 'lan_classico1'
[2026-06-19 22:26:05] [Daemon PID 21320] Starting bot processing for world 1
  - Bot 'bills' (ID: 16) processed in 9.757s
  ✓ Completed in 10.62s (Barbarians: 0.858s, Bots: 9.758s, Processed: 1 bots)
  ✗ ERROR: SQLSTATE[HY000] [1049] Unknown database 'lan_classico1'
[2026-06-19 22:27:16] [Daemon PID 21320] Starting bot processing for world 1
  - Bot 'bills' (ID: 16) processed in 7.301s
  ✓ Completed in 8.099s (Barbarians: 0.795s, Bots: 7.301s, Processed: 1 bots)
  ✗ ERROR: SQLSTATE[HY000] [1049] Unknown database 'lan_classico1'
[2026-06-19 22:28:24] [Daemon PID 21320] Starting bot processing for world 1
  - Bot 'bills' (ID: 16) processed in 7.311s
  ✓ Completed in 8.099s (Barbarians: 0.786s, Bots: 7.311s, Processed: 1 bots)
  ✗ ERROR: SQLSTATE[HY000] [1049] Unknown database 'lan_classico1'
[2026-06-19 22:29:32] [Daemon PID 21320] Starting bot processing for world 1
  - Bot 'bills' (ID: 16) processed in 7.208s
  ✓ Completed in 7.981s (Barbarians: 0.768s, Bots: 7.208s, Processed: 1 bots)
  ✗ ERROR: SQLSTATE[HY000] [1049] Unknown database 'lan_classico1'
[2026-06-19 22:30:40] [Daemon PID 21320] Starting bot processing for world 1
  - Bot 'bills' (ID: 16) processed in 7.141s
  ✓ Completed in 7.938s (Barbarians: 0.795s, Bots: 7.142s, Processed: 1 bots)
  ✗ ERROR: SQLSTATE[HY000] [1049] Unknown database 'lan_classico1'
[2026-06-19 22:31:48] [Daemon PID 21320] Starting bot processing for world 1
  - Bot 'bills' (ID: 16) processed in 7.265s
  ✓ Completed in 8.07s (Barbarians: 0.803s, Bots: 7.265s, Processed: 1 bots)
  ✗ ERROR: SQLSTATE[HY000] [1049] Unknown database 'lan_classico1'
[2026-06-19 22:32:56] [Daemon PID 21320] Starting bot processing for world 1
  - Bot 'bills' (ID: 16) processed in 6.94s
  ✓ Completed in 7.706s (Barbarians: 0.764s, Bots: 6.941s, Processed: 1 bots)
  ✗ ERROR: SQLSTATE[HY000] [1049] Unknown database 'lan_classico1'
[2026-06-19 22:34:04] [Daemon PID 21320] Starting bot processing for world 1
  - Bot 'bills' (ID: 16) processed in 7.282s
  ✓ Completed in 8.164s (Barbarians: 0.878s, Bots: 7.282s, Processed: 1 bots)
  ✗ ERROR: SQLSTATE[HY000] [1049] Unknown database 'lan_classico1'
[2026-06-19 22:35:12] [Daemon PID 21320] Starting bot processing for world 1
  - Bot 'bills' (ID: 16) processed in 7.593s
  ✓ Completed in 8.404s (Barbarians: 0.807s, Bots: 7.593s, Processed: 1 bots)
  ✗ ERROR: SQLSTATE[HY000] [1049] Unknown database 'lan_classico1'
[2026-06-19 22:36:21] [Daemon PID 21320] Starting bot processing for world 1
  - Bot 'bills' (ID: 16) processed in 7.628s
  ✓ Completed in 8.58s (Barbarians: 0.923s, Bots: 7.628s, Processed: 1 bots)
  ✗ ERROR: SQLSTATE[HY000] [1049] Unknown database 'lan_classico1'
[2026-06-19 22:37:29] [Daemon PID 21320] Starting bot processing for world 1
  - Bot 'bills' (ID: 16) processed in 7.586s
  ✓ Completed in 8.453s (Barbarians: 0.865s, Bots: 7.587s, Processed: 1 bots)
  ✗ ERROR: SQLSTATE[HY000] [1049] Unknown database 'lan_classico1'
[2026-06-19 22:38:38] [Daemon PID 21320] Starting bot processing for world 1
  - Bot 'bills' (ID: 16) processed in 7.844s
  ✓ Completed in 8.725s (Barbarians: 0.879s, Bots: 7.844s, Processed: 1 bots)
  ✗ ERROR: SQLSTATE[HY000] [1049] Unknown database 'lan_classico1'
[2026-06-19 22:39:47] [Daemon PID 21320] Starting bot processing for world 1
  - Bot 'bills' (ID: 16) processed in 7.533s
  ✓ Completed in 8.382s (Barbarians: 0.846s, Bots: 7.533s, Processed: 1 bots)
  ✗ ERROR: SQLSTATE[HY000] [1049] Unknown database 'lan_classico1'
[2026-06-19 22:40:55] [Daemon PID 21320] Starting bot processing for world 1
  - Bot 'bills' (ID: 16) processed in 8.198s
  ✓ Completed in 9.134s (Barbarians: 0.931s, Bots: 8.198s, Processed: 1 bots)
  ✗ ERROR: SQLSTATE[HY000] [1049] Unknown database 'lan_classico1'
[2026-06-19 22:42:04] [Daemon PID 21320] Starting bot processing for world 1
  - Bot 'bills' (ID: 16) processed in 7.538s
  ✓ Completed in 8.416s (Barbarians: 0.875s, Bots: 7.539s, Processed: 1 bots)
  ✗ ERROR: SQLSTATE[HY000] [1049] Unknown database 'lan_classico1'
[2026-06-19 22:43:13] [Daemon PID 21320] Starting bot processing for world 1
  - Bot 'bills' (ID: 16) processed in 7.694s
  ✓ Completed in 8.562s (Barbarians: 0.865s, Bots: 7.694s, Processed: 1 bots)
  ✗ ERROR: SQLSTATE[HY000] [1049] Unknown database 'lan_classico1'
[2026-06-19 22:44:21] [Daemon PID 21320] Starting bot processing for world 1
  - Bot 'bills' (ID: 16) processed in 7.943s
  ✓ Completed in 8.736s (Barbarians: 0.791s, Bots: 7.943s, Processed: 1 bots)
  ✗ ERROR: SQLSTATE[HY000] [1049] Unknown database 'lan_classico1'
[2026-06-19 22:45:30] [Daemon PID 21320] Starting bot processing for world 1
  - Bot 'bills' (ID: 16) processed in 7.161s
  ✓ Completed in 7.957s (Barbarians: 0.793s, Bots: 7.162s, Processed: 1 bots)
  ✗ ERROR: SQLSTATE[HY000] [1049] Unknown database 'lan_classico1'
[2026-06-19 22:46:38] [Daemon PID 21320] Starting bot processing for world 1
  - Bot 'bills' (ID: 16) processed in 8.692s
  ✓ Completed in 9.62s (Barbarians: 0.922s, Bots: 8.693s, Processed: 1 bots)
  ✗ ERROR: SQLSTATE[HY000] [1049] Unknown database 'lan_classico1'
[2026-06-19 22:47:47] [Daemon PID 21320] Starting bot processing for world 1
[2026-06-19 22:47:49] Starting bot processing for world 1
  - Bot 'bills' (ID: 16) processed in 6.315s
  ✓ Completed in 8.16s (Barbarians: 1.256s, Bots: 6.316s, Processed: 1 bots)
  - Bot 'bills' (ID: 16) processed in 9.086s
  ✓ Completed in 9.97s (Barbarians: 0.882s, Bots: 9.086s, Processed: 1 bots)
  ✗ ERROR: SQLSTATE[HY000] [1049] Unknown database 'lan_classico1'
[2026-06-19 22:48:57] [Daemon PID 21320] Starting bot processing for world 1
  - Bot 'bills' (ID: 16) processed in 5.926s
  ✓ Completed in 6.931s (Barbarians: 1.004s, Bots: 5.926s, Processed: 1 bots)
  ✗ ERROR: SQLSTATE[HY000] [1049] Unknown database 'lan_classico1'
[2026-06-19 22:50:04] [Daemon PID 21320] Starting bot processing for world 1
  - Bot 'bills' (ID: 16) processed in 8.72s
  ✓ Completed in 9.582s (Barbarians: 0.859s, Bots: 8.721s, Processed: 1 bots)
  ✗ ERROR: SQLSTATE[HY000] [1049] Unknown database 'lan_classico1'
[2026-06-19 22:51:14] [Daemon PID 21320] Starting bot processing for world 1
  - Bot 'bills' (ID: 16) processed in 13.617s
  ✓ Completed in 14.492s (Barbarians: 0.873s, Bots: 13.617s, Processed: 1 bots)
  ✗ ERROR: SQLSTATE[HY000] [1049] Unknown database 'lan_classico1'
[2026-06-19 22:52:28] [Daemon PID 21320] Starting bot processing for world 1
  - Bot 'bills' (ID: 16) processed in 7.821s
  ✓ Completed in 8.637s (Barbarians: 0.811s, Bots: 7.821s, Processed: 1 bots)
  ✗ ERROR: SQLSTATE[HY000] [1049] Unknown database 'lan_classico1'
[2026-06-19 22:53:37] [Daemon PID 21320] Starting bot processing for world 1
  - Bot 'bills' (ID: 16) processed in 7.617s
  ✓ Completed in 8.437s (Barbarians: 0.818s, Bots: 7.618s, Processed: 1 bots)
  ✗ ERROR: SQLSTATE[HY000] [1049] Unknown database 'lan_classico1'
[2026-06-19 22:54:46] [Daemon PID 21320] Starting bot processing for world 1
  - Bot 'bills' (ID: 16) processed in 7.654s
  ✓ Completed in 8.506s (Barbarians: 0.849s, Bots: 7.654s, Processed: 1 bots)
  ✗ ERROR: SQLSTATE[HY000] [1049] Unknown database 'lan_classico1'
[2026-06-19 22:55:54] [Daemon PID 21320] Starting bot processing for world 1
  - Bot 'bills' (ID: 16) processed in 7.383s
  ✓ Completed in 8.2s (Barbarians: 0.816s, Bots: 7.383s, Processed: 1 bots)
  ✗ ERROR: SQLSTATE[HY000] [1049] Unknown database 'lan_classico1'
[2026-06-19 22:57:02] [Daemon PID 21320] Starting bot processing for world 1
  - Bot 'bills' (ID: 16) processed in 7.593s
  ✓ Completed in 8.531s (Barbarians: 0.935s, Bots: 7.594s, Processed: 1 bots)
  ✗ ERROR: SQLSTATE[HY000] [1049] Unknown database 'lan_classico1'
[2026-06-19 22:58:11] [Daemon PID 21320] Starting bot processing for world 1
  - Bot 'bills' (ID: 16) processed in 7.381s
  ✓ Completed in 8.223s (Barbarians: 0.836s, Bots: 7.381s, Processed: 1 bots)
  ✗ ERROR: SQLSTATE[HY000] [1049] Unknown database 'lan_classico1'
[2026-06-19 22:59:19] [Daemon PID 21320] Starting bot processing for world 1
  - Bot 'bills' (ID: 16) processed in 10.358s
  ✓ Completed in 11.169s (Barbarians: 0.809s, Bots: 10.358s, Processed: 1 bots)
  ✗ ERROR: SQLSTATE[HY000] [1049] Unknown database 'lan_classico1'
[2026-06-19 23:00:30] [Daemon PID 21320] Starting bot processing for world 1
  - Bot 'bills' (ID: 16) processed in 7.987s
  ✓ Completed in 8.866s (Barbarians: 0.876s, Bots: 7.987s, Processed: 1 bots)
  ✗ ERROR: SQLSTATE[HY000] [1049] Unknown database 'lan_classico1'
[2026-06-19 23:01:39] [Daemon PID 21320] Starting bot processing for world 1
  - Bot 'bills' (ID: 16) processed in 10.523s
  ✓ Completed in 11.292s (Barbarians: 0.766s, Bots: 10.524s, Processed: 1 bots)
  ✗ ERROR: SQLSTATE[HY000] [1049] Unknown database 'lan_classico1'
[2026-06-19 23:02:51] [Daemon PID 21320] Starting bot processing for world 1
  - Bot 'bills' (ID: 16) processed in 7.745s
  ✓ Completed in 8.608s (Barbarians: 0.861s, Bots: 7.745s, Processed: 1 bots)
  ✗ ERROR: SQLSTATE[HY000] [1049] Unknown database 'lan_classico1'
[2026-06-19 23:03:59] [Daemon PID 21320] Starting bot processing for world 1
  - Bot 'bills' (ID: 16) processed in 7.438s
  ✓ Completed in 8.307s (Barbarians: 0.862s, Bots: 7.439s, Processed: 1 bots)
  ✗ ERROR: SQLSTATE[HY000] [1049] Unknown database 'lan_classico1'
[2026-06-19 23:05:07] [Daemon PID 21320] Starting bot processing for world 1
  - Bot 'bills' (ID: 16) processed in 7.194s
  ✓ Completed in 7.977s (Barbarians: 0.78s, Bots: 7.194s, Processed: 1 bots)
  ✗ ERROR: SQLSTATE[HY000] [1049] Unknown database 'lan_classico1'
[2026-06-19 23:06:15] [Daemon PID 21320] Starting bot processing for world 1
  - Bot 'bills' (ID: 16) processed in 7.249s
  ✓ Completed in 8.063s (Barbarians: 0.811s, Bots: 7.249s, Processed: 1 bots)
  ✗ ERROR: SQLSTATE[HY000] [1049] Unknown database 'lan_classico1'
[2026-06-19 23:07:24] [Daemon PID 21320] Starting bot processing for world 1
  - Bot 'bills' (ID: 16) processed in 7.29s
  ✓ Completed in 8.106s (Barbarians: 0.813s, Bots: 7.291s, Processed: 1 bots)
  ✗ ERROR: SQLSTATE[HY000] [1049] Unknown database 'lan_classico1'
[2026-06-19 23:08:32] [Daemon PID 21320] Starting bot processing for world 1
  - Bot 'bills' (ID: 16) processed in 7.332s
  ✓ Completed in 8.148s (Barbarians: 0.813s, Bots: 7.333s, Processed: 1 bots)
  ✗ ERROR: SQLSTATE[HY000] [1049] Unknown database 'lan_classico1'
[2026-06-19 23:09:40] [Daemon PID 21320] Starting bot processing for world 1
  - Bot 'bills' (ID: 16) processed in 7.339s
  ✓ Completed in 8.165s (Barbarians: 0.822s, Bots: 7.339s, Processed: 1 bots)
  ✗ ERROR: SQLSTATE[HY000] [1049] Unknown database 'lan_classico1'
[2026-06-19 23:10:49] Starting bot processing for world 1
  - Bot 'bills' (ID: 16) processed in 7.792s
  ✓ Completed in 9.077s (Barbarians: 0.933s, Bots: 7.792s, Processed: 1 bots)
[2026-06-19 23:12:49] Starting bot processing for world 1
  - Bot 'bills' (ID: 16) processed in 11.512s
  ✓ Completed in 13.175s (Barbarians: 0.99s, Bots: 11.513s, Processed: 1 bots)
[2026-06-19 23:15:49] Starting bot processing for world 1
  - Bot 'bills' (ID: 16) processed in 11.3s
  ✓ Completed in 12.699s (Barbarians: 0.967s, Bots: 11.3s, Processed: 1 bots)
[2026-06-19 23:18:49] Starting bot processing for world 1
  - Bot 'bills' (ID: 16) processed in 11.449s
  ✓ Completed in 13.039s (Barbarians: 0.963s, Bots: 11.45s, Processed: 1 bots)
[2026-06-19 23:19:55] [Daemon PID 30052] Starting bot processing for world 1
  - Bot 'bills' (ID: 16) processed in 10.712s
  ✓ Completed in 13.35s (Barbarians: 2.095s, Bots: 10.713s, Processed: 1 bots)
  ✗ ERROR: SQLSTATE[HY000] [1049] Unknown database 'lan_classico1'
[2026-06-19 23:21:08] [Daemon PID 30052] Starting bot processing for world 1
  - Bot 'bills' (ID: 16) processed in 8.092s
  ✓ Completed in 9.02s (Barbarians: 0.926s, Bots: 8.092s, Processed: 1 bots)
  ✗ ERROR: SQLSTATE[HY000] [1049] Unknown database 'lan_classico1'
[2026-06-19 23:22:17] [Daemon PID 30052] Starting bot processing for world 1
  - Bot 'bills' (ID: 16) processed in 9.174s
  ✓ Completed in 10.176s (Barbarians: 0.999s, Bots: 9.175s, Processed: 1 bots)
  ✗ ERROR: SQLSTATE[HY000] [1049] Unknown database 'lan_classico1'
[2026-06-19 23:23:27] [Daemon PID 30052] Starting bot processing for world 1
  - Bot 'bills' (ID: 16) processed in 8.522s
  ✓ Completed in 9.488s (Barbarians: 0.964s, Bots: 8.522s, Processed: 1 bots)
  ✗ ERROR: SQLSTATE[HY000] [1049] Unknown database 'lan_classico1'
[2026-06-19 23:24:37] [Daemon PID 30052] Starting bot processing for world 1
  - Bot 'bills' (ID: 16) processed in 8.069s
  ✓ Completed in 9.006s (Barbarians: 0.932s, Bots: 8.07s, Processed: 1 bots)
  ✗ ERROR: SQLSTATE[HY000] [1049] Unknown database 'lan_classico1'
[2026-06-19 23:25:46] [Daemon PID 30052] Starting bot processing for world 1
  - Bot 'bills' (ID: 16) processed in 8.095s
  ✓ Completed in 9.016s (Barbarians: 0.918s, Bots: 8.096s, Processed: 1 bots)
  ✗ ERROR: SQLSTATE[HY000] [1049] Unknown database 'lan_classico1'
[2026-06-19 23:26:55] [Daemon PID 30052] Starting bot processing for world 1
  - Bot 'bills' (ID: 16) processed in 7.89s
  ✓ Completed in 8.841s (Barbarians: 0.948s, Bots: 7.891s, Processed: 1 bots)
  ✗ ERROR: SQLSTATE[HY000] [1049] Unknown database 'lan_classico1'
[2026-06-19 23:28:04] [Daemon PID 30052] Starting bot processing for world 1
  - Bot 'bills' (ID: 16) processed in 7.94s
  ✓ Completed in 8.935s (Barbarians: 0.993s, Bots: 7.941s, Processed: 1 bots)
  ✗ ERROR: SQLSTATE[HY000] [1049] Unknown database 'lan_classico1'
[2026-06-19 23:29:13] [Daemon PID 30052] Starting bot processing for world 1
  - Bot 'bills' (ID: 16) processed in 7.547s
  ✓ Completed in 8.449s (Barbarians: 0.9s, Bots: 7.548s, Processed: 1 bots)
  ✗ ERROR: SQLSTATE[HY000] [1049] Unknown database 'lan_classico1'
[2026-06-19 23:30:21] [Daemon PID 30052] Starting bot processing for world 1
  - Bot 'bills' (ID: 16) processed in 7.49s
  ✓ Completed in 8.407s (Barbarians: 0.912s, Bots: 7.49s, Processed: 1 bots)
  ✗ ERROR: SQLSTATE[HY000] [1049] Unknown database 'lan_classico1'
[2026-06-19 23:31:30] [Daemon PID 30052] Starting bot processing for world 1
  - Bot 'bills' (ID: 16) processed in 7.369s
  ✓ Completed in 8.252s (Barbarians: 0.881s, Bots: 7.369s, Processed: 1 bots)
  ✗ ERROR: SQLSTATE[HY000] [1049] Unknown database 'lan_classico1'
[2026-06-19 23:32:38] [Daemon PID 30052] Starting bot processing for world 1
  - Bot 'bills' (ID: 16) processed in 7.366s
  ✓ Completed in 8.247s (Barbarians: 0.879s, Bots: 7.367s, Processed: 1 bots)
  ✗ ERROR: SQLSTATE[HY000] [1049] Unknown database 'lan_classico1'
[2026-06-19 23:33:46] [Daemon PID 30052] Starting bot processing for world 1
  - Bot 'bills' (ID: 16) processed in 7.475s
  ✓ Completed in 8.377s (Barbarians: 0.899s, Bots: 7.475s, Processed: 1 bots)
  ✗ ERROR: SQLSTATE[HY000] [1049] Unknown database 'lan_classico1'
[2026-06-19 23:34:55] [Daemon PID 30052] Starting bot processing for world 1
  - Bot 'bills' (ID: 16) processed in 7.436s
  ✓ Completed in 8.33s (Barbarians: 0.893s, Bots: 7.436s, Processed: 1 bots)
  ✗ ERROR: SQLSTATE[HY000] [1049] Unknown database 'lan_classico1'
[2026-06-19 23:36:03] [Daemon PID 30052] Starting bot processing for world 1
  - Bot 'bills' (ID: 16) processed in 7.421s
  ✓ Completed in 8.343s (Barbarians: 0.918s, Bots: 7.421s, Processed: 1 bots)
  ✗ ERROR: SQLSTATE[HY000] [1049] Unknown database 'lan_classico1'
[2026-06-19 23:37:11] [Daemon PID 30052] Starting bot processing for world 1
  - Bot 'bills' (ID: 16) processed in 7.509s
  ✓ Completed in 8.421s (Barbarians: 0.91s, Bots: 7.51s, Processed: 1 bots)
  ✗ ERROR: SQLSTATE[HY000] [1049] Unknown database 'lan_classico1'
[2026-06-19 23:38:20] [Daemon PID 30052] Starting bot processing for world 1
  - Bot 'bills' (ID: 16) processed in 7.498s
  ✓ Completed in 8.403s (Barbarians: 0.903s, Bots: 7.499s, Processed: 1 bots)
  ✗ ERROR: SQLSTATE[HY000] [1049] Unknown database 'lan_classico1'
[2026-06-19 23:39:28] [Daemon PID 30052] Starting bot processing for world 1
  - Bot 'bills' (ID: 16) processed in 7.392s
  ✓ Completed in 8.297s (Barbarians: 0.903s, Bots: 7.393s, Processed: 1 bots)
  ✗ ERROR: SQLSTATE[HY000] [1049] Unknown database 'lan_classico1'
[2026-06-19 23:40:36] [Daemon PID 30052] Starting bot processing for world 1
  - Bot 'bills' (ID: 16) processed in 7.361s
  ✓ Completed in 8.287s (Barbarians: 0.923s, Bots: 7.362s, Processed: 1 bots)
  ✗ ERROR: SQLSTATE[HY000] [1049] Unknown database 'lan_classico1'
[2026-06-19 23:41:45] [Daemon PID 30052] Starting bot processing for world 1
  - Bot 'bills' (ID: 16) processed in 7.396s
  ✓ Completed in 8.296s (Barbarians: 0.895s, Bots: 7.397s, Processed: 1 bots)
  ✗ ERROR: SQLSTATE[HY000] [1049] Unknown database 'lan_classico1'
[2026-06-19 23:42:53] [Daemon PID 30052] Starting bot processing for world 1
  - Bot 'bills' (ID: 16) processed in 7.55s
  ✓ Completed in 8.429s (Barbarians: 0.876s, Bots: 7.551s, Processed: 1 bots)
  ✗ ERROR: SQLSTATE[HY000] [1049] Unknown database 'lan_classico1'
[2026-06-19 23:44:02] [Daemon PID 30052] Starting bot processing for world 1
  - Bot 'bills' (ID: 16) processed in 7.428s
  ✓ Completed in 8.342s (Barbarians: 0.911s, Bots: 7.429s, Processed: 1 bots)
  ✗ ERROR: SQLSTATE[HY000] [1049] Unknown database 'lan_classico1'
[2026-06-19 23:45:10] [Daemon PID 30052] Starting bot processing for world 1
  - Bot 'bills' (ID: 16) processed in 7.517s
  ✓ Completed in 8.429s (Barbarians: 0.91s, Bots: 7.518s, Processed: 1 bots)
  ✗ ERROR: SQLSTATE[HY000] [1049] Unknown database 'lan_classico1'
[2026-06-19 23:46:18] [Daemon PID 30052] Starting bot processing for world 1
  - Bot 'bills' (ID: 16) processed in 7.414s
  ✓ Completed in 8.317s (Barbarians: 0.901s, Bots: 7.415s, Processed: 1 bots)
  ✗ ERROR: SQLSTATE[HY000] [1049] Unknown database 'lan_classico1'
[2026-06-19 23:47:27] [Daemon PID 30052] Starting bot processing for world 1
  - Bot 'bills' (ID: 16) processed in 7.391s
  ✓ Completed in 8.315s (Barbarians: 0.919s, Bots: 7.392s, Processed: 1 bots)
  ✗ ERROR: SQLSTATE[HY000] [1049] Unknown database 'lan_classico1'
[2026-06-19 23:48:35] [Daemon PID 30052] Starting bot processing for world 1
  - Bot 'bills' (ID: 16) processed in 7.347s
  ✓ Completed in 8.275s (Barbarians: 0.927s, Bots: 7.347s, Processed: 1 bots)
  ✗ ERROR: SQLSTATE[HY000] [1049] Unknown database 'lan_classico1'
[2026-06-19 23:49:43] [Daemon PID 30052] Starting bot processing for world 1
  - Bot 'bills' (ID: 16) processed in 7.389s
  ✓ Completed in 8.283s (Barbarians: 0.891s, Bots: 7.39s, Processed: 1 bots)
  ✗ ERROR: SQLSTATE[HY000] [1049] Unknown database 'lan_classico1'
[2026-06-19 23:50:52] [Daemon PID 30052] Starting bot processing for world 1
  - Bot 'bills' (ID: 16) processed in 7.375s
  ✓ Completed in 8.257s (Barbarians: 0.879s, Bots: 7.376s, Processed: 1 bots)
  ✗ ERROR: SQLSTATE[HY000] [1049] Unknown database 'lan_classico1'
[2026-06-19 23:52:00] [Daemon PID 30052] Starting bot processing for world 1
  - Bot 'bills' (ID: 16) processed in 7.428s
  ✓ Completed in 8.31s (Barbarians: 0.88s, Bots: 7.428s, Processed: 1 bots)
  ✗ ERROR: SQLSTATE[HY000] [1049] Unknown database 'lan_classico1'
[2026-06-19 23:53:08] [Daemon PID 30052] Starting bot processing for world 1
  - Bot 'bills' (ID: 16) processed in 7.453s
  ✓ Completed in 8.364s (Barbarians: 0.906s, Bots: 7.453s, Processed: 1 bots)
  ✗ ERROR: SQLSTATE[HY000] [1049] Unknown database 'lan_classico1'
[2026-06-19 23:54:17] [Daemon PID 30052] Starting bot processing for world 1
  - Bot 'bills' (ID: 16) processed in 7.483s
  ✓ Completed in 8.375s (Barbarians: 0.889s, Bots: 7.484s, Processed: 1 bots)
  ✗ ERROR: SQLSTATE[HY000] [1049] Unknown database 'lan_classico1'
[2026-06-19 23:55:25] [Daemon PID 30052] Starting bot processing for world 1
  - Bot 'bills' (ID: 16) processed in 7.348s
  ✓ Completed in 8.246s (Barbarians: 0.897s, Bots: 7.348s, Processed: 1 bots)
  ✗ ERROR: SQLSTATE[HY000] [1049] Unknown database 'lan_classico1'
[2026-06-19 23:56:33] [Daemon PID 30052] Starting bot processing for world 1
  - Bot 'bills' (ID: 16) processed in 7.398s
  ✓ Completed in 8.323s (Barbarians: 0.923s, Bots: 7.398s, Processed: 1 bots)
  ✗ ERROR: SQLSTATE[HY000] [1049] Unknown database 'lan_classico1'
[2026-06-19 23:57:42] [Daemon PID 30052] Starting bot processing for world 1
  - Bot 'bills' (ID: 16) processed in 7.36s
  ✓ Completed in 8.316s (Barbarians: 0.955s, Bots: 7.36s, Processed: 1 bots)
  ✗ ERROR: SQLSTATE[HY000] [1049] Unknown database 'lan_classico1'
[2026-06-19 23:58:50] [Daemon PID 30052] Starting bot processing for world 1
  - Bot 'bills' (ID: 16) processed in 7.495s
  ✓ Completed in 8.422s (Barbarians: 0.922s, Bots: 7.496s, Processed: 1 bots)
  ✗ ERROR: SQLSTATE[HY000] [1049] Unknown database 'lan_classico1'
[2026-06-19 23:59:58] [Daemon PID 30052] Starting bot processing for world 1
  - Bot 'bills' (ID: 16) processed in 7.443s
  ✓ Completed in 8.374s (Barbarians: 0.929s, Bots: 7.444s, Processed: 1 bots)
  ✗ ERROR: SQLSTATE[HY000] [1049] Unknown database 'lan_classico1'
[2026-06-20 00:01:07] [Daemon PID 30052] Starting bot processing for world 1
  - Bot 'bills' (ID: 16) processed in 7.334s
  ✓ Completed in 8.243s (Barbarians: 0.906s, Bots: 7.334s, Processed: 1 bots)
  ✗ ERROR: SQLSTATE[HY000] [1049] Unknown database 'lan_classico1'
[2026-06-20 00:02:15] [Daemon PID 30052] Starting bot processing for world 1
  - Bot 'bills' (ID: 16) processed in 7.387s
  ✓ Completed in 8.291s (Barbarians: 0.902s, Bots: 7.387s, Processed: 1 bots)
  ✗ ERROR: SQLSTATE[HY000] [1049] Unknown database 'lan_classico1'
[2026-06-20 00:03:23] [Daemon PID 30052] Starting bot processing for world 1
  - Bot 'bills' (ID: 16) processed in 7.531s
  ✓ Completed in 8.409s (Barbarians: 0.876s, Bots: 7.531s, Processed: 1 bots)
  ✗ ERROR: SQLSTATE[HY000] [1049] Unknown database 'lan_classico1'
[2026-06-20 00:04:32] [Daemon PID 30052] Starting bot processing for world 1
  - Bot 'bills' (ID: 16) processed in 7.334s
  ✓ Completed in 8.235s (Barbarians: 0.876s, Bots: 7.335s, Processed: 1 bots)
  ✗ ERROR: SQLSTATE[HY000] [1049] Unknown database 'lan_classico1'
[2026-06-20 00:05:40] [Daemon PID 30052] Starting bot processing for world 1
  - Bot 'bills' (ID: 16) processed in 7.363s
  ✓ Completed in 8.24s (Barbarians: 0.875s, Bots: 7.363s, Processed: 1 bots)
  ✗ ERROR: SQLSTATE[HY000] [1049] Unknown database 'lan_classico1'
[2026-06-20 00:06:48] [Daemon PID 30052] Starting bot processing for world 1
  - Bot 'bills' (ID: 16) processed in 7.402s
  ✓ Completed in 8.267s (Barbarians: 0.863s, Bots: 7.402s, Processed: 1 bots)
  ✗ ERROR: SQLSTATE[HY000] [1049] Unknown database 'lan_classico1'
[2026-06-20 00:07:57] [Daemon PID 30052] Starting bot processing for world 1
  - Bot 'bills' (ID: 16) processed in 7.503s
  ✓ Completed in 8.397s (Barbarians: 0.892s, Bots: 7.503s, Processed: 1 bots)
  ✗ ERROR: SQLSTATE[HY000] [1049] Unknown database 'lan_classico1'
[2026-06-20 00:09:05] [Daemon PID 30052] Starting bot processing for world 1
  - Bot 'bills' (ID: 16) processed in 7.498s
  ✓ Completed in 8.467s (Barbarians: 0.966s, Bots: 7.499s, Processed: 1 bots)
  ✗ ERROR: SQLSTATE[HY000] [1049] Unknown database 'lan_classico1'
[2026-06-20 00:10:14] [Daemon PID 30052] Starting bot processing for world 1
  - Bot 'bills' (ID: 16) processed in 7.422s
  ✓ Completed in 8.357s (Barbarians: 0.93s, Bots: 7.422s, Processed: 1 bots)
  ✗ ERROR: SQLSTATE[HY000] [1049] Unknown database 'lan_classico1'
[2026-06-20 00:11:22] [Daemon PID 30052] Starting bot processing for world 1
  - Bot 'bills' (ID: 16) processed in 7.342s
  ✓ Completed in 8.261s (Barbarians: 0.917s, Bots: 7.343s, Processed: 1 bots)
  ✗ ERROR: SQLSTATE[HY000] [1049] Unknown database 'lan_classico1'
[2026-06-20 00:12:30] [Daemon PID 30052] Starting bot processing for world 1
  - Bot 'bills' (ID: 16) processed in 7.328s
  ✓ Completed in 8.213s (Barbarians: 0.883s, Bots: 7.328s, Processed: 1 bots)
  ✗ ERROR: SQLSTATE[HY000] [1049] Unknown database 'lan_classico1'
[2026-06-20 00:13:38] [Daemon PID 30052] Starting bot processing for world 1
  - Bot 'bills' (ID: 16) processed in 7.304s
  ✓ Completed in 8.218s (Barbarians: 0.912s, Bots: 7.305s, Processed: 1 bots)
  ✗ ERROR: SQLSTATE[HY000] [1049] Unknown database 'lan_classico1'
[2026-06-20 00:14:47] [Daemon PID 30052] Starting bot processing for world 1
  - Bot 'bills' (ID: 16) processed in 7.355s
  ✓ Completed in 8.229s (Barbarians: 0.872s, Bots: 7.355s, Processed: 1 bots)
  ✗ ERROR: SQLSTATE[HY000] [1049] Unknown database 'lan_classico1'
[2026-06-20 00:15:55] [Daemon PID 30052] Starting bot processing for world 1
  - Bot 'bills' (ID: 16) processed in 7.414s
  ✓ Completed in 8.344s (Barbarians: 0.925s, Bots: 7.414s, Processed: 1 bots)
  ✗ ERROR: SQLSTATE[HY000] [1049] Unknown database 'lan_classico1'
[2026-06-20 00:17:03] [Daemon PID 30052] Starting bot processing for world 1
  - Bot 'bills' (ID: 16) processed in 7.449s
  ✓ Completed in 8.354s (Barbarians: 0.903s, Bots: 7.449s, Processed: 1 bots)
  ✗ ERROR: SQLSTATE[HY000] [1049] Unknown database 'lan_classico1'
[2026-06-20 00:18:12] [Daemon PID 30052] Starting bot processing for world 1
  - Bot 'bills' (ID: 16) processed in 7.42s
  ✓ Completed in 8.338s (Barbarians: 0.916s, Bots: 7.42s, Processed: 1 bots)
  ✗ ERROR: SQLSTATE[HY000] [1049] Unknown database 'lan_classico1'
[2026-06-20 00:19:20] [Daemon PID 30052] Starting bot processing for world 1
  - Bot 'bills' (ID: 16) processed in 7.342s
  ✓ Completed in 8.266s (Barbarians: 0.921s, Bots: 7.343s, Processed: 1 bots)
  ✗ ERROR: SQLSTATE[HY000] [1049] Unknown database 'lan_classico1'
[2026-06-20 00:20:28] [Daemon PID 30052] Starting bot processing for world 1
  - Bot 'bills' (ID: 16) processed in 7.389s
  ✓ Completed in 8.305s (Barbarians: 0.914s, Bots: 7.389s, Processed: 1 bots)
  ✗ ERROR: SQLSTATE[HY000] [1049] Unknown database 'lan_classico1'
[2026-06-20 00:21:37] [Daemon PID 30052] Starting bot processing for world 1
  - Bot 'bills' (ID: 16) processed in 7.246s
  ✓ Completed in 8.169s (Barbarians: 0.918s, Bots: 7.247s, Processed: 1 bots)
  ✗ ERROR: SQLSTATE[HY000] [1049] Unknown database 'lan_classico1'
[2026-06-20 00:22:45] [Daemon PID 30052] Starting bot processing for world 1
  - Bot 'bills' (ID: 16) processed in 7.392s
  ✓ Completed in 8.282s (Barbarians: 0.888s, Bots: 7.393s, Processed: 1 bots)
  ✗ ERROR: SQLSTATE[HY000] [1049] Unknown database 'lan_classico1'
[2026-06-20 00:23:53] [Daemon PID 30052] Starting bot processing for world 1
  - Bot 'bills' (ID: 16) processed in 7.301s
  ✓ Completed in 8.173s (Barbarians: 0.87s, Bots: 7.302s, Processed: 1 bots)
  ✗ ERROR: SQLSTATE[HY000] [1049] Unknown database 'lan_classico1'
[2026-06-20 00:25:01] [Daemon PID 30052] Starting bot processing for world 1
  - Bot 'bills' (ID: 16) processed in 7.38s
  ✓ Completed in 8.289s (Barbarians: 0.907s, Bots: 7.38s, Processed: 1 bots)
  ✗ ERROR: SQLSTATE[HY000] [1049] Unknown database 'lan_classico1'
[2026-06-20 00:26:10] [Daemon PID 30052] Starting bot processing for world 1
  - Bot 'bills' (ID: 16) processed in 7.326s
  ✓ Completed in 8.22s (Barbarians: 0.891s, Bots: 7.327s, Processed: 1 bots)
  ✗ ERROR: SQLSTATE[HY000] [1049] Unknown database 'lan_classico1'
[2026-06-20 00:27:18] [Daemon PID 30052] Starting bot processing for world 1
  - Bot 'bills' (ID: 16) processed in 7.355s
  ✓ Completed in 8.269s (Barbarians: 0.908s, Bots: 7.356s, Processed: 1 bots)
  ✗ ERROR: SQLSTATE[HY000] [1049] Unknown database 'lan_classico1'
[2026-06-20 00:28:26] [Daemon PID 30052] Starting bot processing for world 1
  - Bot 'bills' (ID: 16) processed in 7.373s
  ✓ Completed in 8.288s (Barbarians: 0.912s, Bots: 7.374s, Processed: 1 bots)
  ✗ ERROR: SQLSTATE[HY000] [1049] Unknown database 'lan_classico1'
[2026-06-20 00:29:34] [Daemon PID 30052] Starting bot processing for world 1
  - Bot 'bills' (ID: 16) processed in 7.428s
  ✓ Completed in 8.323s (Barbarians: 0.893s, Bots: 7.428s, Processed: 1 bots)
  ✗ ERROR: SQLSTATE[HY000] [1049] Unknown database 'lan_classico1'
[2026-06-20 00:30:43] [Daemon PID 30052] Starting bot processing for world 1
  - Bot 'bills' (ID: 16) processed in 7.511s
  ✓ Completed in 8.423s (Barbarians: 0.91s, Bots: 7.511s, Processed: 1 bots)
  ✗ ERROR: SQLSTATE[HY000] [1049] Unknown database 'lan_classico1'
[2026-06-20 00:31:51] [Daemon PID 30052] Starting bot processing for world 1
  - Bot 'bills' (ID: 16) processed in 7.433s
  ✓ Completed in 8.337s (Barbarians: 0.902s, Bots: 7.434s, Processed: 1 bots)
  ✗ ERROR: SQLSTATE[HY000] [1049] Unknown database 'lan_classico1'
[2026-06-20 00:33:00] [Daemon PID 30052] Starting bot processing for world 1
  - Bot 'bills' (ID: 16) processed in 7.344s
  ✓ Completed in 8.223s (Barbarians: 0.874s, Bots: 7.345s, Processed: 1 bots)
  ✗ ERROR: SQLSTATE[HY000] [1049] Unknown database 'lan_classico1'
[2026-06-20 00:34:08] [Daemon PID 30052] Starting bot processing for world 1
  - Bot 'bills' (ID: 16) processed in 7.347s
  ✓ Completed in 8.247s (Barbarians: 0.898s, Bots: 7.347s, Processed: 1 bots)
  ✗ ERROR: SQLSTATE[HY000] [1049] Unknown database 'lan_classico1'
[2026-06-20 00:35:16] [Daemon PID 30052] Starting bot processing for world 1
  - Bot 'bills' (ID: 16) processed in 7.409s
  ✓ Completed in 8.301s (Barbarians: 0.889s, Bots: 7.41s, Processed: 1 bots)
  ✗ ERROR: SQLSTATE[HY000] [1049] Unknown database 'lan_classico1'
[2026-06-20 00:36:24] [Daemon PID 30052] Starting bot processing for world 1
  - Bot 'bills' (ID: 16) processed in 7.286s
  ✓ Completed in 8.147s (Barbarians: 0.86s, Bots: 7.286s, Processed: 1 bots)
  ✗ ERROR: SQLSTATE[HY000] [1049] Unknown database 'lan_classico1'
[2026-06-20 00:37:33] [Daemon PID 30052] Starting bot processing for world 1
  - Bot 'bills' (ID: 16) processed in 7.412s
  ✓ Completed in 8.292s (Barbarians: 0.878s, Bots: 7.412s, Processed: 1 bots)
  ✗ ERROR: SQLSTATE[HY000] [1049] Unknown database 'lan_classico1'
[2026-06-20 00:38:41] [Daemon PID 30052] Starting bot processing for world 1
  - Bot 'bills' (ID: 16) processed in 7.292s
  ✓ Completed in 8.223s (Barbarians: 0.926s, Bots: 7.293s, Processed: 1 bots)
  ✗ ERROR: SQLSTATE[HY000] [1049] Unknown database 'lan_classico1'
[2026-06-20 00:39:49] [Daemon PID 30052] Starting bot processing for world 1
  - Bot 'bills' (ID: 16) processed in 7.372s
  ✓ Completed in 8.272s (Barbarians: 0.898s, Bots: 7.372s, Processed: 1 bots)
  ✗ ERROR: SQLSTATE[HY000] [1049] Unknown database 'lan_classico1'
[2026-06-20 00:40:57] [Daemon PID 30052] Starting bot processing for world 1
  - Bot 'bills' (ID: 16) processed in 7.413s
  ✓ Completed in 8.325s (Barbarians: 0.91s, Bots: 7.413s, Processed: 1 bots)
  ✗ ERROR: SQLSTATE[HY000] [1049] Unknown database 'lan_classico1'
[2026-06-20 00:42:06] [Daemon PID 30052] Starting bot processing for world 1
  - Bot 'bills' (ID: 16) processed in 7.472s
  ✓ Completed in 8.38s (Barbarians: 0.905s, Bots: 7.473s, Processed: 1 bots)
  ✗ ERROR: SQLSTATE[HY000] [1049] Unknown database 'lan_classico1'
[2026-06-20 00:43:14] [Daemon PID 30052] Starting bot processing for world 1
  - Bot 'bills' (ID: 16) processed in 7.408s
  ✓ Completed in 8.309s (Barbarians: 0.9s, Bots: 7.408s, Processed: 1 bots)
  ✗ ERROR: SQLSTATE[HY000] [1049] Unknown database 'lan_classico1'
[2026-06-20 00:44:22] [Daemon PID 30052] Starting bot processing for world 1
  - Bot 'bills' (ID: 16) processed in 7.383s
  ✓ Completed in 8.27s (Barbarians: 0.882s, Bots: 7.383s, Processed: 1 bots)
  ✗ ERROR: SQLSTATE[HY000] [1049] Unknown database 'lan_classico1'
[2026-06-20 00:45:31] [Daemon PID 30052] Starting bot processing for world 1
  - Bot 'bills' (ID: 16) processed in 7.464s
  ✓ Completed in 8.362s (Barbarians: 0.896s, Bots: 7.464s, Processed: 1 bots)
  ✗ ERROR: SQLSTATE[HY000] [1049] Unknown database 'lan_classico1'
[2026-06-20 00:46:39] [Daemon PID 30052] Starting bot processing for world 1
  - Bot 'bills' (ID: 16) processed in 7.414s
  ✓ Completed in 8.336s (Barbarians: 0.919s, Bots: 7.414s, Processed: 1 bots)
  ✗ ERROR: SQLSTATE[HY000] [1049] Unknown database 'lan_classico1'
[2026-06-20 00:47:47] [Daemon PID 30052] Starting bot processing for world 1
  - Bot 'bills' (ID: 16) processed in 7.371s
  ✓ Completed in 8.253s (Barbarians: 0.88s, Bots: 7.371s, Processed: 1 bots)
  ✗ ERROR: SQLSTATE[HY000] [1049] Unknown database 'lan_classico1'
[2026-06-20 00:48:56] [Daemon PID 30052] Starting bot processing for world 1
  - Bot 'bills' (ID: 16) processed in 7.352s
  ✓ Completed in 8.247s (Barbarians: 0.893s, Bots: 7.352s, Processed: 1 bots)
  ✗ ERROR: SQLSTATE[HY000] [1049] Unknown database 'lan_classico1'
[2026-06-20 00:50:04] [Daemon PID 30052] Starting bot processing for world 1
  - Bot 'bills' (ID: 16) processed in 7.428s
  ✓ Completed in 8.32s (Barbarians: 0.887s, Bots: 7.429s, Processed: 1 bots)
  ✗ ERROR: SQLSTATE[HY000] [1049] Unknown database 'lan_classico1'
[2026-06-20 00:51:12] [Daemon PID 30052] Starting bot processing for world 1
  - Bot 'bills' (ID: 16) processed in 7.447s
  ✓ Completed in 8.332s (Barbarians: 0.882s, Bots: 7.448s, Processed: 1 bots)
  ✗ ERROR: SQLSTATE[HY000] [1049] Unknown database 'lan_classico1'
[2026-06-20 00:52:21] [Daemon PID 30052] Starting bot processing for world 1
  - Bot 'bills' (ID: 16) processed in 7.485s
  ✓ Completed in 8.393s (Barbarians: 0.905s, Bots: 7.486s, Processed: 1 bots)
  ✗ ERROR: SQLSTATE[HY000] [1049] Unknown database 'lan_classico1'
[2026-06-20 00:53:29] [Daemon PID 30052] Starting bot processing for world 1
  - Bot 'bills' (ID: 16) processed in 7.422s
  ✓ Completed in 8.349s (Barbarians: 0.925s, Bots: 7.422s, Processed: 1 bots)
  ✗ ERROR: SQLSTATE[HY000] [1049] Unknown database 'lan_classico1'
[2026-06-20 00:54:38] [Daemon PID 30052] Starting bot processing for world 1
  - Bot 'bills' (ID: 16) processed in 7.278s
  ✓ Completed in 8.172s (Barbarians: 0.891s, Bots: 7.279s, Processed: 1 bots)
  ✗ ERROR: SQLSTATE[HY000] [1049] Unknown database 'lan_classico1'
[2026-06-20 00:55:46] [Daemon PID 30052] Starting bot processing for world 1
  - Bot 'bills' (ID: 16) processed in 7.334s
  ✓ Completed in 8.245s (Barbarians: 0.906s, Bots: 7.334s, Processed: 1 bots)
  ✗ ERROR: SQLSTATE[HY000] [1049] Unknown database 'lan_classico1'
[2026-06-20 00:56:54] [Daemon PID 30052] Starting bot processing for world 1
  - Bot 'bills' (ID: 16) processed in 7.352s
  ✓ Completed in 8.25s (Barbarians: 0.896s, Bots: 7.352s, Processed: 1 bots)
  ✗ ERROR: SQLSTATE[HY000] [1049] Unknown database 'lan_classico1'
[2026-06-20 00:58:02] [Daemon PID 30052] Starting bot processing for world 1
  - Bot 'bills' (ID: 16) processed in 7.313s
  ✓ Completed in 8.204s (Barbarians: 0.888s, Bots: 7.314s, Processed: 1 bots)
  ✗ ERROR: SQLSTATE[HY000] [1049] Unknown database 'lan_classico1'
[2026-06-20 00:59:10] [Daemon PID 30052] Starting bot processing for world 1
  - Bot 'bills' (ID: 16) processed in 7.384s
  ✓ Completed in 8.297s (Barbarians: 0.911s, Bots: 7.384s, Processed: 1 bots)
  ✗ ERROR: SQLSTATE[HY000] [1049] Unknown database 'lan_classico1'
[2026-06-20 01:00:19] [Daemon PID 30052] Starting bot processing for world 1
  - Bot 'bills' (ID: 16) processed in 7.296s
  ✓ Completed in 8.187s (Barbarians: 0.888s, Bots: 7.297s, Processed: 1 bots)
  ✗ ERROR: SQLSTATE[HY000] [1049] Unknown database 'lan_classico1'
[2026-06-20 01:01:27] [Daemon PID 30052] Starting bot processing for world 1
  - Bot 'bills' (ID: 16) processed in 7.421s
  ✓ Completed in 8.339s (Barbarians: 0.912s, Bots: 7.422s, Processed: 1 bots)
  ✗ ERROR: SQLSTATE[HY000] [1049] Unknown database 'lan_classico1'
[2026-06-20 01:02:35] [Daemon PID 30052] Starting bot processing for world 1
  - Bot 'bills' (ID: 16) processed in 7.351s
  ✓ Completed in 8.226s (Barbarians: 0.873s, Bots: 7.351s, Processed: 1 bots)
  ✗ ERROR: SQLSTATE[HY000] [1049] Unknown database 'lan_classico1'
[2026-06-20 01:03:44] [Daemon PID 30052] Starting bot processing for world 1
  - Bot 'bills' (ID: 16) processed in 7.431s
  ✓ Completed in 8.316s (Barbarians: 0.883s, Bots: 7.431s, Processed: 1 bots)
  ✗ ERROR: SQLSTATE[HY000] [1049] Unknown database 'lan_classico1'
[2026-06-20 01:04:52] [Daemon PID 30052] Starting bot processing for world 1
  - Bot 'bills' (ID: 16) processed in 7.398s
  ✓ Completed in 8.313s (Barbarians: 0.913s, Bots: 7.398s, Processed: 1 bots)
  ✗ ERROR: SQLSTATE[HY000] [1049] Unknown database 'lan_classico1'
[2026-06-20 01:06:00] [Daemon PID 30052] Starting bot processing for world 1
  - Bot 'bills' (ID: 16) processed in 7.658s
  ✓ Completed in 8.583s (Barbarians: 0.923s, Bots: 7.658s, Processed: 1 bots)
  ✗ ERROR: SQLSTATE[HY000] [1049] Unknown database 'lan_classico1'
[2026-06-20 01:07:09] [Daemon PID 30052] Starting bot processing for world 1
  - Bot 'bills' (ID: 16) processed in 7.418s
  ✓ Completed in 8.317s (Barbarians: 0.895s, Bots: 7.418s, Processed: 1 bots)
  ✗ ERROR: SQLSTATE[HY000] [1049] Unknown database 'lan_classico1'
[2026-06-20 01:08:17] [Daemon PID 30052] Starting bot processing for world 1
  - Bot 'bills' (ID: 16) processed in 7.398s
  ✓ Completed in 8.301s (Barbarians: 0.901s, Bots: 7.398s, Processed: 1 bots)
  ✗ ERROR: SQLSTATE[HY000] [1049] Unknown database 'lan_classico1'
[2026-06-20 01:09:25] [Daemon PID 30052] Starting bot processing for world 1
  - Bot 'bills' (ID: 16) processed in 7.279s
  ✓ Completed in 8.21s (Barbarians: 0.928s, Bots: 7.28s, Processed: 1 bots)
  ✗ ERROR: SQLSTATE[HY000] [1049] Unknown database 'lan_classico1'
[2026-06-20 01:10:34] [Daemon PID 30052] Starting bot processing for world 1
  - Bot 'bills' (ID: 16) processed in 7.307s
  ✓ Completed in 8.221s (Barbarians: 0.912s, Bots: 7.307s, Processed: 1 bots)
  ✗ ERROR: SQLSTATE[HY000] [1049] Unknown database 'lan_classico1'
[2026-06-20 01:11:42] [Daemon PID 30052] Starting bot processing for world 1
  - Bot 'bills' (ID: 16) processed in 7.307s
  ✓ Completed in 8.182s (Barbarians: 0.872s, Bots: 7.308s, Processed: 1 bots)
  ✗ ERROR: SQLSTATE[HY000] [1049] Unknown database 'lan_classico1'
[2026-06-20 01:12:50] [Daemon PID 30052] Starting bot processing for world 1
  - Bot 'bills' (ID: 16) processed in 7.395s
  ✓ Completed in 8.311s (Barbarians: 0.911s, Bots: 7.396s, Processed: 1 bots)
  ✗ ERROR: SQLSTATE[HY000] [1049] Unknown database 'lan_classico1'
[2026-06-20 08:22:30] [Daemon PID 25888] Starting bot processing for world 1
  - Bot 'bills' (ID: 16) processed in 12.911s
  ✓ Completed in 16.969s (Barbarians: 1.099s, Bots: 12.911s, Processed: 1 bots)
  ✗ ERROR: SQLSTATE[HY000] [1049] Unknown database 'lan_classico1'
[2026-06-20 08:23:47] [Daemon PID 25888] Starting bot processing for world 1
  - Bot 'bills' (ID: 16) processed in 8.177s
  ✓ Completed in 9.117s (Barbarians: 0.938s, Bots: 8.177s, Processed: 1 bots)
  ✗ ERROR: SQLSTATE[HY000] [1049] Unknown database 'lan_classico1'
[2026-06-20 08:24:56] [Daemon PID 25888] Starting bot processing for world 1
  - Bot 'bills' (ID: 16) processed in 8.129s
  ✓ Completed in 9.081s (Barbarians: 0.949s, Bots: 8.13s, Processed: 1 bots)
  ✗ ERROR: SQLSTATE[HY000] [1049] Unknown database 'lan_classico1'
[2026-06-20 08:26:05] [Daemon PID 25888] Starting bot processing for world 1
  - Bot 'bills' (ID: 16) processed in 8.095s
  ✓ Completed in 9.049s (Barbarians: 0.951s, Bots: 8.096s, Processed: 1 bots)
  ✗ ERROR: SQLSTATE[HY000] [1049] Unknown database 'lan_classico1'
[2026-06-20 08:27:14] [Daemon PID 25888] Starting bot processing for world 1
  - Bot 'bills' (ID: 16) processed in 8.133s
  ✓ Completed in 9.108s (Barbarians: 0.97s, Bots: 8.133s, Processed: 1 bots)
  ✗ ERROR: SQLSTATE[HY000] [1049] Unknown database 'lan_classico1'
[2026-06-20 08:28:23] [Daemon PID 25888] Starting bot processing for world 1
  - Bot 'bills' (ID: 16) processed in 7.955s
  ✓ Completed in 8.887s (Barbarians: 0.93s, Bots: 7.956s, Processed: 1 bots)
  ✗ ERROR: SQLSTATE[HY000] [1049] Unknown database 'lan_classico1'
[2026-06-20 08:29:32] [Daemon PID 25888] Starting bot processing for world 1
[2026-06-20 08:29:33] Starting bot processing for world 1
  - Bot 'bills' (ID: 16) processed in 9.7s
  - Bot 'bills' (ID: 16) processed in 8.436s
  ✓ Completed in 10.684s (Barbarians: 0.981s, Bots: 9.701s, Processed: 1 bots)
  ✓ Completed in 10.234s (Barbarians: 1.072s, Bots: 8.437s, Processed: 1 bots)
  ✗ ERROR: SQLSTATE[HY000] [1049] Unknown database 'lan_classico1'
[2026-06-20 08:30:43] [Daemon PID 25888] Starting bot processing for world 1
  - Bot 'bills' (ID: 16) processed in 4.357s
  ✓ Completed in 5.314s (Barbarians: 0.955s, Bots: 4.358s, Processed: 1 bots)
  ✗ ERROR: SQLSTATE[HY000] [1049] Unknown database 'lan_classico1'
[2026-06-20 08:31:48] [Daemon PID 25888] Starting bot processing for world 1
  - Bot 'bills' (ID: 16) processed in 7.073s
  ✓ Completed in 8.008s (Barbarians: 0.932s, Bots: 7.073s, Processed: 1 bots)
  ✗ ERROR: SQLSTATE[HY000] [1049] Unknown database 'lan_classico1'
[2026-06-20 08:32:56] [Daemon PID 25888] Starting bot processing for world 1
  - Bot 'bills' (ID: 16) processed in 8.092s
  ✓ Completed in 9.087s (Barbarians: 0.99s, Bots: 8.092s, Processed: 1 bots)
  ✗ ERROR: SQLSTATE[HY000] [1049] Unknown database 'lan_classico1'
[2026-06-20 08:34:05] [Daemon PID 25888] Starting bot processing for world 1
  - Bot 'bills' (ID: 16) processed in 7.832s
  ✓ Completed in 8.822s (Barbarians: 0.987s, Bots: 7.833s, Processed: 1 bots)
  ✗ ERROR: SQLSTATE[HY000] [1049] Unknown database 'lan_classico1'
[2026-06-20 08:35:14] [Daemon PID 25888] Starting bot processing for world 1
  - Bot 'bills' (ID: 16) processed in 8.063s
  ✓ Completed in 9.059s (Barbarians: 0.994s, Bots: 8.063s, Processed: 1 bots)
  ✗ ERROR: SQLSTATE[HY000] [1049] Unknown database 'lan_classico1'
[2026-06-20 08:36:23] [Daemon PID 25888] Starting bot processing for world 1
  - Bot 'bills' (ID: 16) processed in 7.979s
  ✓ Completed in 8.964s (Barbarians: 0.983s, Bots: 7.98s, Processed: 1 bots)
  ✗ ERROR: SQLSTATE[HY000] [1049] Unknown database 'lan_classico1'
[2026-06-20 08:37:32] [Daemon PID 25888] Starting bot processing for world 1
[2026-06-20 08:37:33] Starting bot processing for world 1
  - Bot 'bills' (ID: 16) processed in 8.538s
  - Bot 'bills' (ID: 16) processed in 9.535s
  ✓ Completed in 10.556s (Barbarians: 1.018s, Bots: 9.536s, Processed: 1 bots)
  ✓ Completed in 10.174s (Barbarians: 1.096s, Bots: 8.538s, Processed: 1 bots)
  ✗ ERROR: SQLSTATE[HY000] [1049] Unknown database 'lan_classico1'
[2026-06-20 08:38:43] [Daemon PID 25888] Starting bot processing for world 1
  - Bot 'bills' (ID: 16) processed in 4.631s
  ✓ Completed in 5.671s (Barbarians: 1.034s, Bots: 4.632s, Processed: 1 bots)
  ✗ ERROR: SQLSTATE[HY000] [1049] Unknown database 'lan_classico1'
[2026-06-20 08:39:49] [Daemon PID 25888] Starting bot processing for world 1
  - Bot 'bills' (ID: 16) processed in 7.545s
  ✓ Completed in 8.501s (Barbarians: 0.953s, Bots: 7.546s, Processed: 1 bots)
  ✗ ERROR: SQLSTATE[HY000] [1049] Unknown database 'lan_classico1'
[2026-06-20 08:40:57] [Daemon PID 25888] Starting bot processing for world 1
  - Bot 'bills' (ID: 16) processed in 8.343s
  ✓ Completed in 9.367s (Barbarians: 1.021s, Bots: 8.343s, Processed: 1 bots)
  ✗ ERROR: SQLSTATE[HY000] [1049] Unknown database 'lan_classico1'
[2026-06-20 08:42:07] [Daemon PID 25888] Starting bot processing for world 1
  - Bot 'bills' (ID: 16) processed in 7.86s
  ✓ Completed in 8.802s (Barbarians: 0.939s, Bots: 7.86s, Processed: 1 bots)
  ✗ ERROR: SQLSTATE[HY000] [1049] Unknown database 'lan_classico1'
[2026-06-20 08:43:15] [Daemon PID 25888] Starting bot processing for world 1
  - Bot 'bills' (ID: 16) processed in 7.799s
  ✓ Completed in 8.746s (Barbarians: 0.945s, Bots: 7.799s, Processed: 1 bots)
  ✗ ERROR: SQLSTATE[HY000] [1049] Unknown database 'lan_classico1'
[2026-06-20 08:44:24] [Daemon PID 25888] Starting bot processing for world 1
[2026-06-20 08:44:33] Starting bot processing for world 1
  - Bot 'bills' (ID: 16) processed in 7.953s
  ✓ Completed in 8.875s (Barbarians: 0.917s, Bots: 7.954s, Processed: 1 bots)
  ✗ ERROR: SQLSTATE[HY000] [1049] Unknown database 'lan_classico1'
  - Bot 'bills' (ID: 16) processed in 3.542s
  ✓ Completed in 5.009s (Barbarians: 0.951s, Bots: 3.542s, Processed: 1 bots)
[2026-06-20 08:45:33] [Daemon PID 25888] Starting bot processing for world 1
  - Bot 'bills' (ID: 16) processed in 7.214s
  ✓ Completed in 8.157s (Barbarians: 0.941s, Bots: 7.214s, Processed: 1 bots)
  ✗ ERROR: SQLSTATE[HY000] [1049] Unknown database 'lan_classico1'
[2026-06-20 08:46:41] [Daemon PID 25888] Starting bot processing for world 1
  - Bot 'bills' (ID: 16) processed in 7.81s
  ✓ Completed in 8.785s (Barbarians: 0.973s, Bots: 7.81s, Processed: 1 bots)
  ✗ ERROR: SQLSTATE[HY000] [1049] Unknown database 'lan_classico1'
[2026-06-20 08:47:50] [Daemon PID 25888] Starting bot processing for world 1
  - Bot 'bills' (ID: 16) processed in 7.763s
  ✓ Completed in 8.705s (Barbarians: 0.939s, Bots: 7.764s, Processed: 1 bots)
  ✗ ERROR: SQLSTATE[HY000] [1049] Unknown database 'lan_classico1'
[2026-06-20 08:48:59] [Daemon PID 25888] Starting bot processing for world 1
  - Bot 'bills' (ID: 16) processed in 7.842s
  ✓ Completed in 8.802s (Barbarians: 0.957s, Bots: 7.843s, Processed: 1 bots)
  ✗ ERROR: SQLSTATE[HY000] [1049] Unknown database 'lan_classico1'
[2026-06-20 08:50:08] [Daemon PID 25888] Starting bot processing for world 1
  - Bot 'bills' (ID: 16) processed in 7.756s
  ✓ Completed in 8.712s (Barbarians: 0.951s, Bots: 7.756s, Processed: 1 bots)
  ✗ ERROR: SQLSTATE[HY000] [1049] Unknown database 'lan_classico1'
[2026-06-20 08:51:16] [Daemon PID 25888] Starting bot processing for world 1
  - Bot 'bills' (ID: 16) processed in 7.655s
  ✓ Completed in 8.634s (Barbarians: 0.977s, Bots: 7.656s, Processed: 1 bots)
  ✗ ERROR: SQLSTATE[HY000] [1049] Unknown database 'lan_classico1'
[2026-06-20 08:52:25] [Daemon PID 25888] Starting bot processing for world 1
[2026-06-20 08:52:33] Starting bot processing for world 1
  - Bot 'bills' (ID: 16) processed in 7.73s
  ✓ Completed in 8.683s (Barbarians: 0.951s, Bots: 7.73s, Processed: 1 bots)
  ✗ ERROR: SQLSTATE[HY000] [1049] Unknown database 'lan_classico1'
  - Bot 'bills' (ID: 16) processed in 3.514s
  ✓ Completed in 5.013s (Barbarians: 0.995s, Bots: 3.515s, Processed: 1 bots)
[2026-06-20 08:53:34] [Daemon PID 25888] Starting bot processing for world 1
  - Bot 'bills' (ID: 16) processed in 7.322s
  ✓ Completed in 8.262s (Barbarians: 0.938s, Bots: 7.322s, Processed: 1 bots)
  ✗ ERROR: SQLSTATE[HY000] [1049] Unknown database 'lan_classico1'
[2026-06-20 08:54:42] [Daemon PID 25888] Starting bot processing for world 1
  - Bot 'bills' (ID: 16) processed in 7.757s
  ✓ Completed in 8.721s (Barbarians: 0.962s, Bots: 7.757s, Processed: 1 bots)
  ✗ ERROR: SQLSTATE[HY000] [1049] Unknown database 'lan_classico1'
[2026-06-20 08:55:51] [Daemon PID 25888] Starting bot processing for world 1
  - Bot 'bills' (ID: 16) processed in 7.81s
  ✓ Completed in 8.768s (Barbarians: 0.954s, Bots: 7.81s, Processed: 1 bots)
  ✗ ERROR: SQLSTATE[HY000] [1049] Unknown database 'lan_classico1'
[2026-06-20 08:56:59] [Daemon PID 25888] Starting bot processing for world 1
  - Bot 'bills' (ID: 16) processed in 7.879s
  ✓ Completed in 8.848s (Barbarians: 0.967s, Bots: 7.879s, Processed: 1 bots)
  ✗ ERROR: SQLSTATE[HY000] [1049] Unknown database 'lan_classico1'
[2026-06-20 08:58:08] [Daemon PID 25888] Starting bot processing for world 1
  - Bot 'bills' (ID: 16) processed in 7.771s
  ✓ Completed in 8.736s (Barbarians: 0.963s, Bots: 7.771s, Processed: 1 bots)
  ✗ ERROR: SQLSTATE[HY000] [1049] Unknown database 'lan_classico1'
[2026-06-20 08:59:17] [Daemon PID 25888] Starting bot processing for world 1
  - Bot 'bills' (ID: 16) processed in 7.8s
  ✓ Completed in 8.767s (Barbarians: 0.964s, Bots: 7.801s, Processed: 1 bots)
  ✗ ERROR: SQLSTATE[HY000] [1049] Unknown database 'lan_classico1'
[2026-06-20 09:00:26] [Daemon PID 25888] Starting bot processing for world 1
[2026-06-20 09:00:33] Starting bot processing for world 1
  - Bot 'bills' (ID: 16) processed in 8.101s
  ✓ Completed in 9.064s (Barbarians: 0.961s, Bots: 8.102s, Processed: 1 bots)
  ✗ ERROR: SQLSTATE[HY000] [1049] Unknown database 'lan_classico1'
  - Bot 'bills' (ID: 16) processed in 2.867s
  ✓ Completed in 3.584s (Barbarians: 0.356s, Bots: 2.867s, Processed: 1 bots)
[2026-06-20 09:01:35] [Daemon PID 25888] Starting bot processing for world 1
  - Bot 'bills' (ID: 16) processed in 7.394s
  ✓ Completed in 8.361s (Barbarians: 0.961s, Bots: 7.395s, Processed: 1 bots)
  ✗ ERROR: SQLSTATE[HY000] [1049] Unknown database 'lan_classico1'
[2026-06-20 09:02:43] [Daemon PID 25888] Starting bot processing for world 1
  - Bot 'bills' (ID: 16) processed in 7.779s
  ✓ Completed in 8.731s (Barbarians: 0.951s, Bots: 7.779s, Processed: 1 bots)
  ✗ ERROR: SQLSTATE[HY000] [1049] Unknown database 'lan_classico1'
[2026-06-20 09:03:52] [Daemon PID 25888] Starting bot processing for world 1
  - Bot 'bills' (ID: 16) processed in 7.769s
  ✓ Completed in 8.716s (Barbarians: 0.944s, Bots: 7.77s, Processed: 1 bots)
  ✗ ERROR: SQLSTATE[HY000] [1049] Unknown database 'lan_classico1'
[2026-06-20 09:05:01] [Daemon PID 25888] Starting bot processing for world 1
  - Bot 'bills' (ID: 16) processed in 7.836s
  ✓ Completed in 8.775s (Barbarians: 0.937s, Bots: 7.837s, Processed: 1 bots)
  ✗ ERROR: SQLSTATE[HY000] [1049] Unknown database 'lan_classico1'
[2026-06-20 09:06:10] [Daemon PID 25888] Starting bot processing for world 1
  - Bot 'bills' (ID: 16) processed in 7.89s
  ✓ Completed in 8.883s (Barbarians: 0.991s, Bots: 7.891s, Processed: 1 bots)
  ✗ ERROR: SQLSTATE[HY000] [1049] Unknown database 'lan_classico1'
[2026-06-20 09:07:18] [Daemon PID 25888] Starting bot processing for world 1
  - Bot 'bills' (ID: 16) processed in 7.944s
  ✓ Completed in 8.947s (Barbarians: 0.998s, Bots: 7.945s, Processed: 1 bots)
  ✗ ERROR: SQLSTATE[HY000] [1049] Unknown database 'lan_classico1'
[2026-06-20 09:08:27] [Daemon PID 25888] Starting bot processing for world 1
[2026-06-20 09:08:33] Starting bot processing for world 1
  - Bot 'bills' (ID: 16) processed in 8.263s
  ✓ Completed in 9.23s (Barbarians: 0.965s, Bots: 8.263s, Processed: 1 bots)
  ✗ ERROR: SQLSTATE[HY000] [1049] Unknown database 'lan_classico1'
  - Bot 'bills' (ID: 16) processed in 3.884s
  ✓ Completed in 5.762s (Barbarians: 1.108s, Bots: 3.885s, Processed: 1 bots)
[2026-06-20 09:09:37] [Daemon PID 25888] Starting bot processing for world 1
  - Bot 'bills' (ID: 16) processed in 7.467s
  ✓ Completed in 8.458s (Barbarians: 0.989s, Bots: 7.467s, Processed: 1 bots)
  ✗ ERROR: SQLSTATE[HY000] [1049] Unknown database 'lan_classico1'
[2026-06-20 09:10:45] [Daemon PID 25888] Starting bot processing for world 1
  - Bot 'bills' (ID: 16) processed in 7.859s
  ✓ Completed in 8.831s (Barbarians: 0.969s, Bots: 7.86s, Processed: 1 bots)
  ✗ ERROR: SQLSTATE[HY000] [1049] Unknown database 'lan_classico1'
[2026-06-20 09:11:54] [Daemon PID 25888] Starting bot processing for world 1
  - Bot 'bills' (ID: 16) processed in 7.911s
  ✓ Completed in 8.884s (Barbarians: 0.971s, Bots: 7.912s, Processed: 1 bots)
  ✗ ERROR: SQLSTATE[HY000] [1049] Unknown database 'lan_classico1'
[2026-06-20 09:13:03] [Daemon PID 25888] Starting bot processing for world 1
  - Bot 'bills' (ID: 16) processed in 7.812s
  ✓ Completed in 8.788s (Barbarians: 0.97s, Bots: 7.813s, Processed: 1 bots)
  ✗ ERROR: SQLSTATE[HY000] [1049] Unknown database 'lan_classico1'
[2026-06-20 09:14:12] [Daemon PID 25888] Starting bot processing for world 1
  - Bot 'bills' (ID: 16) processed in 7.775s
  ✓ Completed in 8.725s (Barbarians: 0.947s, Bots: 7.775s, Processed: 1 bots)
  ✗ ERROR: SQLSTATE[HY000] [1049] Unknown database 'lan_classico1'
[2026-06-20 09:15:20] [Daemon PID 25888] Starting bot processing for world 1
  - Bot 'bills' (ID: 16) processed in 7.756s
  ✓ Completed in 8.71s (Barbarians: 0.951s, Bots: 7.757s, Processed: 1 bots)
  ✗ ERROR: SQLSTATE[HY000] [1049] Unknown database 'lan_classico1'
[2026-06-20 09:16:29] [Daemon PID 25888] Starting bot processing for world 1
  - Bot 'bills' (ID: 16) processed in 7.808s
  ✓ Completed in 8.783s (Barbarians: 0.973s, Bots: 7.808s, Processed: 1 bots)
  ✗ ERROR: SQLSTATE[HY000] [1049] Unknown database 'lan_classico1'
[2026-06-20 09:17:38] [Daemon PID 25888] Starting bot processing for world 1
  - Bot 'bills' (ID: 16) processed in 7.82s
  ✓ Completed in 8.752s (Barbarians: 0.93s, Bots: 7.821s, Processed: 1 bots)
  ✗ ERROR: SQLSTATE[HY000] [1049] Unknown database 'lan_classico1'
[2026-06-20 09:18:47] [Daemon PID 25888] Starting bot processing for world 1
  - Bot 'bills' (ID: 16) processed in 7.835s
  ✓ Completed in 8.808s (Barbarians: 0.969s, Bots: 7.835s, Processed: 1 bots)
  ✗ ERROR: SQLSTATE[HY000] [1049] Unknown database 'lan_classico1'
[2026-06-20 09:19:56] [Daemon PID 25888] Starting bot processing for world 1
  - Bot 'bills' (ID: 16) processed in 7.895s
  ✓ Completed in 8.869s (Barbarians: 0.97s, Bots: 7.896s, Processed: 1 bots)
  ✗ ERROR: SQLSTATE[HY000] [1049] Unknown database 'lan_classico1'
[2026-06-20 09:21:04] [Daemon PID 25888] Starting bot processing for world 1
  - Bot 'bills' (ID: 16) processed in 7.847s
  ✓ Completed in 8.82s (Barbarians: 0.971s, Bots: 7.848s, Processed: 1 bots)
  ✗ ERROR: SQLSTATE[HY000] [1049] Unknown database 'lan_classico1'
[2026-06-20 09:22:13] [Daemon PID 25888] Starting bot processing for world 1
  - Bot 'bills' (ID: 16) processed in 7.729s
  ✓ Completed in 8.675s (Barbarians: 0.944s, Bots: 7.729s, Processed: 1 bots)
  ✗ ERROR: SQLSTATE[HY000] [1049] Unknown database 'lan_classico1'
[2026-06-20 09:23:22] [Daemon PID 25888] Starting bot processing for world 1
  - Bot 'bills' (ID: 16) processed in 7.873s
  ✓ Completed in 8.861s (Barbarians: 0.985s, Bots: 7.874s, Processed: 1 bots)
  ✗ ERROR: SQLSTATE[HY000] [1049] Unknown database 'lan_classico1'
[2026-06-20 09:24:31] [Daemon PID 25888] Starting bot processing for world 1
[2026-06-20 09:24:33] Starting bot processing for world 1
  - Bot 'bills' (ID: 16) processed in 9.052s
  - Bot 'bills' (ID: 16) processed in 6.524s
  ✓ Completed in 10.046s (Barbarians: 0.988s, Bots: 9.053s, Processed: 1 bots)
  ✓ Completed in 8.083s (Barbarians: 1.024s, Bots: 6.524s, Processed: 1 bots)
  ✗ ERROR: SQLSTATE[HY000] [1049] Unknown database 'lan_classico1'
[2026-06-20 09:25:41] [Daemon PID 25888] Starting bot processing for world 1
  - Bot 'bills' (ID: 16) processed in 5.723s
  ✓ Completed in 6.698s (Barbarians: 0.973s, Bots: 5.723s, Processed: 1 bots)
  ✗ ERROR: SQLSTATE[HY000] [1049] Unknown database 'lan_classico1'
[2026-06-20 09:26:48] [Daemon PID 25888] Starting bot processing for world 1
  - Bot 'bills' (ID: 16) processed in 7.656s
  ✓ Completed in 8.605s (Barbarians: 0.946s, Bots: 7.657s, Processed: 1 bots)
  ✗ ERROR: SQLSTATE[HY000] [1049] Unknown database 'lan_classico1'
[2026-06-20 09:27:56] [Daemon PID 25888] Starting bot processing for world 1
  - Bot 'bills' (ID: 16) processed in 7.905s
  ✓ Completed in 8.861s (Barbarians: 0.953s, Bots: 7.906s, Processed: 1 bots)
  ✗ ERROR: SQLSTATE[HY000] [1049] Unknown database 'lan_classico1'
[2026-06-20 09:29:05] [Daemon PID 25888] Starting bot processing for world 1
  - Bot 'bills' (ID: 16) processed in 7.877s
  ✓ Completed in 8.893s (Barbarians: 1.014s, Bots: 7.877s, Processed: 1 bots)
  ✗ ERROR: SQLSTATE[HY000] [1049] Unknown database 'lan_classico1'
[2026-06-20 09:30:14] [Daemon PID 25888] Starting bot processing for world 1
  - Bot 'bills' (ID: 16) processed in 7.811s
  ✓ Completed in 8.79s (Barbarians: 0.974s, Bots: 7.812s, Processed: 1 bots)
  ✗ ERROR: SQLSTATE[HY000] [1049] Unknown database 'lan_classico1'
[2026-06-20 09:31:23] [Daemon PID 25888] Starting bot processing for world 1
  - Bot 'bills' (ID: 16) processed in 7.723s
  ✓ Completed in 8.681s (Barbarians: 0.955s, Bots: 7.723s, Processed: 1 bots)
  ✗ ERROR: SQLSTATE[HY000] [1049] Unknown database 'lan_classico1'
[2026-06-20 09:32:32] [Daemon PID 25888] Starting bot processing for world 1
  - Bot 'bills' (ID: 16) processed in 7.835s
  ✓ Completed in 8.773s (Barbarians: 0.936s, Bots: 7.836s, Processed: 1 bots)
  ✗ ERROR: SQLSTATE[HY000] [1049] Unknown database 'lan_classico1'
[2026-06-20 09:33:40] [Daemon PID 25888] Starting bot processing for world 1
  - Bot 'bills' (ID: 16) processed in 7.768s
  ✓ Completed in 8.743s (Barbarians: 0.972s, Bots: 7.769s, Processed: 1 bots)
  ✗ ERROR: SQLSTATE[HY000] [1049] Unknown database 'lan_classico1'
[2026-06-20 09:34:49] [Daemon PID 25888] Starting bot processing for world 1
  - Bot 'bills' (ID: 16) processed in 7.804s
  ✓ Completed in 8.778s (Barbarians: 0.972s, Bots: 7.804s, Processed: 1 bots)
  ✗ ERROR: SQLSTATE[HY000] [1049] Unknown database 'lan_classico1'
[2026-06-20 09:35:58] [Daemon PID 25888] Starting bot processing for world 1
  - Bot 'bills' (ID: 16) processed in 7.859s
  ✓ Completed in 8.835s (Barbarians: 0.97s, Bots: 7.86s, Processed: 1 bots)
  ✗ ERROR: SQLSTATE[HY000] [1049] Unknown database 'lan_classico1'
[2026-06-20 09:37:07] [Daemon PID 25888] Starting bot processing for world 1
  - Bot 'bills' (ID: 16) processed in 7.743s
  ✓ Completed in 8.717s (Barbarians: 0.972s, Bots: 7.744s, Processed: 1 bots)
  ✗ ERROR: SQLSTATE[HY000] [1049] Unknown database 'lan_classico1'
[2026-06-20 09:38:15] [Daemon PID 25888] Starting bot processing for world 1
  - Bot 'bills' (ID: 16) processed in 7.718s
  ✓ Completed in 8.67s (Barbarians: 0.95s, Bots: 7.718s, Processed: 1 bots)
  ✗ ERROR: SQLSTATE[HY000] [1049] Unknown database 'lan_classico1'
[2026-06-20 09:39:24] [Daemon PID 25888] Starting bot processing for world 1
  - Bot 'bills' (ID: 16) processed in 7.778s
  ✓ Completed in 8.747s (Barbarians: 0.966s, Bots: 7.779s, Processed: 1 bots)
  ✗ ERROR: SQLSTATE[HY000] [1049] Unknown database 'lan_classico1'
[2026-06-20 09:40:33] Starting bot processing for world 1
[2026-06-20 09:40:33] [Daemon PID 25888] Starting bot processing for world 1
  - Bot 'bills' (ID: 16) processed in 9.504s
  - Bot 'bills' (ID: 16) processed in 9.914s
  ✓ Completed in 10.922s (Barbarians: 1.005s, Bots: 9.915s, Processed: 1 bots)
  ✓ Completed in 11.011s (Barbarians: 1.003s, Bots: 9.504s, Processed: 1 bots)
  ✗ ERROR: SQLSTATE[HY000] [1049] Unknown database 'lan_classico1'
[2026-06-20 09:41:44] [Daemon PID 25888] Starting bot processing for world 1
  - Bot 'bills' (ID: 16) processed in 3.671s
  ✓ Completed in 4.635s (Barbarians: 0.958s, Bots: 3.672s, Processed: 1 bots)
  ✗ ERROR: SQLSTATE[HY000] [1049] Unknown database 'lan_classico1'
[2026-06-20 09:42:48] [Daemon PID 25888] Starting bot processing for world 1
  - Bot 'bills' (ID: 16) processed in 7.182s
  ✓ Completed in 8.133s (Barbarians: 0.947s, Bots: 7.183s, Processed: 1 bots)
  ✗ ERROR: SQLSTATE[HY000] [1049] Unknown database 'lan_classico1'
[2026-06-20 09:43:57] [Daemon PID 25888] Starting bot processing for world 1
  - Bot 'bills' (ID: 16) processed in 7.829s
  ✓ Completed in 8.782s (Barbarians: 0.951s, Bots: 7.83s, Processed: 1 bots)
  ✗ ERROR: SQLSTATE[HY000] [1049] Unknown database 'lan_classico1'
[2026-06-20 09:45:05] [Daemon PID 25888] Starting bot processing for world 1
  - Bot 'bills' (ID: 16) processed in 7.827s
  ✓ Completed in 8.788s (Barbarians: 0.959s, Bots: 7.827s, Processed: 1 bots)
  ✗ ERROR: SQLSTATE[HY000] [1049] Unknown database 'lan_classico1'
[2026-06-20 09:46:14] [Daemon PID 25888] Starting bot processing for world 1
  - Bot 'bills' (ID: 16) processed in 7.737s
  ✓ Completed in 8.679s (Barbarians: 0.939s, Bots: 7.738s, Processed: 1 bots)
  ✗ ERROR: SQLSTATE[HY000] [1049] Unknown database 'lan_classico1'
[2026-06-20 09:47:23] [Daemon PID 25888] Starting bot processing for world 1
  - Bot 'bills' (ID: 16) processed in 7.733s
  ✓ Completed in 8.703s (Barbarians: 0.965s, Bots: 7.733s, Processed: 1 bots)
  ✗ ERROR: SQLSTATE[HY000] [1049] Unknown database 'lan_classico1'
[2026-06-20 09:48:32] [Daemon PID 25888] Starting bot processing for world 1
[2026-06-20 09:48:33] Starting bot processing for world 1
  - Bot 'bills' (ID: 16) processed in 9.226s
  - Bot 'bills' (ID: 16) processed in 7.447s
  ✓ Completed in 10.181s (Barbarians: 0.952s, Bots: 9.227s, Processed: 1 bots)
  ✓ Completed in 9.034s (Barbarians: 1.025s, Bots: 7.448s, Processed: 1 bots)
  ✗ ERROR: SQLSTATE[HY000] [1049] Unknown database 'lan_classico1'
[2026-06-20 09:49:42] [Daemon PID 25888] Starting bot processing for world 1
  - Bot 'bills' (ID: 16) processed in 4.895s
  ✓ Completed in 5.868s (Barbarians: 0.971s, Bots: 4.895s, Processed: 1 bots)
  ✗ ERROR: SQLSTATE[HY000] [1049] Unknown database 'lan_classico1'
[2026-06-20 09:50:48] [Daemon PID 25888] Starting bot processing for world 1
  - Bot 'bills' (ID: 16) processed in 7.513s
  ✓ Completed in 8.451s (Barbarians: 0.936s, Bots: 7.513s, Processed: 1 bots)
  ✗ ERROR: SQLSTATE[HY000] [1049] Unknown database 'lan_classico1'
[2026-06-20 09:51:56] [Daemon PID 25888] Starting bot processing for world 1
  - Bot 'bills' (ID: 16) processed in 7.862s
  ✓ Completed in 8.792s (Barbarians: 0.928s, Bots: 7.863s, Processed: 1 bots)
  ✗ ERROR: SQLSTATE[HY000] [1049] Unknown database 'lan_classico1'
[2026-06-20 09:53:05] [Daemon PID 25888] Starting bot processing for world 1
  - Bot 'bills' (ID: 16) processed in 7.828s
  ✓ Completed in 8.79s (Barbarians: 0.958s, Bots: 7.828s, Processed: 1 bots)
  ✗ ERROR: SQLSTATE[HY000] [1049] Unknown database 'lan_classico1'
[2026-06-20 09:54:14] [Daemon PID 25888] Starting bot processing for world 1
  - Bot 'bills' (ID: 16) processed in 7.722s
  ✓ Completed in 8.687s (Barbarians: 0.963s, Bots: 7.722s, Processed: 1 bots)
  ✗ ERROR: SQLSTATE[HY000] [1049] Unknown database 'lan_classico1'
[2026-06-20 09:55:22] [Daemon PID 25888] Starting bot processing for world 1
  - Bot 'bills' (ID: 16) processed in 7.895s
  ✓ Completed in 8.892s (Barbarians: 0.995s, Bots: 7.895s, Processed: 1 bots)
  ✗ ERROR: SQLSTATE[HY000] [1049] Unknown database 'lan_classico1'
[2026-06-20 09:56:31] [Daemon PID 25888] Starting bot processing for world 1
  - Bot 'bills' (ID: 16) processed in 7.914s
  ✓ Completed in 8.877s (Barbarians: 0.96s, Bots: 7.915s, Processed: 1 bots)
  ✗ ERROR: SQLSTATE[HY000] [1049] Unknown database 'lan_classico1'
[2026-06-20 09:57:40] [Daemon PID 25888] Starting bot processing for world 1
  - Bot 'bills' (ID: 16) processed in 7.837s
  ✓ Completed in 8.769s (Barbarians: 0.929s, Bots: 7.838s, Processed: 1 bots)
  ✗ ERROR: SQLSTATE[HY000] [1049] Unknown database 'lan_classico1'
[2026-06-20 09:58:49] [Daemon PID 25888] Starting bot processing for world 1
  - Bot 'bills' (ID: 16) processed in 7.875s
  ✓ Completed in 8.841s (Barbarians: 0.961s, Bots: 7.876s, Processed: 1 bots)
  ✗ ERROR: SQLSTATE[HY000] [1049] Unknown database 'lan_classico1'
[2026-06-20 09:59:58] [Daemon PID 25888] Starting bot processing for world 1
  - Bot 'bills' (ID: 16) processed in 7.976s
  ✓ Completed in 8.935s (Barbarians: 0.956s, Bots: 7.977s, Processed: 1 bots)
  ✗ ERROR: SQLSTATE[HY000] [1049] Unknown database 'lan_classico1'
[2026-06-20 10:01:07] [Daemon PID 25888] Starting bot processing for world 1
  - Bot 'bills' (ID: 16) processed in 7.779s
  ✓ Completed in 8.749s (Barbarians: 0.967s, Bots: 7.78s, Processed: 1 bots)
  ✗ ERROR: SQLSTATE[HY000] [1049] Unknown database 'lan_classico1'
[2026-06-20 10:02:16] [Daemon PID 25888] Starting bot processing for world 1
  - Bot 'bills' (ID: 16) processed in 7.757s
  ✓ Completed in 8.707s (Barbarians: 0.947s, Bots: 7.758s, Processed: 1 bots)
  ✗ ERROR: SQLSTATE[HY000] [1049] Unknown database 'lan_classico1'
[2026-06-20 10:03:24] [Daemon PID 25888] Starting bot processing for world 1
  - Bot 'bills' (ID: 16) processed in 7.739s
  ✓ Completed in 8.696s (Barbarians: 0.954s, Bots: 7.74s, Processed: 1 bots)
  ✗ ERROR: SQLSTATE[HY000] [1049] Unknown database 'lan_classico1'
[2026-06-20 10:04:33] Starting bot processing for world 1
[2026-06-20 10:04:33] [Daemon PID 25888] Starting bot processing for world 1
  - Bot 'bills' (ID: 16) processed in 9.121s
  - Bot 'bills' (ID: 16) processed in 9.725s
  ✓ Completed in 10.721s (Barbarians: 0.991s, Bots: 9.725s, Processed: 1 bots)
  ✓ Completed in 11.013s (Barbarians: 0.991s, Bots: 9.122s, Processed: 1 bots)
  ✗ ERROR: SQLSTATE[HY000] [1049] Unknown database 'lan_classico1'
[2026-06-20 10:05:44] [Daemon PID 25888] Starting bot processing for world 1
  - Bot 'bills' (ID: 16) processed in 3.999s
  ✓ Completed in 5.02s (Barbarians: 1.018s, Bots: 4s, Processed: 1 bots)
  ✗ ERROR: SQLSTATE[HY000] [1049] Unknown database 'lan_classico1'
[2026-06-20 10:06:49] [Daemon PID 25888] Starting bot processing for world 1
  - Bot 'bills' (ID: 16) processed in 7.371s
  ✓ Completed in 8.321s (Barbarians: 0.947s, Bots: 7.372s, Processed: 1 bots)
  ✗ ERROR: SQLSTATE[HY000] [1049] Unknown database 'lan_classico1'
[2026-06-20 10:07:57] [Daemon PID 25888] Starting bot processing for world 1
  - Bot 'bills' (ID: 16) processed in 7.967s
  ✓ Completed in 8.922s (Barbarians: 0.951s, Bots: 7.968s, Processed: 1 bots)
  ✗ ERROR: SQLSTATE[HY000] [1049] Unknown database 'lan_classico1'
[2026-06-20 10:09:06] [Daemon PID 25888] Starting bot processing for world 1
  - Bot 'bills' (ID: 16) processed in 7.916s
  ✓ Completed in 8.856s (Barbarians: 0.937s, Bots: 7.917s, Processed: 1 bots)
  ✗ ERROR: SQLSTATE[HY000] [1049] Unknown database 'lan_classico1'
[2026-06-20 10:10:15] [Daemon PID 25888] Starting bot processing for world 1
  - Bot 'bills' (ID: 16) processed in 7.882s
  ✓ Completed in 8.83s (Barbarians: 0.942s, Bots: 7.883s, Processed: 1 bots)
  ✗ ERROR: SQLSTATE[HY000] [1049] Unknown database 'lan_classico1'
[2026-06-20 10:11:24] [Daemon PID 25888] Starting bot processing for world 1
  - Bot 'bills' (ID: 16) processed in 7.918s
  ✓ Completed in 8.917s (Barbarians: 0.996s, Bots: 7.919s, Processed: 1 bots)
  ✗ ERROR: SQLSTATE[HY000] [1049] Unknown database 'lan_classico1'
[2026-06-20 10:12:33] [Daemon PID 25888] Starting bot processing for world 1
[2026-06-20 10:12:33] Starting bot processing for world 1
  - Bot 'bills' (ID: 16) processed in 8.762s
  - Bot 'bills' (ID: 16) processed in 9.54s
  ✓ Completed in 10.553s (Barbarians: 1.01s, Bots: 9.54s, Processed: 1 bots)
  ✓ Completed in 10.508s (Barbarians: 1.051s, Bots: 8.763s, Processed: 1 bots)
  ✗ ERROR: SQLSTATE[HY000] [1049] Unknown database 'lan_classico1'
[2026-06-20 10:13:43] [Daemon PID 25888] Starting bot processing for world 1
  - Bot 'bills' (ID: 16) processed in 4.055s
  ✓ Completed in 5.002s (Barbarians: 0.946s, Bots: 4.055s, Processed: 1 bots)
  ✗ ERROR: SQLSTATE[HY000] [1049] Unknown database 'lan_classico1'
[2026-06-20 10:14:48] [Daemon PID 25888] Starting bot processing for world 1
  - Bot 'bills' (ID: 16) processed in 7.476s
  ✓ Completed in 8.465s (Barbarians: 0.986s, Bots: 7.477s, Processed: 1 bots)
  ✗ ERROR: SQLSTATE[HY000] [1049] Unknown database 'lan_classico1'
[2026-06-20 10:15:57] [Daemon PID 25888] Starting bot processing for world 1
  - Bot 'bills' (ID: 16) processed in 7.895s
  ✓ Completed in 8.865s (Barbarians: 0.965s, Bots: 7.896s, Processed: 1 bots)
  ✗ ERROR: SQLSTATE[HY000] [1049] Unknown database 'lan_classico1'
[2026-06-20 10:17:33] Starting bot processing for world 1
  - Bot 'bills' (ID: 16) processed in 10.214s
  ✓ Completed in 11.624s (Barbarians: 0.925s, Bots: 10.214s, Processed: 1 bots)
[2026-06-20 10:19:33] Starting bot processing for world 1
  - Bot 'bills' (ID: 16) processed in 11.366s
  ✓ Completed in 13.09s (Barbarians: 0.957s, Bots: 11.367s, Processed: 1 bots)
[2026-06-20 10:21:33] Starting bot processing for world 1
  - Bot 'bills' (ID: 16) processed in 11.335s
  ✓ Completed in 12.757s (Barbarians: 0.958s, Bots: 11.336s, Processed: 1 bots)
[2026-06-20 10:23:33] Starting bot processing for world 1
  - Bot 'bills' (ID: 16) processed in 11.174s
  ✓ Completed in 12.795s (Barbarians: 0.968s, Bots: 11.174s, Processed: 1 bots)
[2026-06-20 10:25:33] Starting bot processing for world 1
  - Bot 'bills' (ID: 16) processed in 11.146s
  ✓ Completed in 12.969s (Barbarians: 0.981s, Bots: 11.146s, Processed: 1 bots)
[2026-06-20 10:27:33] Starting bot processing for world 1
  - Bot 'bills' (ID: 16) processed in 11.188s
  ✓ Completed in 12.542s (Barbarians: 0.937s, Bots: 11.189s, Processed: 1 bots)
[2026-06-20 10:30:33] Starting bot processing for world 1
  - Bot 'bills' (ID: 16) processed in 11.404s
  ✓ Completed in 13.146s (Barbarians: 0.979s, Bots: 11.404s, Processed: 1 bots)
[2026-06-20 10:32:33] Starting bot processing for world 1
  - Bot 'bills' (ID: 16) processed in 11.114s
  ✓ Completed in 12.547s (Barbarians: 0.971s, Bots: 11.115s, Processed: 1 bots)
[2026-06-20 10:35:33] Starting bot processing for world 1
  - Bot 'bills' (ID: 16) processed in 11.852s
  ✓ Completed in 12.445s (Barbarians: 0.265s, Bots: 11.852s, Processed: 1 bots)
[2026-06-20 10:37:33] Starting bot processing for world 1
  - Bot 'bills' (ID: 16) processed in 11.134s
  ✓ Completed in 13.028s (Barbarians: 0.978s, Bots: 11.135s, Processed: 1 bots)
[2026-06-20 10:39:33] Starting bot processing for world 1
  - Bot 'bills' (ID: 16) processed in 11.33s
  ✓ Completed in 12.745s (Barbarians: 0.932s, Bots: 11.331s, Processed: 1 bots)
[2026-06-20 10:41:33] Starting bot processing for world 1
  - Bot 'bills' (ID: 16) processed in 11.123s
  ✓ Completed in 12.48s (Barbarians: 0.954s, Bots: 11.123s, Processed: 1 bots)
[2026-06-20 10:44:33] Starting bot processing for world 1
  - Bot 'bills' (ID: 16) processed in 11.241s
  ✓ Completed in 12.673s (Barbarians: 0.926s, Bots: 11.242s, Processed: 1 bots)
[2026-06-20 10:46:33] Starting bot processing for world 1
  - Bot 'bills' (ID: 16) processed in 11.111s
  ✓ Completed in 12.618s (Barbarians: 0.991s, Bots: 11.111s, Processed: 1 bots)
[2026-06-20 10:48:33] Starting bot processing for world 1
  - Bot 'bills' (ID: 16) processed in 11.139s
  ✓ Completed in 12.738s (Barbarians: 0.94s, Bots: 11.14s, Processed: 1 bots)
[2026-06-20 10:50:33] Starting bot processing for world 1
  - Bot 'bills' (ID: 16) processed in 11.116s
  ✓ Completed in 12.572s (Barbarians: 1s, Bots: 11.116s, Processed: 1 bots)
[2026-06-20 10:52:33] Starting bot processing for world 1
  - Bot 'bills' (ID: 16) processed in 11.039s
  ✓ Completed in 12.76s (Barbarians: 1.001s, Bots: 11.04s, Processed: 1 bots)
[2026-06-20 10:55:33] Starting bot processing for world 1
  - Bot 'bills' (ID: 16) processed in 11.292s
  ✓ Completed in 12.745s (Barbarians: 0.93s, Bots: 11.293s, Processed: 1 bots)
[2026-06-20 10:57:33] Starting bot processing for world 1
  - Bot 'bills' (ID: 16) processed in 11.633s
  ✓ Completed in 12.227s (Barbarians: 0.263s, Bots: 11.633s, Processed: 1 bots)
[2026-06-20 10:59:33] Starting bot processing for world 1
  - Bot 'bills' (ID: 16) processed in 11.139s
  ✓ Completed in 13.166s (Barbarians: 0.958s, Bots: 11.14s, Processed: 1 bots)
[2026-06-20 11:02:33] Starting bot processing for world 1
  - Bot 'bills' (ID: 16) processed in 11.149s
  ✓ Completed in 12.694s (Barbarians: 0.993s, Bots: 11.149s, Processed: 1 bots)
[2026-06-20 11:05:33] Starting bot processing for world 1
  - Bot 'bills' (ID: 16) processed in 11.348s
  ✓ Completed in 12.772s (Barbarians: 0.95s, Bots: 11.348s, Processed: 1 bots)
[2026-06-20 11:08:33] Starting bot processing for world 1
  - Bot 'bills' (ID: 16) processed in 11.252s
  ✓ Completed in 12.918s (Barbarians: 0.951s, Bots: 11.253s, Processed: 1 bots)
[2026-06-20 11:11:33] Starting bot processing for world 1
  - Bot 'bills' (ID: 16) processed in 11.183s
  ✓ Completed in 12.622s (Barbarians: 0.935s, Bots: 11.184s, Processed: 1 bots)
[2026-06-20 11:13:33] Starting bot processing for world 1
  - Bot 'bills' (ID: 16) processed in 11.028s
  ✓ Completed in 12.478s (Barbarians: 0.922s, Bots: 11.029s, Processed: 1 bots)
[2026-06-20 11:16:33] Starting bot processing for world 1
  - Bot 'bills' (ID: 16) processed in 11.23s
  ✓ Completed in 12.737s (Barbarians: 0.959s, Bots: 11.231s, Processed: 1 bots)
[2026-06-20 11:19:33] Starting bot processing for world 1
  - Bot 'bills' (ID: 16) processed in 11.254s
  ✓ Completed in 12.726s (Barbarians: 0.962s, Bots: 11.255s, Processed: 1 bots)
[2026-06-20 11:21:33] Starting bot processing for world 1
  - Bot 'bills' (ID: 16) processed in 11.14s
  ✓ Completed in 12.659s (Barbarians: 0.948s, Bots: 11.141s, Processed: 1 bots)
[2026-06-20 11:23:33] Starting bot processing for world 1
  - Bot 'bills' (ID: 16) processed in 11.474s
  ✓ Completed in 12.058s (Barbarians: 0.271s, Bots: 11.475s, Processed: 1 bots)
[2026-06-20 11:26:33] Starting bot processing for world 1
  - Bot 'bills' (ID: 16) processed in 11.268s
  ✓ Completed in 13.311s (Barbarians: 0.964s, Bots: 11.269s, Processed: 1 bots)
[2026-06-20 11:28:33] Starting bot processing for world 1
  - Bot 'bills' (ID: 16) processed in 11.149s
  ✓ Completed in 12.557s (Barbarians: 0.941s, Bots: 11.15s, Processed: 1 bots)
[2026-06-20 11:30:33] Starting bot processing for world 1
  - Bot 'bills' (ID: 16) processed in 10.923s
  ✓ Completed in 12.511s (Barbarians: 0.966s, Bots: 10.924s, Processed: 1 bots)
[2026-06-20 11:32:33] Starting bot processing for world 1
  - Bot 'bills' (ID: 16) processed in 11.034s
  ✓ Completed in 12.388s (Barbarians: 0.963s, Bots: 11.035s, Processed: 1 bots)
[2026-06-20 11:34:33] Starting bot processing for world 1
  - Bot 'bills' (ID: 16) processed in 11.543s
  ✓ Completed in 12.136s (Barbarians: 0.261s, Bots: 11.544s, Processed: 1 bots)
[2026-06-20 11:36:33] Starting bot processing for world 1
  - Bot 'bills' (ID: 16) processed in 10.952s
  ✓ Completed in 12.693s (Barbarians: 0.987s, Bots: 10.953s, Processed: 1 bots)
[2026-06-20 11:38:33] Starting bot processing for world 1
  - Bot 'bills' (ID: 16) processed in 11.099s
  ✓ Completed in 12.458s (Barbarians: 0.937s, Bots: 11.099s, Processed: 1 bots)
[2026-06-20 11:40:33] Starting bot processing for world 1
  - Bot 'bills' (ID: 16) processed in 10.887s
  ✓ Completed in 12.475s (Barbarians: 0.971s, Bots: 10.887s, Processed: 1 bots)
[2026-06-20 11:42:04] [Daemon PID 32496] Starting bot processing for world 1
  - Bot 'bills' (ID: 16) processed in 9.511s
  ✓ Completed in 12.503s (Barbarians: 1.009s, Bots: 9.511s, Processed: 1 bots)
  ✗ ERROR: SQLSTATE[HY000] [1049] Unknown database 'lan_classico1'
[2026-06-20 11:43:17] [Daemon PID 32496] Starting bot processing for world 1
  - Bot 'bills' (ID: 16) processed in 7.815s
  ✓ Completed in 8.714s (Barbarians: 0.896s, Bots: 7.816s, Processed: 1 bots)
  ✗ ERROR: SQLSTATE[HY000] [1049] Unknown database 'lan_classico1'
[2026-06-20 11:44:26] [Daemon PID 32496] Starting bot processing for world 1
  - Bot 'bills' (ID: 16) processed in 7.708s
  ✓ Completed in 8.618s (Barbarians: 0.908s, Bots: 7.709s, Processed: 1 bots)
  ✗ ERROR: SQLSTATE[HY000] [1049] Unknown database 'lan_classico1'
[2026-06-20 11:45:34] [Daemon PID 32496] Starting bot processing for world 1
  - Bot 'bills' (ID: 16) processed in 7.729s
  ✓ Completed in 8.652s (Barbarians: 0.921s, Bots: 7.729s, Processed: 1 bots)
  ✗ ERROR: SQLSTATE[HY000] [1049] Unknown database 'lan_classico1'
[2026-06-20 11:46:43] [Daemon PID 32496] Starting bot processing for world 1
  - Bot 'bills' (ID: 16) processed in 7.608s
  ✓ Completed in 8.544s (Barbarians: 0.93s, Bots: 7.608s, Processed: 1 bots)
  ✗ ERROR: SQLSTATE[HY000] [1049] Unknown database 'lan_classico1'
[2026-06-20 11:47:52] [Daemon PID 32496] Starting bot processing for world 1
  - Bot 'bills' (ID: 16) processed in 7.509s
  ✓ Completed in 8.4s (Barbarians: 0.889s, Bots: 7.51s, Processed: 1 bots)
  ✗ ERROR: SQLSTATE[HY000] [1049] Unknown database 'lan_classico1'
[2026-06-20 11:49:00] [Daemon PID 32496] Starting bot processing for world 1
  - Bot 'bills' (ID: 16) processed in 7.627s
  ✓ Completed in 8.547s (Barbarians: 0.917s, Bots: 7.628s, Processed: 1 bots)
  ✗ ERROR: SQLSTATE[HY000] [1049] Unknown database 'lan_classico1'
[2026-06-20 11:50:09] [Daemon PID 32496] Starting bot processing for world 1
  - Bot 'bills' (ID: 16) processed in 7.614s
  ✓ Completed in 8.535s (Barbarians: 0.919s, Bots: 7.615s, Processed: 1 bots)
  ✗ ERROR: SQLSTATE[HY000] [1049] Unknown database 'lan_classico1'
[2026-06-20 11:51:17] [Daemon PID 32496] Starting bot processing for world 1
  - Bot 'bills' (ID: 16) processed in 7.513s
  ✓ Completed in 8.427s (Barbarians: 0.912s, Bots: 7.513s, Processed: 1 bots)
  ✗ ERROR: SQLSTATE[HY000] [1049] Unknown database 'lan_classico1'
[2026-06-20 11:52:26] [Daemon PID 32496] Starting bot processing for world 1
  - Bot 'bills' (ID: 16) processed in 7.7s
  ✓ Completed in 8.68s (Barbarians: 0.974s, Bots: 7.701s, Processed: 1 bots)
  ✗ ERROR: SQLSTATE[HY000] [1049] Unknown database 'lan_classico1'
[2026-06-20 11:53:34] [Daemon PID 32496] Starting bot processing for world 1
[2026-06-20 11:53:35] Starting bot processing for world 1
  - Bot 'bills' (ID: 16) processed in 11.36s
  ✓ Completed in 12.863s (Barbarians: 1.496s, Bots: 11.361s, Processed: 1 bots)
  - Bot 'bills' (ID: 16) processed in 9.771s
  ✓ Completed in 11.855s (Barbarians: 1.205s, Bots: 9.772s, Processed: 1 bots)
  ✗ ERROR: SQLSTATE[HY000] [1049] Unknown database 'lan_classico1'
[2026-06-20 11:54:47] [Daemon PID 32496] Starting bot processing for world 1
  - Bot 'bills' (ID: 16) processed in 5.754s
  ✓ Completed in 6.995s (Barbarians: 1.239s, Bots: 5.755s, Processed: 1 bots)
  ✗ ERROR: SQLSTATE[HY000] [1049] Unknown database 'lan_classico1'
[2026-06-20 11:55:54] [Daemon PID 32496] Starting bot processing for world 1
  - Bot 'bills' (ID: 16) processed in 9.498s
  ✓ Completed in 10.876s (Barbarians: 1.374s, Bots: 9.499s, Processed: 1 bots)
  ✗ ERROR: SQLSTATE[HY000] [1049] Unknown database 'lan_classico1'
[2026-06-20 11:57:05] [Daemon PID 32496] Starting bot processing for world 1
  - Bot 'bills' (ID: 16) processed in 10.237s
  ✓ Completed in 11.499s (Barbarians: 1.258s, Bots: 10.237s, Processed: 1 bots)
  ✗ ERROR: SQLSTATE[HY000] [1049] Unknown database 'lan_classico1'
[2026-06-20 11:58:17] [Daemon PID 32496] Starting bot processing for world 1
  - Bot 'bills' (ID: 16) processed in 8.854s
  ✓ Completed in 9.992s (Barbarians: 1.13s, Bots: 8.855s, Processed: 1 bots)
  ✗ ERROR: SQLSTATE[HY000] [1049] Unknown database 'lan_classico1'
[2026-06-20 11:59:27] [Daemon PID 32496] Starting bot processing for world 1
  - Bot 'bills' (ID: 16) processed in 12.078s
  ✓ Completed in 13.284s (Barbarians: 1.204s, Bots: 12.079s, Processed: 1 bots)
  ✗ ERROR: SQLSTATE[HY000] [1049] Unknown database 'lan_classico1'
[2026-06-20 12:00:40] [Daemon PID 32496] Starting bot processing for world 1
  - Bot 'bills' (ID: 16) processed in 9.826s
  ✓ Completed in 10.823s (Barbarians: 0.995s, Bots: 9.827s, Processed: 1 bots)
  ✗ ERROR: SQLSTATE[HY000] [1049] Unknown database 'lan_classico1'
[2026-06-20 12:01:51] [Daemon PID 32496] Starting bot processing for world 1
  - Bot 'bills' (ID: 16) processed in 8.135s
  ✓ Completed in 9.245s (Barbarians: 1.107s, Bots: 8.136s, Processed: 1 bots)
  ✗ ERROR: SQLSTATE[HY000] [1049] Unknown database 'lan_classico1'
[2026-06-20 12:03:00] [Daemon PID 32496] Starting bot processing for world 1
  - Bot 'bills' (ID: 16) processed in 8.283s
  ✓ Completed in 9.264s (Barbarians: 0.979s, Bots: 8.283s, Processed: 1 bots)
  ✗ ERROR: SQLSTATE[HY000] [1049] Unknown database 'lan_classico1'
[2026-06-20 12:04:09] [Daemon PID 32496] Starting bot processing for world 1
  - Bot 'bills' (ID: 16) processed in 11.807s
  ✓ Completed in 12.939s (Barbarians: 1.126s, Bots: 11.808s, Processed: 1 bots)
  ✗ ERROR: SQLSTATE[HY000] [1049] Unknown database 'lan_classico1'
[2026-06-20 12:05:22] [Daemon PID 32496] Starting bot processing for world 1
  - Bot 'bills' (ID: 16) processed in 7.906s
  ✓ Completed in 8.822s (Barbarians: 0.914s, Bots: 7.906s, Processed: 1 bots)
  ✗ ERROR: SQLSTATE[HY000] [1049] Unknown database 'lan_classico1'
[2026-06-20 12:06:31] [Daemon PID 32496] Starting bot processing for world 1
  - Bot 'bills' (ID: 16) processed in 9.123s
  ✓ Completed in 10.155s (Barbarians: 1.03s, Bots: 9.123s, Processed: 1 bots)
  ✗ ERROR: SQLSTATE[HY000] [1049] Unknown database 'lan_classico1'
[2026-06-20 12:07:41] [Daemon PID 32496] Starting bot processing for world 1
  - Bot 'bills' (ID: 16) processed in 7.729s
  ✓ Completed in 8.632s (Barbarians: 0.901s, Bots: 7.73s, Processed: 1 bots)
  ✗ ERROR: SQLSTATE[HY000] [1049] Unknown database 'lan_classico1'
[2026-06-20 12:08:50] [Daemon PID 32496] Starting bot processing for world 1
  - Bot 'bills' (ID: 16) processed in 7.418s
  ✓ Completed in 8.346s (Barbarians: 0.926s, Bots: 7.418s, Processed: 1 bots)
  ✗ ERROR: SQLSTATE[HY000] [1049] Unknown database 'lan_classico1'
[2026-06-20 12:09:58] [Daemon PID 32496] Starting bot processing for world 1
  - Bot 'bills' (ID: 16) processed in 8.37s
  ✓ Completed in 9.436s (Barbarians: 1.061s, Bots: 8.37s, Processed: 1 bots)
  ✗ ERROR: SQLSTATE[HY000] [1049] Unknown database 'lan_classico1'
[2026-06-20 12:11:08] [Daemon PID 32496] Starting bot processing for world 1
  - Bot 'bills' (ID: 16) processed in 7.647s
  ✓ Completed in 8.591s (Barbarians: 0.941s, Bots: 7.648s, Processed: 1 bots)
  ✗ ERROR: SQLSTATE[HY000] [1049] Unknown database 'lan_classico1'
[2026-06-20 12:12:16] [Daemon PID 32496] Starting bot processing for world 1
  - Bot 'bills' (ID: 16) processed in 7.744s
  ✓ Completed in 8.938s (Barbarians: 1.191s, Bots: 7.744s, Processed: 1 bots)
  ✗ ERROR: SQLSTATE[HY000] [1049] Unknown database 'lan_classico1'
[2026-06-20 12:13:25] [Daemon PID 32496] Starting bot processing for world 1
  - Bot 'bills' (ID: 16) processed in 8.912s
  ✓ Completed in 9.787s (Barbarians: 0.873s, Bots: 8.912s, Processed: 1 bots)
  ✗ ERROR: SQLSTATE[HY000] [1049] Unknown database 'lan_classico1'
[2026-06-20 12:14:35] [Daemon PID 32496] Starting bot processing for world 1
  - Bot 'bills' (ID: 16) processed in 7.923s
  ✓ Completed in 8.834s (Barbarians: 0.909s, Bots: 7.923s, Processed: 1 bots)
  ✗ ERROR: SQLSTATE[HY000] [1049] Unknown database 'lan_classico1'
[2026-06-20 12:15:44] [Daemon PID 32496] Starting bot processing for world 1
  - Bot 'bills' (ID: 16) processed in 8.048s
  ✓ Completed in 9.018s (Barbarians: 0.941s, Bots: 8.049s, Processed: 1 bots)
  ✗ ERROR: SQLSTATE[HY000] [1049] Unknown database 'lan_classico1'
[2026-06-20 12:16:53] [Daemon PID 32496] Starting bot processing for world 1
  - Bot 'bills' (ID: 16) processed in 7.748s
  ✓ Completed in 8.703s (Barbarians: 0.953s, Bots: 7.748s, Processed: 1 bots)
  ✗ ERROR: SQLSTATE[HY000] [1049] Unknown database 'lan_classico1'
[2026-06-20 12:18:02] [Daemon PID 32496] Starting bot processing for world 1
  - Bot 'bills' (ID: 16) processed in 7.516s
  ✓ Completed in 8.518s (Barbarians: 0.999s, Bots: 7.516s, Processed: 1 bots)
  ✗ ERROR: SQLSTATE[HY000] [1049] Unknown database 'lan_classico1'
[2026-06-20 12:19:10] [Daemon PID 32496] Starting bot processing for world 1
  - Bot 'bills' (ID: 16) processed in 7.326s
  ✓ Completed in 8.233s (Barbarians: 0.905s, Bots: 7.327s, Processed: 1 bots)
  ✗ ERROR: SQLSTATE[HY000] [1049] Unknown database 'lan_classico1'
[2026-06-20 12:20:18] [Daemon PID 32496] Starting bot processing for world 1
  - Bot 'bills' (ID: 16) processed in 7.688s
  ✓ Completed in 8.607s (Barbarians: 0.916s, Bots: 7.689s, Processed: 1 bots)
  ✗ ERROR: SQLSTATE[HY000] [1049] Unknown database 'lan_classico1'
[2026-06-20 12:21:27] [Daemon PID 32496] Starting bot processing for world 1
  - Bot 'bills' (ID: 16) processed in 7.474s
  ✓ Completed in 8.389s (Barbarians: 0.909s, Bots: 7.475s, Processed: 1 bots)
  ✗ ERROR: SQLSTATE[HY000] [1049] Unknown database 'lan_classico1'
[2026-06-20 12:22:36] [Daemon PID 32496] Starting bot processing for world 1
  - Bot 'bills' (ID: 16) processed in 7.569s
  ✓ Completed in 8.471s (Barbarians: 0.9s, Bots: 7.57s, Processed: 1 bots)
  ✗ ERROR: SQLSTATE[HY000] [1049] Unknown database 'lan_classico1'
[2026-06-20 12:23:44] [Daemon PID 32496] Starting bot processing for world 1
[2026-06-20 12:23:44] Starting bot processing for world 1
  - Bot 'bills' (ID: 16) processed in 8.713s
  - Bot 'bills' (ID: 16) processed in 9.365s
  ✓ Completed in 10.435s (Barbarians: 1.066s, Bots: 9.366s, Processed: 1 bots)
  ✓ Completed in 10.386s (Barbarians: 1.009s, Bots: 8.714s, Processed: 1 bots)
  ✗ ERROR: SQLSTATE[HY000] [1049] Unknown database 'lan_classico1'
[2026-06-20 12:24:54] [Daemon PID 32496] Starting bot processing for world 1
  - Bot 'bills' (ID: 16) processed in 4.036s
  ✓ Completed in 4.965s (Barbarians: 0.927s, Bots: 4.036s, Processed: 1 bots)
  ✗ ERROR: SQLSTATE[HY000] [1049] Unknown database 'lan_classico1'
[2026-06-20 12:25:59] [Daemon PID 32496] Starting bot processing for world 1
  - Bot 'bills' (ID: 16) processed in 7.745s
  ✓ Completed in 8.713s (Barbarians: 0.966s, Bots: 7.746s, Processed: 1 bots)
  ✗ ERROR: SQLSTATE[HY000] [1049] Unknown database 'lan_classico1'
[2026-06-20 12:27:08] [Daemon PID 32496] Starting bot processing for world 1
  - Bot 'bills' (ID: 16) processed in 7.597s
  ✓ Completed in 8.531s (Barbarians: 0.928s, Bots: 7.597s, Processed: 1 bots)
  ✗ ERROR: SQLSTATE[HY000] [1049] Unknown database 'lan_classico1'
[2026-06-20 12:28:17] [Daemon PID 32496] Starting bot processing for world 1
  - Bot 'bills' (ID: 16) processed in 8.895s
  ✓ Completed in 9.817s (Barbarians: 0.92s, Bots: 8.896s, Processed: 1 bots)
  ✗ ERROR: SQLSTATE[HY000] [1049] Unknown database 'lan_classico1'
[2026-06-20 12:29:26] [Daemon PID 32496] Starting bot processing for world 1
  - Bot 'bills' (ID: 16) processed in 7.704s
  ✓ Completed in 8.652s (Barbarians: 0.946s, Bots: 7.704s, Processed: 1 bots)
  ✗ ERROR: SQLSTATE[HY000] [1049] Unknown database 'lan_classico1'
[2026-06-20 12:30:35] [Daemon PID 32496] Starting bot processing for world 1
  - Bot 'bills' (ID: 16) processed in 8.401s
  ✓ Completed in 9.539s (Barbarians: 1.135s, Bots: 8.402s, Processed: 1 bots)
  ✗ ERROR: SQLSTATE[HY000] [1049] Unknown database 'lan_classico1'
[2026-06-20 12:31:45] [Daemon PID 32496] Starting bot processing for world 1
  - Bot 'bills' (ID: 16) processed in 7.698s
  ✓ Completed in 8.625s (Barbarians: 0.924s, Bots: 7.699s, Processed: 1 bots)
  ✗ ERROR: SQLSTATE[HY000] [1049] Unknown database 'lan_classico1'
[2026-06-20 12:32:53] [Daemon PID 32496] Starting bot processing for world 1
  - Bot 'bills' (ID: 16) processed in 7.572s
  ✓ Completed in 8.477s (Barbarians: 0.9s, Bots: 7.573s, Processed: 1 bots)
  ✗ ERROR: SQLSTATE[HY000] [1049] Unknown database 'lan_classico1'
[2026-06-20 12:34:02] [Daemon PID 32496] Starting bot processing for world 1
  - Bot 'bills' (ID: 16) processed in 7.826s
  ✓ Completed in 8.83s (Barbarians: 1.001s, Bots: 7.827s, Processed: 1 bots)
  ✗ ERROR: SQLSTATE[HY000] [1049] Unknown database 'lan_classico1'
[2026-06-20 12:35:11] [Daemon PID 32496] Starting bot processing for world 1
  - Bot 'bills' (ID: 16) processed in 7.566s
  ✓ Completed in 8.482s (Barbarians: 0.913s, Bots: 7.567s, Processed: 1 bots)
  ✗ ERROR: SQLSTATE[HY000] [1049] Unknown database 'lan_classico1'
[2026-06-20 12:36:19] [Daemon PID 32496] Starting bot processing for world 1
  - Bot 'bills' (ID: 16) processed in 7.468s
  ✓ Completed in 8.382s (Barbarians: 0.912s, Bots: 7.468s, Processed: 1 bots)
  ✗ ERROR: SQLSTATE[HY000] [1049] Unknown database 'lan_classico1'
[2026-06-20 12:37:28] [Daemon PID 32496] Starting bot processing for world 1
  - Bot 'bills' (ID: 16) processed in 7.52s
  ✓ Completed in 8.434s (Barbarians: 0.911s, Bots: 7.52s, Processed: 1 bots)
  ✗ ERROR: SQLSTATE[HY000] [1049] Unknown database 'lan_classico1'
[2026-06-20 12:38:36] [Daemon PID 32496] Starting bot processing for world 1
  - Bot 'bills' (ID: 16) processed in 7.672s
  ✓ Completed in 8.593s (Barbarians: 0.916s, Bots: 7.673s, Processed: 1 bots)
  ✗ ERROR: SQLSTATE[HY000] [1049] Unknown database 'lan_classico1'
[2026-06-20 12:39:45] [Daemon PID 32496] Starting bot processing for world 1
  - Bot 'bills' (ID: 16) processed in 7.76s
  ✓ Completed in 8.702s (Barbarians: 0.938s, Bots: 7.761s, Processed: 1 bots)
  ✗ ERROR: SQLSTATE[HY000] [1049] Unknown database 'lan_classico1'
[2026-06-20 12:40:53] [Daemon PID 32496] Starting bot processing for world 1
  - Bot 'bills' (ID: 16) processed in 7.682s
  ✓ Completed in 8.626s (Barbarians: 0.941s, Bots: 7.683s, Processed: 1 bots)
  ✗ ERROR: SQLSTATE[HY000] [1049] Unknown database 'lan_classico1'
[2026-06-20 12:42:02] [Daemon PID 32496] Starting bot processing for world 1
[2026-06-20 12:42:03] Starting bot processing for world 1
  - Bot 'bills' (ID: 16) processed in 6.706s
  - Bot 'bills' (ID: 16) processed in 9.107s
  ✓ Completed in 10.047s (Barbarians: 0.937s, Bots: 9.107s, Processed: 1 bots)
  ✓ Completed in 8.571s (Barbarians: 1.061s, Bots: 6.707s, Processed: 1 bots)
  ✗ ERROR: SQLSTATE[HY000] [1049] Unknown database 'lan_classico1'
[2026-06-20 12:43:12] [Daemon PID 32496] Starting bot processing for world 1
  - Bot 'bills' (ID: 16) processed in 5.346s
  ✓ Completed in 6.237s (Barbarians: 0.889s, Bots: 5.346s, Processed: 1 bots)
  ✗ ERROR: SQLSTATE[HY000] [1049] Unknown database 'lan_classico1'
[2026-06-20 12:44:18] [Daemon PID 32496] Starting bot processing for world 1
  - Bot 'bills' (ID: 16) processed in 7.114s
  ✓ Completed in 8.023s (Barbarians: 0.903s, Bots: 7.115s, Processed: 1 bots)
  ✗ ERROR: SQLSTATE[HY000] [1049] Unknown database 'lan_classico1'
[2026-06-20 12:45:26] [Daemon PID 32496] Starting bot processing for world 1
  - Bot 'bills' (ID: 16) processed in 7.52s
  ✓ Completed in 8.433s (Barbarians: 0.911s, Bots: 7.52s, Processed: 1 bots)
  ✗ ERROR: SQLSTATE[HY000] [1049] Unknown database 'lan_classico1'
[2026-06-20 12:46:35] [Daemon PID 32496] Starting bot processing for world 1
  - Bot 'bills' (ID: 16) processed in 7.574s
  ✓ Completed in 8.47s (Barbarians: 0.894s, Bots: 7.574s, Processed: 1 bots)
  ✗ ERROR: SQLSTATE[HY000] [1049] Unknown database 'lan_classico1'
[2026-06-20 12:47:43] [Daemon PID 32496] Starting bot processing for world 1
  - Bot 'bills' (ID: 16) processed in 7.526s
  ✓ Completed in 8.43s (Barbarians: 0.902s, Bots: 7.526s, Processed: 1 bots)
  ✗ ERROR: SQLSTATE[HY000] [1049] Unknown database 'lan_classico1'
[2026-06-20 12:48:52] [Daemon PID 32496] Starting bot processing for world 1
  - Bot 'bills' (ID: 16) processed in 7.606s
  ✓ Completed in 8.498s (Barbarians: 0.889s, Bots: 7.607s, Processed: 1 bots)
  ✗ ERROR: SQLSTATE[HY000] [1049] Unknown database 'lan_classico1'
[2026-06-20 12:50:00] [Daemon PID 32496] Starting bot processing for world 1
  - Bot 'bills' (ID: 16) processed in 7.611s
  ✓ Completed in 8.543s (Barbarians: 0.927s, Bots: 7.612s, Processed: 1 bots)
  ✗ ERROR: SQLSTATE[HY000] [1049] Unknown database 'lan_classico1'
[2026-06-20 12:51:09] [Daemon PID 32496] Starting bot processing for world 1
  - Bot 'bills' (ID: 16) processed in 7.513s
  ✓ Completed in 8.44s (Barbarians: 0.925s, Bots: 7.513s, Processed: 1 bots)
  ✗ ERROR: SQLSTATE[HY000] [1049] Unknown database 'lan_classico1'
[2026-06-20 12:52:17] [Daemon PID 32496] Starting bot processing for world 1
  - Bot 'bills' (ID: 16) processed in 7.463s
  ✓ Completed in 8.368s (Barbarians: 0.903s, Bots: 7.463s, Processed: 1 bots)
  ✗ ERROR: SQLSTATE[HY000] [1049] Unknown database 'lan_classico1'
[2026-06-20 12:53:26] [Daemon PID 32496] Starting bot processing for world 1
  - Bot 'bills' (ID: 16) processed in 7.343s
  ✓ Completed in 8.267s (Barbarians: 0.92s, Bots: 7.344s, Processed: 1 bots)
  ✗ ERROR: SQLSTATE[HY000] [1049] Unknown database 'lan_classico1'
[2026-06-20 12:54:34] [Daemon PID 32496] Starting bot processing for world 1
  - Bot 'bills' (ID: 16) processed in 7.508s
  ✓ Completed in 8.421s (Barbarians: 0.91s, Bots: 7.509s, Processed: 1 bots)
  ✗ ERROR: SQLSTATE[HY000] [1049] Unknown database 'lan_classico1'
[2026-06-20 12:55:42] [Daemon PID 32496] Starting bot processing for world 1
  - Bot 'bills' (ID: 16) processed in 7.462s
  ✓ Completed in 8.34s (Barbarians: 0.873s, Bots: 7.462s, Processed: 1 bots)
  ✗ ERROR: SQLSTATE[HY000] [1049] Unknown database 'lan_classico1'
[2026-06-20 12:56:51] [Daemon PID 32496] Starting bot processing for world 1
  - Bot 'bills' (ID: 16) processed in 7.477s
  ✓ Completed in 8.356s (Barbarians: 0.877s, Bots: 7.478s, Processed: 1 bots)
  ✗ ERROR: SQLSTATE[HY000] [1049] Unknown database 'lan_classico1'
[2026-06-20 12:57:59] [Daemon PID 32496] Starting bot processing for world 1
[2026-06-20 12:58:03] Starting bot processing for world 1
  - Bot 'bills' (ID: 16) processed in 7.869s
  ✓ Completed in 8.777s (Barbarians: 0.906s, Bots: 7.869s, Processed: 1 bots)
  ✗ ERROR: SQLSTATE[HY000] [1049] Unknown database 'lan_classico1'
  - Bot 'bills' (ID: 16) processed in 3.625s
  ✓ Completed in 5.245s (Barbarians: 1.049s, Bots: 3.625s, Processed: 1 bots)
[2026-06-20 12:59:08] [Daemon PID 32496] Starting bot processing for world 1
  - Bot 'bills' (ID: 16) processed in 7.223s
  ✓ Completed in 8.133s (Barbarians: 0.908s, Bots: 7.224s, Processed: 1 bots)
  ✗ ERROR: SQLSTATE[HY000] [1049] Unknown database 'lan_classico1'
[2026-06-20 13:00:16] [Daemon PID 32496] Starting bot processing for world 1
  - Bot 'bills' (ID: 16) processed in 7.545s
  ✓ Completed in 8.478s (Barbarians: 0.93s, Bots: 7.546s, Processed: 1 bots)
  ✗ ERROR: SQLSTATE[HY000] [1049] Unknown database 'lan_classico1'
[2026-06-20 13:01:25] [Daemon PID 32496] Starting bot processing for world 1
  - Bot 'bills' (ID: 16) processed in 7.406s
  ✓ Completed in 8.317s (Barbarians: 0.906s, Bots: 7.406s, Processed: 1 bots)
  ✗ ERROR: SQLSTATE[HY000] [1049] Unknown database 'lan_classico1'
[2026-06-20 13:02:33] [Daemon PID 32496] Starting bot processing for world 1
  - Bot 'bills' (ID: 16) processed in 7.497s
  ✓ Completed in 8.384s (Barbarians: 0.884s, Bots: 7.498s, Processed: 1 bots)
  ✗ ERROR: SQLSTATE[HY000] [1049] Unknown database 'lan_classico1'
[2026-06-20 13:03:41] [Daemon PID 32496] Starting bot processing for world 1
  - Bot 'bills' (ID: 16) processed in 7.468s
  ✓ Completed in 8.388s (Barbarians: 0.919s, Bots: 7.468s, Processed: 1 bots)
  ✗ ERROR: SQLSTATE[HY000] [1049] Unknown database 'lan_classico1'
[2026-06-20 13:04:50] [Daemon PID 32496] Starting bot processing for world 1
  - Bot 'bills' (ID: 16) processed in 7.425s
  ✓ Completed in 8.31s (Barbarians: 0.883s, Bots: 7.425s, Processed: 1 bots)
  ✗ ERROR: SQLSTATE[HY000] [1049] Unknown database 'lan_classico1'
[2026-06-20 13:05:58] [Daemon PID 32496] Starting bot processing for world 1
  - Bot 'bills' (ID: 16) processed in 7.848s
  ✓ Completed in 8.793s (Barbarians: 0.943s, Bots: 7.849s, Processed: 1 bots)
  ✗ ERROR: SQLSTATE[HY000] [1049] Unknown database 'lan_classico1'
[2026-06-20 13:07:07] [Daemon PID 32496] Starting bot processing for world 1
  - Bot 'bills' (ID: 16) processed in 7.487s
  ✓ Completed in 8.376s (Barbarians: 0.885s, Bots: 7.487s, Processed: 1 bots)
  ✗ ERROR: SQLSTATE[HY000] [1049] Unknown database 'lan_classico1'
[2026-06-20 13:08:15] [Daemon PID 32496] Starting bot processing for world 1
  - Bot 'bills' (ID: 16) processed in 7.498s
  ✓ Completed in 8.415s (Barbarians: 0.915s, Bots: 7.498s, Processed: 1 bots)
  ✗ ERROR: SQLSTATE[HY000] [1049] Unknown database 'lan_classico1'
[2026-06-20 13:09:24] [Daemon PID 32496] Starting bot processing for world 1
  - Bot 'bills' (ID: 16) processed in 7.495s
  ✓ Completed in 8.375s (Barbarians: 0.878s, Bots: 7.495s, Processed: 1 bots)
  ✗ ERROR: SQLSTATE[HY000] [1049] Unknown database 'lan_classico1'
[2026-06-20 13:10:32] [Daemon PID 32496] Starting bot processing for world 1
  - Bot 'bills' (ID: 16) processed in 7.518s
  ✓ Completed in 8.403s (Barbarians: 0.884s, Bots: 7.518s, Processed: 1 bots)
  ✗ ERROR: SQLSTATE[HY000] [1049] Unknown database 'lan_classico1'
[2026-06-20 13:11:40] [Daemon PID 32496] Starting bot processing for world 1
  - Bot 'bills' (ID: 16) processed in 7.45s
  ✓ Completed in 8.368s (Barbarians: 0.916s, Bots: 7.45s, Processed: 1 bots)
  ✗ ERROR: SQLSTATE[HY000] [1049] Unknown database 'lan_classico1'
[2026-06-20 13:12:49] [Daemon PID 32496] Starting bot processing for world 1
  - Bot 'bills' (ID: 16) processed in 7.427s
  ✓ Completed in 8.346s (Barbarians: 0.913s, Bots: 7.428s, Processed: 1 bots)
  ✗ ERROR: SQLSTATE[HY000] [1049] Unknown database 'lan_classico1'
[2026-06-20 13:13:57] [Daemon PID 32496] Starting bot processing for world 1
  - Bot 'bills' (ID: 16) processed in 7.412s
  ✓ Completed in 8.343s (Barbarians: 0.928s, Bots: 7.413s, Processed: 1 bots)
  ✗ ERROR: SQLSTATE[HY000] [1049] Unknown database 'lan_classico1'
[2026-06-20 13:15:06] [Daemon PID 32496] Starting bot processing for world 1
  - Bot 'bills' (ID: 16) processed in 7.464s
  ✓ Completed in 8.384s (Barbarians: 0.918s, Bots: 7.464s, Processed: 1 bots)
  ✗ ERROR: SQLSTATE[HY000] [1049] Unknown database 'lan_classico1'
[2026-06-20 13:16:14] [Daemon PID 32496] Starting bot processing for world 1
  - Bot 'bills' (ID: 16) processed in 7.358s
  ✓ Completed in 8.248s (Barbarians: 0.887s, Bots: 7.358s, Processed: 1 bots)
  ✗ ERROR: SQLSTATE[HY000] [1049] Unknown database 'lan_classico1'
[2026-06-20 13:17:22] [Daemon PID 32496] Starting bot processing for world 1
  - Bot 'bills' (ID: 16) processed in 7.367s
  ✓ Completed in 8.279s (Barbarians: 0.91s, Bots: 7.368s, Processed: 1 bots)
  ✗ ERROR: SQLSTATE[HY000] [1049] Unknown database 'lan_classico1'
[2026-06-20 13:18:30] [Daemon PID 32496] Starting bot processing for world 1
  - Bot 'bills' (ID: 16) processed in 7.392s
  ✓ Completed in 8.289s (Barbarians: 0.892s, Bots: 7.393s, Processed: 1 bots)
  ✗ ERROR: SQLSTATE[HY000] [1049] Unknown database 'lan_classico1'
[2026-06-20 13:19:39] [Daemon PID 32496] Starting bot processing for world 1
  - Bot 'bills' (ID: 16) processed in 7.401s
  ✓ Completed in 8.307s (Barbarians: 0.904s, Bots: 7.401s, Processed: 1 bots)
  ✗ ERROR: SQLSTATE[HY000] [1049] Unknown database 'lan_classico1'
[2026-06-20 13:20:47] [Daemon PID 32496] Starting bot processing for world 1
  - Bot 'bills' (ID: 16) processed in 7.422s
  ✓ Completed in 8.367s (Barbarians: 0.941s, Bots: 7.423s, Processed: 1 bots)
  ✗ ERROR: SQLSTATE[HY000] [1049] Unknown database 'lan_classico1'
[2026-06-20 13:21:55] [Daemon PID 32496] Starting bot processing for world 1
[2026-06-20 13:22:03] Starting bot processing for world 1
  - Bot 'bills' (ID: 16) processed in 7.93s
  ✓ Completed in 8.873s (Barbarians: 0.937s, Bots: 7.93s, Processed: 1 bots)
  ✗ ERROR: SQLSTATE[HY000] [1049] Unknown database 'lan_classico1'
  - Bot 'bills' (ID: 16) processed in 2.883s
  ✓ Completed in 3.609s (Barbarians: 0.383s, Bots: 2.883s, Processed: 1 bots)
[2026-06-20 13:23:04] [Daemon PID 32496] Starting bot processing for world 1
  - Bot 'bills' (ID: 16) processed in 7.164s
  ✓ Completed in 8.117s (Barbarians: 0.949s, Bots: 7.165s, Processed: 1 bots)
  ✗ ERROR: SQLSTATE[HY000] [1049] Unknown database 'lan_classico1'
[2026-06-20 13:24:13] [Daemon PID 32496] Starting bot processing for world 1
  - Bot 'bills' (ID: 16) processed in 7.447s
  ✓ Completed in 8.344s (Barbarians: 0.892s, Bots: 7.448s, Processed: 1 bots)
  ✗ ERROR: SQLSTATE[HY000] [1049] Unknown database 'lan_classico1'
[2026-06-20 13:25:21] [Daemon PID 32496] Starting bot processing for world 1
  - Bot 'bills' (ID: 16) processed in 7.379s
  ✓ Completed in 8.27s (Barbarians: 0.889s, Bots: 7.379s, Processed: 1 bots)
  ✗ ERROR: SQLSTATE[HY000] [1049] Unknown database 'lan_classico1'
[2026-06-20 13:26:29] [Daemon PID 32496] Starting bot processing for world 1
  - Bot 'bills' (ID: 16) processed in 7.464s
  ✓ Completed in 8.349s (Barbarians: 0.883s, Bots: 7.465s, Processed: 1 bots)
  ✗ ERROR: SQLSTATE[HY000] [1049] Unknown database 'lan_classico1'
[2026-06-20 13:27:38] [Daemon PID 32496] Starting bot processing for world 1
  - Bot 'bills' (ID: 16) processed in 7.324s
  ✓ Completed in 8.24s (Barbarians: 0.914s, Bots: 7.324s, Processed: 1 bots)
  ✗ ERROR: SQLSTATE[HY000] [1049] Unknown database 'lan_classico1'
[2026-06-20 13:28:46] [Daemon PID 32496] Starting bot processing for world 1
  - Bot 'bills' (ID: 16) processed in 7.381s
  ✓ Completed in 8.292s (Barbarians: 0.909s, Bots: 7.382s, Processed: 1 bots)
  ✗ ERROR: SQLSTATE[HY000] [1049] Unknown database 'lan_classico1'
[2026-06-20 13:29:54] [Daemon PID 32496] Starting bot processing for world 1
  - Bot 'bills' (ID: 16) processed in 7.323s
  ✓ Completed in 8.226s (Barbarians: 0.897s, Bots: 7.324s, Processed: 1 bots)
  ✗ ERROR: SQLSTATE[HY000] [1049] Unknown database 'lan_classico1'
[2026-06-20 13:31:02] [Daemon PID 32496] Starting bot processing for world 1
  - Bot 'bills' (ID: 16) processed in 7.452s
  ✓ Completed in 8.391s (Barbarians: 0.936s, Bots: 7.453s, Processed: 1 bots)
  ✗ ERROR: SQLSTATE[HY000] [1049] Unknown database 'lan_classico1'
[2026-06-20 13:32:11] [Daemon PID 32496] Starting bot processing for world 1
  - Bot 'bills' (ID: 16) processed in 7.415s
  ✓ Completed in 8.337s (Barbarians: 0.92s, Bots: 7.415s, Processed: 1 bots)
  ✗ ERROR: SQLSTATE[HY000] [1049] Unknown database 'lan_classico1'
[2026-06-20 13:33:19] [Daemon PID 32496] Starting bot processing for world 1
  - Bot 'bills' (ID: 16) processed in 7.349s
  ✓ Completed in 8.269s (Barbarians: 0.918s, Bots: 7.349s, Processed: 1 bots)
  ✗ ERROR: SQLSTATE[HY000] [1049] Unknown database 'lan_classico1'
[2026-06-20 13:34:27] [Daemon PID 32496] Starting bot processing for world 1
  - Bot 'bills' (ID: 16) processed in 7.363s
  ✓ Completed in 8.266s (Barbarians: 0.9s, Bots: 7.363s, Processed: 1 bots)
  ✗ ERROR: SQLSTATE[HY000] [1049] Unknown database 'lan_classico1'
[2026-06-20 13:35:36] [Daemon PID 32496] Starting bot processing for world 1
  - Bot 'bills' (ID: 16) processed in 7.362s
  ✓ Completed in 8.301s (Barbarians: 0.935s, Bots: 7.362s, Processed: 1 bots)
  ✗ ERROR: SQLSTATE[HY000] [1049] Unknown database 'lan_classico1'
[2026-06-20 13:37:04] Starting bot processing for world 1
  - Bot 'bills' (ID: 16) processed in 9.184s
  ✓ Completed in 10.604s (Barbarians: 0.934s, Bots: 9.184s, Processed: 1 bots)
[2026-06-20 13:40:03] Starting bot processing for world 1
  - Bot 'bills' (ID: 16) processed in 11.229s
  ✓ Completed in 12.969s (Barbarians: 0.976s, Bots: 11.23s, Processed: 1 bots)
[2026-06-20 13:43:03] Starting bot processing for world 1
  - Bot 'bills' (ID: 16) processed in 11.06s
  ✓ Completed in 12.75s (Barbarians: 0.953s, Bots: 11.061s, Processed: 1 bots)
[2026-06-20 13:46:03] Starting bot processing for world 1
  - Bot 'bills' (ID: 16) processed in 10.998s
  ✓ Completed in 12.486s (Barbarians: 0.947s, Bots: 10.998s, Processed: 1 bots)
[2026-06-20 13:49:03] Starting bot processing for world 1
  - Bot 'bills' (ID: 16) processed in 11.026s
  ✓ Completed in 12.386s (Barbarians: 0.947s, Bots: 11.027s, Processed: 1 bots)
[2026-06-20 13:52:03] Starting bot processing for world 1
  - Bot 'bills' (ID: 16) processed in 10.925s
  ✓ Completed in 12.469s (Barbarians: 0.939s, Bots: 10.926s, Processed: 1 bots)
[2026-06-20 13:55:03] Starting bot processing for world 1
  - Bot 'bills' (ID: 16) processed in 10.925s
  ✓ Completed in 12.275s (Barbarians: 0.878s, Bots: 10.925s, Processed: 1 bots)
[2026-06-20 13:57:03] Starting bot processing for world 1
  - Bot 'bills' (ID: 16) processed in 10.87s
  ✓ Completed in 12.299s (Barbarians: 0.914s, Bots: 10.87s, Processed: 1 bots)
[2026-06-20 14:00:03] Starting bot processing for world 1
  - Bot 'bills' (ID: 16) processed in 10.957s
  ✓ Completed in 12.588s (Barbarians: 0.94s, Bots: 10.957s, Processed: 1 bots)
[2026-06-20 14:02:03] Starting bot processing for world 1
  - Bot 'bills' (ID: 16) processed in 10.76s
  ✓ Completed in 12.21s (Barbarians: 0.926s, Bots: 10.76s, Processed: 1 bots)
[2026-06-20 14:04:03] Starting bot processing for world 1
  - Bot 'bills' (ID: 16) processed in 10.849s
  ✓ Completed in 12.268s (Barbarians: 0.915s, Bots: 10.849s, Processed: 1 bots)
[2026-06-20 14:06:03] Starting bot processing for world 1
  - Bot 'bills' (ID: 16) processed in 11.079s
  ✓ Completed in 11.658s (Barbarians: 0.257s, Bots: 11.08s, Processed: 1 bots)
[2026-06-20 14:08:03] Starting bot processing for world 1
  - Bot 'bills' (ID: 16) processed in 10.822s
  ✓ Completed in 12.536s (Barbarians: 0.948s, Bots: 10.823s, Processed: 1 bots)
[2026-06-20 14:11:03] Starting bot processing for world 1
  - Bot 'bills' (ID: 16) processed in 10.949s
  ✓ Completed in 12.392s (Barbarians: 0.91s, Bots: 10.95s, Processed: 1 bots)
[2026-06-20 14:14:03] Starting bot processing for world 1
  - Bot 'bills' (ID: 16) processed in 11.066s
  ✓ Completed in 12.907s (Barbarians: 0.955s, Bots: 11.067s, Processed: 1 bots)
[2026-06-20 14:16:03] Starting bot processing for world 1
  - Bot 'bills' (ID: 16) processed in 10.863s
  ✓ Completed in 12.251s (Barbarians: 0.916s, Bots: 10.864s, Processed: 1 bots)
[2026-06-20 14:18:03] Starting bot processing for world 1
  - Bot 'bills' (ID: 16) processed in 10.777s
  ✓ Completed in 12.293s (Barbarians: 0.935s, Bots: 10.778s, Processed: 1 bots)
[2026-06-20 14:20:03] Starting bot processing for world 1
  - Bot 'bills' (ID: 16) processed in 11.224s
  ✓ Completed in 11.824s (Barbarians: 0.261s, Bots: 11.224s, Processed: 1 bots)
[2026-06-20 14:22:03] Starting bot processing for world 1
  - Bot 'bills' (ID: 16) processed in 10.763s
  ✓ Completed in 12.105s (Barbarians: 0.96s, Bots: 10.765s, Processed: 1 bots)
[2026-06-20 14:25:03] Starting bot processing for world 1
  - Bot 'bills' (ID: 16) processed in 10.971s
  ✓ Completed in 12.606s (Barbarians: 0.923s, Bots: 10.972s, Processed: 1 bots)
[2026-06-20 14:27:03] Starting bot processing for world 1
  - Bot 'bills' (ID: 16) processed in 10.751s
  ✓ Completed in 12.267s (Barbarians: 0.926s, Bots: 10.751s, Processed: 1 bots)
[2026-06-20 14:30:03] Starting bot processing for world 1
  - Bot 'bills' (ID: 16) processed in 10.946s
  ✓ Completed in 12.46s (Barbarians: 0.913s, Bots: 10.947s, Processed: 1 bots)
[2026-06-20 14:32:03] Starting bot processing for world 1
  - Bot 'bills' (ID: 16) processed in 10.898s
  ✓ Completed in 12.253s (Barbarians: 0.91s, Bots: 10.899s, Processed: 1 bots)
[2026-06-20 14:34:03] Starting bot processing for world 1
  - Bot 'bills' (ID: 16) processed in 10.779s
  ✓ Completed in 12.351s (Barbarians: 0.933s, Bots: 10.779s, Processed: 1 bots)
[2026-06-20 14:37:03] Starting bot processing for world 1
  - Bot 'bills' (ID: 16) processed in 10.983s
  ✓ Completed in 12.349s (Barbarians: 0.938s, Bots: 10.983s, Processed: 1 bots)
[2026-06-20 14:40:03] Starting bot processing for world 1
  - Bot 'bills' (ID: 16) processed in 11.643s
  ✓ Completed in 12.232s (Barbarians: 0.259s, Bots: 11.643s, Processed: 1 bots)
[2026-06-20 14:42:03] Starting bot processing for world 1
  - Bot 'bills' (ID: 16) processed in 10.776s
  ✓ Completed in 12.519s (Barbarians: 0.944s, Bots: 10.776s, Processed: 1 bots)
[2026-06-20 14:45:03] Starting bot processing for world 1
  - Bot 'bills' (ID: 16) processed in 11.011s
  ✓ Completed in 12.351s (Barbarians: 0.912s, Bots: 11.011s, Processed: 1 bots)
[2026-06-20 14:47:03] Starting bot processing for world 1
  - Bot 'bills' (ID: 16) processed in 11.361s
  ✓ Completed in 13.037s (Barbarians: 1.028s, Bots: 11.362s, Processed: 1 bots)
[2026-06-20 14:50:03] Starting bot processing for world 1
  - Bot 'bills' (ID: 16) processed in 11.008s
  ✓ Completed in 12.753s (Barbarians: 0.949s, Bots: 11.008s, Processed: 1 bots)
[2026-06-20 14:53:03] Starting bot processing for world 1
  - Bot 'bills' (ID: 16) processed in 10.916s
  ✓ Completed in 12.616s (Barbarians: 0.935s, Bots: 10.917s, Processed: 1 bots)
[2026-06-20 14:55:03] Starting bot processing for world 1
  - Bot 'bills' (ID: 16) processed in 10.658s
  ✓ Completed in 12.076s (Barbarians: 0.944s, Bots: 10.658s, Processed: 1 bots)
[2026-06-20 14:58:03] Starting bot processing for world 1
  - Bot 'bills' (ID: 16) processed in 11.366s
  ✓ Completed in 11.944s (Barbarians: 0.255s, Bots: 11.366s, Processed: 1 bots)
[2026-06-20 15:01:03] Starting bot processing for world 1
  - Bot 'bills' (ID: 16) processed in 11.029s
  ✓ Completed in 12.765s (Barbarians: 0.936s, Bots: 11.03s, Processed: 1 bots)
[2026-06-20 15:03:03] Starting bot processing for world 1
  - Bot 'bills' (ID: 16) processed in 10.862s
  ✓ Completed in 12.233s (Barbarians: 0.94s, Bots: 10.863s, Processed: 1 bots)
[2026-06-20 15:06:03] Starting bot processing for world 1
  - Bot 'bills' (ID: 16) processed in 11.019s
  ✓ Completed in 12.704s (Barbarians: 0.941s, Bots: 11.02s, Processed: 1 bots)
[2026-06-20 15:08:03] Starting bot processing for world 1
  - Bot 'bills' (ID: 16) processed in 10.819s
  ✓ Completed in 12.317s (Barbarians: 0.944s, Bots: 10.819s, Processed: 1 bots)
[2026-06-20 15:10:03] Starting bot processing for world 1
  - Bot 'bills' (ID: 16) processed in 11.052s
  ✓ Completed in 11.647s (Barbarians: 0.262s, Bots: 11.053s, Processed: 1 bots)
[2026-06-20 15:12:03] Starting bot processing for world 1
  - Bot 'bills' (ID: 16) processed in 10.612s
  ✓ Completed in 12.207s (Barbarians: 0.898s, Bots: 10.613s, Processed: 1 bots)
[2026-06-20 15:14:03] Starting bot processing for world 1
  - Bot 'bills' (ID: 16) processed in 10.624s
  ✓ Completed in 12.021s (Barbarians: 0.917s, Bots: 10.624s, Processed: 1 bots)
[2026-06-20 15:16:03] Starting bot processing for world 1
  - Bot 'bills' (ID: 16) processed in 10.68s
  ✓ Completed in 12.15s (Barbarians: 0.916s, Bots: 10.68s, Processed: 1 bots)
[2026-06-20 15:18:03] Starting bot processing for world 1
  - Bot 'bills' (ID: 16) processed in 10.765s
  ✓ Completed in 12.183s (Barbarians: 0.919s, Bots: 10.765s, Processed: 1 bots)
[2026-06-20 15:20:03] Starting bot processing for world 1
  - Bot 'bills' (ID: 16) processed in 10.664s
  ✓ Completed in 12.445s (Barbarians: 0.958s, Bots: 10.665s, Processed: 1 bots)
[2026-06-20 15:23:03] Starting bot processing for world 1
  - Bot 'bills' (ID: 16) processed in 10.84s
  ✓ Completed in 12.341s (Barbarians: 0.929s, Bots: 10.841s, Processed: 1 bots)
[2026-06-20 15:26:03] Starting bot processing for world 1
  - Bot 'bills' (ID: 16) processed in 11.068s
  ✓ Completed in 11.659s (Barbarians: 0.256s, Bots: 11.069s, Processed: 1 bots)
[2026-06-20 15:28:03] Starting bot processing for world 1
  - Bot 'bills' (ID: 16) processed in 10.745s
  ✓ Completed in 12.521s (Barbarians: 0.923s, Bots: 10.746s, Processed: 1 bots)
[2026-06-20 15:30:03] Starting bot processing for world 1
  - Bot 'bills' (ID: 16) processed in 10.318s
  ✓ Completed in 11.593s (Barbarians: 0.862s, Bots: 10.318s, Processed: 1 bots)
[2026-06-20 15:32:03] Starting bot processing for world 1
  - Bot 'bills' (ID: 16) processed in 10.834s
  ✓ Completed in 12.356s (Barbarians: 0.917s, Bots: 10.835s, Processed: 1 bots)
[2026-06-20 15:34:03] Starting bot processing for world 1
  - Bot 'bills' (ID: 16) processed in 10.814s
  ✓ Completed in 12.407s (Barbarians: 0.95s, Bots: 10.815s, Processed: 1 bots)
[2026-06-20 15:36:03] Starting bot processing for world 1
  - Bot 'bills' (ID: 16) processed in 11.024s
  ✓ Completed in 11.608s (Barbarians: 0.257s, Bots: 11.024s, Processed: 1 bots)
[2026-06-20 15:38:03] Starting bot processing for world 1
  - Bot 'bills' (ID: 16) processed in 10.783s
  ✓ Completed in 12.261s (Barbarians: 0.925s, Bots: 10.784s, Processed: 1 bots)
[2026-06-20 15:41:03] Starting bot processing for world 1
  - Bot 'bills' (ID: 16) processed in 10.983s
  ✓ Completed in 12.509s (Barbarians: 0.937s, Bots: 10.983s, Processed: 1 bots)
[2026-06-20 15:44:03] Starting bot processing for world 1
  - Bot 'bills' (ID: 16) processed in 10.951s
  ✓ Completed in 12.955s (Barbarians: 0.951s, Bots: 10.952s, Processed: 1 bots)
[2026-06-20 15:47:03] Starting bot processing for world 1
  - Bot 'bills' (ID: 16) processed in 10.977s
  ✓ Completed in 12.46s (Barbarians: 0.933s, Bots: 10.978s, Processed: 1 bots)
[2026-06-20 15:49:03] Starting bot processing for world 1
  - Bot 'bills' (ID: 16) processed in 10.818s
  ✓ Completed in 12.147s (Barbarians: 0.907s, Bots: 10.819s, Processed: 1 bots)
[2026-06-20 15:51:03] Starting bot processing for world 1
  - Bot 'bills' (ID: 16) processed in 10.758s
  ✓ Completed in 12.246s (Barbarians: 0.923s, Bots: 10.759s, Processed: 1 bots)
[2026-06-20 15:54:03] Starting bot processing for world 1
  - Bot 'bills' (ID: 16) processed in 10.966s
  ✓ Completed in 12.322s (Barbarians: 0.93s, Bots: 10.967s, Processed: 1 bots)
[2026-06-20 15:56:03] Starting bot processing for world 1
  - Bot 'bills' (ID: 16) processed in 10.768s
  ✓ Completed in 12.297s (Barbarians: 0.94s, Bots: 10.769s, Processed: 1 bots)
[2026-06-20 15:58:03] Starting bot processing for world 1
  - Bot 'bills' (ID: 16) processed in 10.734s
  ✓ Completed in 12.088s (Barbarians: 0.899s, Bots: 10.735s, Processed: 1 bots)
[2026-06-20 16:00:03] Starting bot processing for world 1
  - Bot 'bills' (ID: 16) processed in 10.558s
  ✓ Completed in 12.587s (Barbarians: 0.95s, Bots: 10.558s, Processed: 1 bots)
[2026-06-20 16:03:03] Starting bot processing for world 1
  - Bot 'bills' (ID: 16) processed in 10.906s
  ✓ Completed in 12.276s (Barbarians: 0.907s, Bots: 10.906s, Processed: 1 bots)
[2026-06-20 16:05:03] Starting bot processing for world 1
  - Bot 'bills' (ID: 16) processed in 10.73s
  ✓ Completed in 12.361s (Barbarians: 0.938s, Bots: 10.731s, Processed: 1 bots)
[2026-06-20 16:07:03] Starting bot processing for world 1
  - Bot 'bills' (ID: 16) processed in 10.586s
  ✓ Completed in 11.174s (Barbarians: 0.263s, Bots: 10.587s, Processed: 1 bots)
[2026-06-20 16:10:03] Starting bot processing for world 1
  - Bot 'bills' (ID: 16) processed in 10.889s
  ✓ Completed in 12.297s (Barbarians: 0.903s, Bots: 10.89s, Processed: 1 bots)
[2026-06-20 16:13:03] Starting bot processing for world 1
  - Bot 'bills' (ID: 16) processed in 10.78s
  ✓ Completed in 12.5s (Barbarians: 0.915s, Bots: 10.781s, Processed: 1 bots)
[2026-06-20 16:16:03] Starting bot processing for world 1
  - Bot 'bills' (ID: 16) processed in 10.884s
  ✓ Completed in 12.256s (Barbarians: 0.915s, Bots: 10.885s, Processed: 1 bots)
[2026-06-20 16:19:03] Starting bot processing for world 1
  - Bot 'bills' (ID: 16) processed in 10.843s
  ✓ Completed in 12.534s (Barbarians: 0.94s, Bots: 10.844s, Processed: 1 bots)
[2026-06-20 16:22:03] Starting bot processing for world 1
  - Bot 'bills' (ID: 16) processed in 10.892s
  ✓ Completed in 12.348s (Barbarians: 0.927s, Bots: 10.893s, Processed: 1 bots)
[2026-06-20 16:24:03] Starting bot processing for world 1
  - Bot 'bills' (ID: 16) processed in 10.635s
  ✓ Completed in 12.521s (Barbarians: 0.953s, Bots: 10.636s, Processed: 1 bots)
[2026-06-20 16:26:03] Starting bot processing for world 1
  - Bot 'bills' (ID: 16) processed in 10.567s
  ✓ Completed in 12.575s (Barbarians: 0.943s, Bots: 10.567s, Processed: 1 bots)
[2026-06-20 16:29:03] Starting bot processing for world 1
  - Bot 'bills' (ID: 16) processed in 10.768s
  ✓ Completed in 12.186s (Barbarians: 0.917s, Bots: 10.768s, Processed: 1 bots)
[2026-06-20 16:31:03] Starting bot processing for world 1
  - Bot 'bills' (ID: 16) processed in 10.643s
  ✓ Completed in 12.131s (Barbarians: 0.923s, Bots: 10.643s, Processed: 1 bots)
[2026-06-20 16:33:03] Starting bot processing for world 1
  - Bot 'bills' (ID: 16) processed in 10.564s
  ✓ Completed in 11.959s (Barbarians: 0.905s, Bots: 10.565s, Processed: 1 bots)
[2026-06-20 16:36:03] Starting bot processing for world 1
  - Bot 'bills' (ID: 16) processed in 10.84s
  ✓ Completed in 12.846s (Barbarians: 0.928s, Bots: 10.84s, Processed: 1 bots)
[2026-06-20 16:39:03] Starting bot processing for world 1
  - Bot 'bills' (ID: 16) processed in 10.938s
  ✓ Completed in 12.676s (Barbarians: 0.959s, Bots: 10.938s, Processed: 1 bots)
[2026-06-20 16:41:03] Starting bot processing for world 1
  - Bot 'bills' (ID: 16) processed in 10.519s
  ✓ Completed in 11.114s (Barbarians: 0.266s, Bots: 10.52s, Processed: 1 bots)
[2026-06-20 16:43:03] Starting bot processing for world 1
  - Bot 'bills' (ID: 16) processed in 10.651s
  ✓ Completed in 12.191s (Barbarians: 0.916s, Bots: 10.652s, Processed: 1 bots)
[2026-06-20 16:46:03] Starting bot processing for world 1
  - Bot 'bills' (ID: 16) processed in 10.719s
  ✓ Completed in 12.064s (Barbarians: 0.915s, Bots: 10.72s, Processed: 1 bots)
[2026-06-20 16:48:03] Starting bot processing for world 1
  - Bot 'bills' (ID: 16) processed in 10.659s
  ✓ Completed in 12.026s (Barbarians: 0.929s, Bots: 10.66s, Processed: 1 bots)
[2026-06-20 16:51:03] Starting bot processing for world 1
  - Bot 'bills' (ID: 16) processed in 10.707s
  ✓ Completed in 12.169s (Barbarians: 0.901s, Bots: 10.708s, Processed: 1 bots)
[2026-06-20 16:53:03] Starting bot processing for world 1
  - Bot 'bills' (ID: 16) processed in 10.691s
  ✓ Completed in 12.116s (Barbarians: 0.914s, Bots: 10.692s, Processed: 1 bots)
[2026-06-20 16:55:03] Starting bot processing for world 1
  - Bot 'bills' (ID: 16) processed in 10.647s
  ✓ Completed in 12.237s (Barbarians: 0.943s, Bots: 10.648s, Processed: 1 bots)
[2026-06-20 16:57:03] Starting bot processing for world 1
  - Bot 'bills' (ID: 16) processed in 10.6s
  ✓ Completed in 12.17s (Barbarians: 0.944s, Bots: 10.6s, Processed: 1 bots)
[2026-06-20 17:00:03] Starting bot processing for world 1
  - Bot 'bills' (ID: 16) processed in 10.83s
  ✓ Completed in 12.182s (Barbarians: 0.92s, Bots: 10.831s, Processed: 1 bots)
[2026-06-20 17:02:03] Starting bot processing for world 1
  - Bot 'bills' (ID: 16) processed in 10.605s
  ✓ Completed in 12.073s (Barbarians: 0.908s, Bots: 10.606s, Processed: 1 bots)
[2026-06-20 17:04:03] Starting bot processing for world 1
  - Bot 'bills' (ID: 16) processed in 10.748s
  ✓ Completed in 12.067s (Barbarians: 0.922s, Bots: 10.749s, Processed: 1 bots)
[2026-06-20 17:06:03] Starting bot processing for world 1
  - Bot 'bills' (ID: 16) processed in 10.432s
  ✓ Completed in 11.897s (Barbarians: 0.91s, Bots: 10.432s, Processed: 1 bots)
[2026-06-20 17:08:03] Starting bot processing for world 1
  - Bot 'bills' (ID: 16) processed in 10.773s
  ✓ Completed in 11.359s (Barbarians: 0.257s, Bots: 10.774s, Processed: 1 bots)
[2026-06-20 17:10:03] Starting bot processing for world 1
  - Bot 'bills' (ID: 16) processed in 10.696s
  ✓ Completed in 12.116s (Barbarians: 0.923s, Bots: 10.697s, Processed: 1 bots)
[2026-06-20 17:12:03] Starting bot processing for world 1
  - Bot 'bills' (ID: 16) processed in 10.488s
  ✓ Completed in 12.418s (Barbarians: 0.926s, Bots: 10.489s, Processed: 1 bots)
[2026-06-20 17:14:03] Starting bot processing for world 1
  - Bot 'bills' (ID: 16) processed in 10.692s
  ✓ Completed in 12.297s (Barbarians: 0.913s, Bots: 10.692s, Processed: 1 bots)
[2026-06-20 17:17:03] Starting bot processing for world 1
  - Bot 'bills' (ID: 16) processed in 10.891s
  ✓ Completed in 12.693s (Barbarians: 0.934s, Bots: 10.892s, Processed: 1 bots)
[2026-06-20 17:19:03] Starting bot processing for world 1
  - Bot 'bills' (ID: 16) processed in 10.689s
  ✓ Completed in 12.076s (Barbarians: 0.916s, Bots: 10.69s, Processed: 1 bots)
[2026-06-20 17:21:03] Starting bot processing for world 1
  - Bot 'bills' (ID: 16) processed in 10.648s
  ✓ Completed in 12.316s (Barbarians: 0.937s, Bots: 10.649s, Processed: 1 bots)
[2026-06-20 17:24:03] Starting bot processing for world 1
  - Bot 'bills' (ID: 16) processed in 10.836s
  ✓ Completed in 12.34s (Barbarians: 0.937s, Bots: 10.836s, Processed: 1 bots)
[2026-06-20 17:27:03] Starting bot processing for world 1
  - Bot 'bills' (ID: 16) processed in 10.816s
  ✓ Completed in 12.295s (Barbarians: 0.927s, Bots: 10.817s, Processed: 1 bots)
[2026-06-20 17:29:03] Starting bot processing for world 1
  - Bot 'bills' (ID: 16) processed in 10.651s
  ✓ Completed in 12.112s (Barbarians: 0.922s, Bots: 10.652s, Processed: 1 bots)
[2026-06-20 17:31:03] Starting bot processing for world 1
  - Bot 'bills' (ID: 16) processed in 10.586s
  ✓ Completed in 12.015s (Barbarians: 0.934s, Bots: 10.587s, Processed: 1 bots)
[2026-06-20 17:33:03] Starting bot processing for world 1
  - Bot 'bills' (ID: 16) processed in 10.603s
  ✓ Completed in 12.243s (Barbarians: 0.955s, Bots: 10.604s, Processed: 1 bots)
[2026-06-20 17:36:03] Starting bot processing for world 1
  - Bot 'bills' (ID: 16) processed in 10.967s
  ✓ Completed in 12.297s (Barbarians: 0.912s, Bots: 10.968s, Processed: 1 bots)
[2026-06-20 17:38:03] Starting bot processing for world 1
  - Bot 'bills' (ID: 16) processed in 10.687s
  ✓ Completed in 12.268s (Barbarians: 0.906s, Bots: 10.687s, Processed: 1 bots)
[2026-06-20 17:40:03] Starting bot processing for world 1
  - Bot 'bills' (ID: 16) processed in 10.517s
  ✓ Completed in 11.925s (Barbarians: 0.945s, Bots: 10.517s, Processed: 1 bots)
[2026-06-20 17:42:03] Starting bot processing for world 1
  - Bot 'bills' (ID: 16) processed in 10.567s
  ✓ Completed in 11.984s (Barbarians: 0.905s, Bots: 10.567s, Processed: 1 bots)
[2026-06-20 17:44:03] Starting bot processing for world 1
  - Bot 'bills' (ID: 16) processed in 10.655s
  ✓ Completed in 12.138s (Barbarians: 0.944s, Bots: 10.656s, Processed: 1 bots)
[2026-06-20 17:46:04] Starting bot processing for world 1
  - Bot 'bills' (ID: 16) processed in 12.651s
  ✓ Completed in 14.166s (Barbarians: 1.019s, Bots: 12.652s, Processed: 1 bots)
[2026-06-20 17:47:49] Starting bot processing for world 1
  - Bot 'bills' (ID: 16) processed in 10.328s
  ✓ Completed in 11.776s (Barbarians: 0.918s, Bots: 10.328s, Processed: 1 bots)
[2026-06-20 17:49:49] Starting bot processing for world 1
  - Bot 'bills' (ID: 16) processed in 11.167s
  ✓ Completed in 12.543s (Barbarians: 0.956s, Bots: 11.168s, Processed: 1 bots)
[2026-06-20 17:52:49] Starting bot processing for world 1
  - Bot 'bills' (ID: 16) processed in 11.194s
  ✓ Completed in 13.385s (Barbarians: 1.017s, Bots: 11.195s, Processed: 1 bots)
[2026-06-20 17:54:49] Starting bot processing for world 1
  - Bot 'bills' (ID: 16) processed in 12.458s
  ✓ Completed in 13.089s (Barbarians: 0.26s, Bots: 12.459s, Processed: 1 bots)
[2026-06-20 17:56:49] Starting bot processing for world 1
  - Bot 'bills' (ID: 16) processed in 11.433s
  ✓ Completed in 13.184s (Barbarians: 0.982s, Bots: 11.434s, Processed: 1 bots)
[2026-06-20 17:58:44] Starting bot processing for world 1
  - Bot 'bills' (ID: 16) processed in 12.008s
  ✓ Completed in 13.662s (Barbarians: 1.062s, Bots: 12.008s, Processed: 1 bots)
[2026-06-20 18:00:49] Starting bot processing for world 1
  - Bot 'bills' (ID: 16) processed in 10.898s
  ✓ Completed in 12.332s (Barbarians: 0.964s, Bots: 10.899s, Processed: 1 bots)
[2026-06-20 18:02:49] Starting bot processing for world 1
  - Bot 'bills' (ID: 16) processed in 10.97s
  ✓ Completed in 12.593s (Barbarians: 0.972s, Bots: 10.971s, Processed: 1 bots)
[2026-06-20 18:05:49] Starting bot processing for world 1
  - Bot 'bills' (ID: 16) processed in 11.077s
  ✓ Completed in 12.533s (Barbarians: 0.964s, Bots: 11.078s, Processed: 1 bots)
[2026-06-20 18:08:37] Starting bot processing for world 1
  - Bot 'bills' (ID: 16) processed in 11.33s
  ✓ Completed in 13.608s (Barbarians: 1.041s, Bots: 11.33s, Processed: 1 bots)
[2026-06-20 18:08:51] [Daemon PID 25468] Starting bot processing for world 1
  - Bot 'bills' (ID: 16) processed in 6.024s
  ✓ Completed in 9.485s (Barbarians: 2.549s, Bots: 6.024s, Processed: 1 bots)
  ✗ ERROR: SQLSTATE[HY000] [1049] Unknown database 'lan_classico1'
[2026-06-20 18:10:00] [Daemon PID 25468] Starting bot processing for world 1
  - Bot 'bills' (ID: 16) processed in 21.099s
  ✓ Completed in 23.772s (Barbarians: 2.671s, Bots: 21.099s, Processed: 1 bots)
  ✗ ERROR: SQLSTATE[HY000] [1049] Unknown database 'lan_classico1'
[2026-06-20 18:11:24] [Daemon PID 25468] Starting bot processing for world 1
  - Bot 'bills' (ID: 16) processed in 8.118s
  ✓ Completed in 9.085s (Barbarians: 0.965s, Bots: 8.118s, Processed: 1 bots)
  ✗ ERROR: SQLSTATE[HY000] [1049] Unknown database 'lan_classico1'
[2026-06-20 18:12:33] [Daemon PID 25468] Starting bot processing for world 1
  - Bot 'bills' (ID: 16) processed in 7.853s
  ✓ Completed in 8.779s (Barbarians: 0.924s, Bots: 7.853s, Processed: 1 bots)
  ✗ ERROR: SQLSTATE[HY000] [1049] Unknown database 'lan_classico1'
[2026-06-20 18:13:42] [Daemon PID 25468] Starting bot processing for world 1
  - Bot 'bills' (ID: 16) processed in 7.968s
  ✓ Completed in 8.978s (Barbarians: 1.004s, Bots: 7.969s, Processed: 1 bots)
  ✗ ERROR: SQLSTATE[HY000] [1049] Unknown database 'lan_classico1'
[2026-06-20 18:14:51] [Daemon PID 25468] Starting bot processing for world 1
  - Bot 'bills' (ID: 16) processed in 8.004s
  ✓ Completed in 8.99s (Barbarians: 0.984s, Bots: 8.004s, Processed: 1 bots)
  ✗ ERROR: SQLSTATE[HY000] [1049] Unknown database 'lan_classico1'
[2026-06-20 18:16:00] [Daemon PID 25468] Starting bot processing for world 1
  - Bot 'bills' (ID: 16) processed in 8.357s
  ✓ Completed in 9.31s (Barbarians: 0.95s, Bots: 8.358s, Processed: 1 bots)
  ✗ ERROR: SQLSTATE[HY000] [1049] Unknown database 'lan_classico1'
[2026-06-20 18:17:09] [Daemon PID 25468] Starting bot processing for world 1
  - Bot 'bills' (ID: 16) processed in 8.082s
  ✓ Completed in 9.047s (Barbarians: 0.963s, Bots: 8.083s, Processed: 1 bots)
  ✗ ERROR: SQLSTATE[HY000] [1049] Unknown database 'lan_classico1'
[2026-06-20 18:18:18] [Daemon PID 25468] Starting bot processing for world 1
  - Bot 'bills' (ID: 16) processed in 8.095s
  ✓ Completed in 9.13s (Barbarians: 1.032s, Bots: 8.096s, Processed: 1 bots)
  ✗ ERROR: SQLSTATE[HY000] [1049] Unknown database 'lan_classico1'
[2026-06-20 18:19:27] [Daemon PID 25468] Starting bot processing for world 1
  - Bot 'bills' (ID: 16) processed in 7.867s
  ✓ Completed in 8.795s (Barbarians: 0.923s, Bots: 7.868s, Processed: 1 bots)
  ✗ ERROR: SQLSTATE[HY000] [1049] Unknown database 'lan_classico1'
[2026-06-20 18:20:36] [Daemon PID 25468] Starting bot processing for world 1
  - Bot 'bills' (ID: 16) processed in 7.539s
  ✓ Completed in 8.519s (Barbarians: 0.977s, Bots: 7.54s, Processed: 1 bots)
  ✗ ERROR: SQLSTATE[HY000] [1049] Unknown database 'lan_classico1'
[2026-06-20 18:21:45] [Daemon PID 25468] Starting bot processing for world 1
[2026-06-20 18:21:49] Starting bot processing for world 1
  - Bot 'bills' (ID: 16) processed in 8.172s
  ✓ Completed in 9.093s (Barbarians: 0.919s, Bots: 8.172s, Processed: 1 bots)
  ✗ ERROR: SQLSTATE[HY000] [1049] Unknown database 'lan_classico1'
  - Bot 'bills' (ID: 16) processed in 4s
  ✓ Completed in 5.84s (Barbarians: 1.065s, Bots: 4.001s, Processed: 1 bots)
[2026-06-20 18:22:54] [Daemon PID 25468] Starting bot processing for world 1
  - Bot 'bills' (ID: 16) processed in 7.192s
  ✓ Completed in 8.137s (Barbarians: 0.942s, Bots: 7.193s, Processed: 1 bots)
  ✗ ERROR: SQLSTATE[HY000] [1049] Unknown database 'lan_classico1'
[2026-06-20 18:24:02] [Daemon PID 25468] Starting bot processing for world 1
  - Bot 'bills' (ID: 16) processed in 7.578s
  ✓ Completed in 8.492s (Barbarians: 0.912s, Bots: 7.579s, Processed: 1 bots)
  ✗ ERROR: SQLSTATE[HY000] [1049] Unknown database 'lan_classico1'
[2026-06-20 18:25:11] [Daemon PID 25468] Starting bot processing for world 1
  - Bot 'bills' (ID: 16) processed in 7.559s
  ✓ Completed in 8.48s (Barbarians: 0.916s, Bots: 7.56s, Processed: 1 bots)
  ✗ ERROR: SQLSTATE[HY000] [1049] Unknown database 'lan_classico1'
[2026-06-20 18:26:19] [Daemon PID 25468] Starting bot processing for world 1
  - Bot 'bills' (ID: 16) processed in 7.665s
  ✓ Completed in 8.589s (Barbarians: 0.922s, Bots: 7.666s, Processed: 1 bots)
  ✗ ERROR: SQLSTATE[HY000] [1049] Unknown database 'lan_classico1'
[2026-06-20 18:27:28] [Daemon PID 25468] Starting bot processing for world 1
  - Bot 'bills' (ID: 16) processed in 7.988s
  ✓ Completed in 8.905s (Barbarians: 0.915s, Bots: 7.988s, Processed: 1 bots)
  ✗ ERROR: SQLSTATE[HY000] [1049] Unknown database 'lan_classico1'
[2026-06-20 18:28:37] [Daemon PID 25468] Starting bot processing for world 1
  - Bot 'bills' (ID: 16) processed in 7.682s
  ✓ Completed in 8.6s (Barbarians: 0.916s, Bots: 7.683s, Processed: 1 bots)
  ✗ ERROR: SQLSTATE[HY000] [1049] Unknown database 'lan_classico1'
[2026-06-20 18:29:45] [Daemon PID 25468] Starting bot processing for world 1
[2026-06-20 18:29:49] Starting bot processing for world 1
  - Bot 'bills' (ID: 16) processed in 8.536s
  - Bot 'bills' (ID: 16) processed in 3.83s
  ✓ Completed in 9.467s (Barbarians: 0.928s, Bots: 8.537s, Processed: 1 bots)
  ✓ Completed in 5.454s (Barbarians: 1.055s, Bots: 3.83s, Processed: 1 bots)
  ✗ ERROR: SQLSTATE[HY000] [1049] Unknown database 'lan_classico1'
[2026-06-20 18:30:55] [Daemon PID 25468] Starting bot processing for world 1
  - Bot 'bills' (ID: 16) processed in 7.449s
  ✓ Completed in 8.42s (Barbarians: 0.966s, Bots: 7.449s, Processed: 1 bots)
  ✗ ERROR: SQLSTATE[HY000] [1049] Unknown database 'lan_classico1'
[2026-06-20 18:32:03] [Daemon PID 25468] Starting bot processing for world 1
  - Bot 'bills' (ID: 16) processed in 7.775s
  ✓ Completed in 8.768s (Barbarians: 0.989s, Bots: 7.776s, Processed: 1 bots)
  ✗ ERROR: SQLSTATE[HY000] [1049] Unknown database 'lan_classico1'
[2026-06-20 18:33:12] [Daemon PID 25468] Starting bot processing for world 1
  - Bot 'bills' (ID: 16) processed in 7.778s
  ✓ Completed in 8.7s (Barbarians: 0.92s, Bots: 7.778s, Processed: 1 bots)
  ✗ ERROR: SQLSTATE[HY000] [1049] Unknown database 'lan_classico1'
[2026-06-20 18:34:21] [Daemon PID 25468] Starting bot processing for world 1
  - Bot 'bills' (ID: 16) processed in 8.09s
  ✓ Completed in 9.123s (Barbarians: 1.031s, Bots: 8.09s, Processed: 1 bots)
  ✗ ERROR: SQLSTATE[HY000] [1049] Unknown database 'lan_classico1'
[2026-06-20 18:35:30] [Daemon PID 25468] Starting bot processing for world 1
  - Bot 'bills' (ID: 16) processed in 7.598s
  ✓ Completed in 8.516s (Barbarians: 0.916s, Bots: 7.599s, Processed: 1 bots)
  ✗ ERROR: SQLSTATE[HY000] [1049] Unknown database 'lan_classico1'
[2026-06-20 18:36:38] [Daemon PID 25468] Starting bot processing for world 1
  - Bot 'bills' (ID: 16) processed in 7.588s
  ✓ Completed in 8.514s (Barbarians: 0.92s, Bots: 7.589s, Processed: 1 bots)
  ✗ ERROR: SQLSTATE[HY000] [1049] Unknown database 'lan_classico1'
[2026-06-20 18:37:47] [Daemon PID 25468] Starting bot processing for world 1
[2026-06-20 18:37:49] Starting bot processing for world 1
  - Bot 'bills' (ID: 16) processed in 8.667s
  - Bot 'bills' (ID: 16) processed in 5.562s
  ✓ Completed in 9.578s (Barbarians: 0.908s, Bots: 8.668s, Processed: 1 bots)
  ✓ Completed in 7.226s (Barbarians: 1.005s, Bots: 5.563s, Processed: 1 bots)
  ✗ ERROR: SQLSTATE[HY000] [1049] Unknown database 'lan_classico1'
[2026-06-20 18:38:56] [Daemon PID 25468] Starting bot processing for world 1
  - Bot 'bills' (ID: 16) processed in 6.202s
  ✓ Completed in 7.113s (Barbarians: 0.909s, Bots: 6.202s, Processed: 1 bots)
  ✗ ERROR: SQLSTATE[HY000] [1049] Unknown database 'lan_classico1'
[2026-06-20 18:40:04] [Daemon PID 25468] Starting bot processing for world 1
  - Bot 'bills' (ID: 16) processed in 7.444s
  ✓ Completed in 8.362s (Barbarians: 0.916s, Bots: 7.444s, Processed: 1 bots)
  ✗ ERROR: SQLSTATE[HY000] [1049] Unknown database 'lan_classico1'
[2026-06-20 18:41:12] [Daemon PID 25468] Starting bot processing for world 1
  - Bot 'bills' (ID: 16) processed in 7.778s
  ✓ Completed in 8.716s (Barbarians: 0.934s, Bots: 7.779s, Processed: 1 bots)
  ✗ ERROR: SQLSTATE[HY000] [1049] Unknown database 'lan_classico1'
[2026-06-20 18:42:21] [Daemon PID 25468] Starting bot processing for world 1
  - Bot 'bills' (ID: 16) processed in 7.709s
  ✓ Completed in 8.682s (Barbarians: 0.968s, Bots: 7.71s, Processed: 1 bots)
  ✗ ERROR: SQLSTATE[HY000] [1049] Unknown database 'lan_classico1'
[2026-06-20 18:43:29] [Daemon PID 25468] Starting bot processing for world 1
  - Bot 'bills' (ID: 16) processed in 7.895s
  ✓ Completed in 8.895s (Barbarians: 0.997s, Bots: 7.895s, Processed: 1 bots)
  ✗ ERROR: SQLSTATE[HY000] [1049] Unknown database 'lan_classico1'
[2026-06-20 18:44:38] [Daemon PID 25468] Starting bot processing for world 1
  - Bot 'bills' (ID: 16) processed in 7.724s
  ✓ Completed in 8.656s (Barbarians: 0.929s, Bots: 7.724s, Processed: 1 bots)
  ✗ ERROR: SQLSTATE[HY000] [1049] Unknown database 'lan_classico1'
[2026-06-20 18:45:47] [Daemon PID 25468] Starting bot processing for world 1
  - Bot 'bills' (ID: 16) processed in 7.717s
  ✓ Completed in 8.641s (Barbarians: 0.922s, Bots: 7.718s, Processed: 1 bots)
  ✗ ERROR: SQLSTATE[HY000] [1049] Unknown database 'lan_classico1'
[2026-06-20 18:46:56] [Daemon PID 25468] Starting bot processing for world 1
  - Bot 'bills' (ID: 16) processed in 7.691s
  ✓ Completed in 8.615s (Barbarians: 0.922s, Bots: 7.692s, Processed: 1 bots)
  ✗ ERROR: SQLSTATE[HY000] [1049] Unknown database 'lan_classico1'
[2026-06-20 18:48:04] [Daemon PID 25468] Starting bot processing for world 1
  - Bot 'bills' (ID: 16) processed in 7.672s
  ✓ Completed in 8.686s (Barbarians: 1.009s, Bots: 7.673s, Processed: 1 bots)
  ✗ ERROR: SQLSTATE[HY000] [1049] Unknown database 'lan_classico1'
[2026-06-20 18:49:13] [Daemon PID 25468] Starting bot processing for world 1
  - Bot 'bills' (ID: 16) processed in 8.098s
  ✓ Completed in 9.046s (Barbarians: 0.946s, Bots: 8.099s, Processed: 1 bots)
  ✗ ERROR: SQLSTATE[HY000] [1049] Unknown database 'lan_classico1'
[2026-06-20 18:50:22] [Daemon PID 25468] Starting bot processing for world 1
  - Bot 'bills' (ID: 16) processed in 7.773s
  ✓ Completed in 8.695s (Barbarians: 0.92s, Bots: 7.774s, Processed: 1 bots)
  ✗ ERROR: SQLSTATE[HY000] [1049] Unknown database 'lan_classico1'
[2026-06-20 18:51:31] [Daemon PID 25468] Starting bot processing for world 1
  - Bot 'bills' (ID: 16) processed in 8.318s
  ✓ Completed in 9.274s (Barbarians: 0.953s, Bots: 8.319s, Processed: 1 bots)
  ✗ ERROR: SQLSTATE[HY000] [1049] Unknown database 'lan_classico1'
[2026-06-20 18:52:40] [Daemon PID 25468] Starting bot processing for world 1
  - Bot 'bills' (ID: 16) processed in 7.846s
  ✓ Completed in 8.823s (Barbarians: 0.974s, Bots: 7.847s, Processed: 1 bots)
  ✗ ERROR: SQLSTATE[HY000] [1049] Unknown database 'lan_classico1'
[2026-06-20 18:53:49] [Daemon PID 25468] Starting bot processing for world 1
  - Bot 'bills' (ID: 16) processed in 7.597s
  ✓ Completed in 8.555s (Barbarians: 0.953s, Bots: 7.598s, Processed: 1 bots)
  ✗ ERROR: SQLSTATE[HY000] [1049] Unknown database 'lan_classico1'
[2026-06-20 18:54:58] [Daemon PID 25468] Starting bot processing for world 1
  - Bot 'bills' (ID: 16) processed in 7.689s
  ✓ Completed in 8.612s (Barbarians: 0.921s, Bots: 7.69s, Processed: 1 bots)
  ✗ ERROR: SQLSTATE[HY000] [1049] Unknown database 'lan_classico1'
[2026-06-20 18:56:06] [Daemon PID 25468] Starting bot processing for world 1
  - Bot 'bills' (ID: 16) processed in 7.638s
  ✓ Completed in 8.566s (Barbarians: 0.926s, Bots: 7.639s, Processed: 1 bots)
  ✗ ERROR: SQLSTATE[HY000] [1049] Unknown database 'lan_classico1'
[2026-06-20 18:57:15] [Daemon PID 25468] Starting bot processing for world 1
  - Bot 'bills' (ID: 16) processed in 7.63s
  ✓ Completed in 8.604s (Barbarians: 0.972s, Bots: 7.63s, Processed: 1 bots)
  ✗ ERROR: SQLSTATE[HY000] [1049] Unknown database 'lan_classico1'
[2026-06-20 18:58:23] [Daemon PID 25468] Starting bot processing for world 1
  - Bot 'bills' (ID: 16) processed in 7.601s
  ✓ Completed in 8.537s (Barbarians: 0.933s, Bots: 7.602s, Processed: 1 bots)
  ✗ ERROR: SQLSTATE[HY000] [1049] Unknown database 'lan_classico1'
[2026-06-20 18:59:32] [Daemon PID 25468] Starting bot processing for world 1
  - Bot 'bills' (ID: 16) processed in 7.625s
  ✓ Completed in 8.555s (Barbarians: 0.925s, Bots: 7.626s, Processed: 1 bots)
  ✗ ERROR: SQLSTATE[HY000] [1049] Unknown database 'lan_classico1'
[2026-06-20 19:00:41] [Daemon PID 25468] Starting bot processing for world 1
  - Bot 'bills' (ID: 16) processed in 7.588s
  ✓ Completed in 8.508s (Barbarians: 0.918s, Bots: 7.588s, Processed: 1 bots)
  ✗ ERROR: SQLSTATE[HY000] [1049] Unknown database 'lan_classico1'
[2026-06-20 19:01:49] [Daemon PID 25468] Starting bot processing for world 1
  - Bot 'bills' (ID: 16) processed in 7.559s
  ✓ Completed in 8.5s (Barbarians: 0.939s, Bots: 7.559s, Processed: 1 bots)
  ✗ ERROR: SQLSTATE[HY000] [1049] Unknown database 'lan_classico1'
[2026-06-20 19:02:58] [Daemon PID 25468] Starting bot processing for world 1
  - Bot 'bills' (ID: 16) processed in 7.703s
  ✓ Completed in 8.641s (Barbarians: 0.936s, Bots: 7.703s, Processed: 1 bots)
  ✗ ERROR: SQLSTATE[HY000] [1049] Unknown database 'lan_classico1'
[2026-06-20 19:04:06] [Daemon PID 25468] Starting bot processing for world 1
  - Bot 'bills' (ID: 16) processed in 7.525s
  ✓ Completed in 8.464s (Barbarians: 0.915s, Bots: 7.526s, Processed: 1 bots)
  ✗ ERROR: SQLSTATE[HY000] [1049] Unknown database 'lan_classico1'
[2026-06-20 19:05:15] [Daemon PID 25468] Starting bot processing for world 1
  - Bot 'bills' (ID: 16) processed in 7.602s
  ✓ Completed in 8.528s (Barbarians: 0.922s, Bots: 7.602s, Processed: 1 bots)
  ✗ ERROR: SQLSTATE[HY000] [1049] Unknown database 'lan_classico1'
[2026-06-20 19:06:23] [Daemon PID 25468] Starting bot processing for world 1
  - Bot 'bills' (ID: 16) processed in 7.541s
  ✓ Completed in 8.481s (Barbarians: 0.938s, Bots: 7.542s, Processed: 1 bots)
  ✗ ERROR: SQLSTATE[HY000] [1049] Unknown database 'lan_classico1'
[2026-06-20 19:07:32] [Daemon PID 25468] Starting bot processing for world 1
[2026-06-20 19:07:40] Starting bot processing for world 1
  - Bot 'bills' (ID: 16) processed in 7.565s
  ✓ Completed in 8.482s (Barbarians: 0.915s, Bots: 7.566s, Processed: 1 bots)
  ✗ ERROR: SQLSTATE[HY000] [1049] Unknown database 'lan_classico1'
  - Bot 'bills' (ID: 16) processed in 3.508s
  ✓ Completed in 5.437s (Barbarians: 0.91s, Bots: 3.508s, Processed: 1 bots)
[2026-06-20 19:08:40] [Daemon PID 25468] Starting bot processing for world 1
  - Bot 'bills' (ID: 16) processed in 6.994s
  ✓ Completed in 7.915s (Barbarians: 0.918s, Bots: 6.994s, Processed: 1 bots)
  ✗ ERROR: SQLSTATE[HY000] [1049] Unknown database 'lan_classico1'
[2026-06-20 19:09:48] [Daemon PID 25468] Starting bot processing for world 1
  - Bot 'bills' (ID: 16) processed in 7.52s
  ✓ Completed in 8.439s (Barbarians: 0.917s, Bots: 7.521s, Processed: 1 bots)
  ✗ ERROR: SQLSTATE[HY000] [1049] Unknown database 'lan_classico1'
[2026-06-20 19:10:57] [Daemon PID 25468] Starting bot processing for world 1
  - Bot 'bills' (ID: 16) processed in 7.542s
  ✓ Completed in 8.467s (Barbarians: 0.92s, Bots: 7.543s, Processed: 1 bots)
  ✗ ERROR: SQLSTATE[HY000] [1049] Unknown database 'lan_classico1'
[2026-06-20 19:12:05] [Daemon PID 25468] Starting bot processing for world 1
  - Bot 'bills' (ID: 16) processed in 7.527s
  ✓ Completed in 8.446s (Barbarians: 0.918s, Bots: 7.527s, Processed: 1 bots)
  ✗ ERROR: SQLSTATE[HY000] [1049] Unknown database 'lan_classico1'
[2026-06-20 19:13:14] [Daemon PID 25468] Starting bot processing for world 1
  - Bot 'bills' (ID: 16) processed in 7.501s
  ✓ Completed in 8.42s (Barbarians: 0.917s, Bots: 7.501s, Processed: 1 bots)
  ✗ ERROR: SQLSTATE[HY000] [1049] Unknown database 'lan_classico1'
[2026-06-20 19:14:22] [Daemon PID 25468] Starting bot processing for world 1
  - Bot 'bills' (ID: 16) processed in 7.743s
  ✓ Completed in 8.66s (Barbarians: 0.915s, Bots: 7.744s, Processed: 1 bots)
  ✗ ERROR: SQLSTATE[HY000] [1049] Unknown database 'lan_classico1'
[2026-06-20 19:15:31] [Daemon PID 25468] Starting bot processing for world 1
  - Bot 'bills' (ID: 16) processed in 7.719s
  ✓ Completed in 8.665s (Barbarians: 0.944s, Bots: 7.719s, Processed: 1 bots)
  ✗ ERROR: SQLSTATE[HY000] [1049] Unknown database 'lan_classico1'
[2026-06-20 19:16:39] [Daemon PID 25468] Starting bot processing for world 1
[2026-06-20 19:16:40] Starting bot processing for world 1
  - Bot 'bills' (ID: 16) processed in 9.052s
  ✓ Completed in 10.048s (Barbarians: 0.99s, Bots: 9.053s, Processed: 1 bots)
  ✓ Completed in 9.725s (Barbarians: 1.026s, Bots: 7.622s, Processed: 1 bots)
  ✗ ERROR: SQLSTATE[HY000] [1049] Unknown database 'lan_classico1'
[2026-06-20 19:17:49] [Daemon PID 25468] Starting bot processing for world 1
  - Bot 'bills' (ID: 16) processed in 4.631s
  ✓ Completed in 5.58s (Barbarians: 0.947s, Bots: 4.631s, Processed: 1 bots)
  ✗ ERROR: SQLSTATE[HY000] [1049] Unknown database 'lan_classico1'
[2026-06-20 19:18:55] [Daemon PID 25468] Starting bot processing for world 1
  - Bot 'bills' (ID: 16) processed in 7.498s
  ✓ Completed in 8.454s (Barbarians: 0.954s, Bots: 7.498s, Processed: 1 bots)
  ✗ ERROR: SQLSTATE[HY000] [1049] Unknown database 'lan_classico1'
[2026-06-20 19:20:04] [Daemon PID 25468] Starting bot processing for world 1
  - Bot 'bills' (ID: 16) processed in 7.719s
  ✓ Completed in 8.646s (Barbarians: 0.925s, Bots: 7.72s, Processed: 1 bots)
  ✗ ERROR: SQLSTATE[HY000] [1049] Unknown database 'lan_classico1'
[2026-06-20 19:21:12] [Daemon PID 25468] Starting bot processing for world 1
  - Bot 'bills' (ID: 16) processed in 7.649s
  ✓ Completed in 8.596s (Barbarians: 0.945s, Bots: 7.649s, Processed: 1 bots)
  ✗ ERROR: SQLSTATE[HY000] [1049] Unknown database 'lan_classico1'
[2026-06-20 19:22:21] [Daemon PID 25468] Starting bot processing for world 1
  - Bot 'bills' (ID: 16) processed in 7.609s
  ✓ Completed in 8.535s (Barbarians: 0.92s, Bots: 7.609s, Processed: 1 bots)
  ✗ ERROR: SQLSTATE[HY000] [1049] Unknown database 'lan_classico1'
[2026-06-20 19:23:29] [Daemon PID 25468] Starting bot processing for world 1
  - Bot 'bills' (ID: 16) processed in 7.689s
  ✓ Completed in 8.64s (Barbarians: 0.949s, Bots: 7.689s, Processed: 1 bots)
  ✗ ERROR: SQLSTATE[HY000] [1049] Unknown database 'lan_classico1'
[2026-06-20 19:24:38] [Daemon PID 25468] Starting bot processing for world 1
[2026-06-20 19:24:40] Starting bot processing for world 1
  - Bot 'bills' (ID: 16) processed in 8.99s
  - Bot 'bills' (ID: 16) processed in 6.767s
  ✓ Completed in 9.928s (Barbarians: 0.934s, Bots: 8.991s, Processed: 1 bots)
  ✓ Completed in 8.229s (Barbarians: 1.023s, Bots: 6.768s, Processed: 1 bots)
  ✗ ERROR: SQLSTATE[HY000] [1049] Unknown database 'lan_classico1'
[2026-06-20 19:25:48] [Daemon PID 25468] Starting bot processing for world 1
  - Bot 'bills' (ID: 16) processed in 5.309s
  ✓ Completed in 6.252s (Barbarians: 0.941s, Bots: 5.309s, Processed: 1 bots)
  ✗ ERROR: SQLSTATE[HY000] [1049] Unknown database 'lan_classico1'
[2026-06-20 19:26:54] [Daemon PID 25468] Starting bot processing for world 1
  - Bot 'bills' (ID: 16) processed in 7.382s
  ✓ Completed in 8.323s (Barbarians: 0.938s, Bots: 7.382s, Processed: 1 bots)
  ✗ ERROR: SQLSTATE[HY000] [1049] Unknown database 'lan_classico1'
[2026-06-20 19:28:03] [Daemon PID 25468] Starting bot processing for world 1
  - Bot 'bills' (ID: 16) processed in 8.858s
  ✓ Completed in 10.023s (Barbarians: 1.16s, Bots: 8.859s, Processed: 1 bots)
  ✗ ERROR: SQLSTATE[HY000] [1049] Unknown database 'lan_classico1'
[2026-06-20 19:29:13] [Daemon PID 25468] Starting bot processing for world 1
  - Bot 'bills' (ID: 16) processed in 8.897s
  ✓ Completed in 9.874s (Barbarians: 0.974s, Bots: 8.898s, Processed: 1 bots)
  ✗ ERROR: SQLSTATE[HY000] [1049] Unknown database 'lan_classico1'
[2026-06-20 19:30:23] [Daemon PID 25468] Starting bot processing for world 1
  - Bot 'bills' (ID: 16) processed in 8.025s
  ✓ Completed in 9.023s (Barbarians: 0.995s, Bots: 8.026s, Processed: 1 bots)
  ✗ ERROR: SQLSTATE[HY000] [1049] Unknown database 'lan_classico1'
[2026-06-20 19:31:32] [Daemon PID 25468] Starting bot processing for world 1
  - Bot 'bills' (ID: 16) processed in 7.778s
  ✓ Completed in 8.702s (Barbarians: 0.921s, Bots: 7.779s, Processed: 1 bots)
  ✗ ERROR: SQLSTATE[HY000] [1049] Unknown database 'lan_classico1'
[2026-06-20 19:32:40] [Daemon PID 25468] Starting bot processing for world 1
  - Bot 'bills' (ID: 16) processed in 7.764s
  ✓ Completed in 8.753s (Barbarians: 0.987s, Bots: 7.765s, Processed: 1 bots)
  ✗ ERROR: SQLSTATE[HY000] [1049] Unknown database 'lan_classico1'
[2026-06-20 19:33:49] [Daemon PID 25468] Starting bot processing for world 1
  - Bot 'bills' (ID: 16) processed in 8.014s
  ✓ Completed in 9.017s (Barbarians: 0.997s, Bots: 8.014s, Processed: 1 bots)
  ✗ ERROR: SQLSTATE[HY000] [1049] Unknown database 'lan_classico1'
[2026-06-20 19:34:58] [Daemon PID 25468] Starting bot processing for world 1
  - Bot 'bills' (ID: 16) processed in 7.98s
  ✓ Completed in 8.915s (Barbarians: 0.932s, Bots: 7.981s, Processed: 1 bots)
  ✗ ERROR: SQLSTATE[HY000] [1049] Unknown database 'lan_classico1'
[2026-06-20 19:36:07] [Daemon PID 25468] Starting bot processing for world 1
  - Bot 'bills' (ID: 16) processed in 7.885s
  ✓ Completed in 8.823s (Barbarians: 0.936s, Bots: 7.885s, Processed: 1 bots)
  ✗ ERROR: SQLSTATE[HY000] [1049] Unknown database 'lan_classico1'
[2026-06-20 19:37:16] [Daemon PID 25468] Starting bot processing for world 1
[2026-06-20 19:37:21] Starting bot processing for world 1
  - Bot 'bills' (ID: 16) processed in 9.111s
  ✓ Completed in 10.16s (Barbarians: 1.046s, Bots: 9.112s, Processed: 1 bots)
  ✗ ERROR: SQLSTATE[HY000] [1049] Unknown database 'lan_classico1'
  - Bot 'bills' (ID: 16) processed in 4.071s
  ✓ Completed in 5.575s (Barbarians: 1.032s, Bots: 4.072s, Processed: 1 bots)
[2026-06-20 19:38:26] [Daemon PID 25468] Starting bot processing for world 1
  - Bot 'bills' (ID: 16) processed in 8.307s
  ✓ Completed in 9.4s (Barbarians: 1.091s, Bots: 8.308s, Processed: 1 bots)
  ✗ ERROR: SQLSTATE[HY000] [1049] Unknown database 'lan_classico1'
[2026-06-20 19:39:35] [Daemon PID 25468] Starting bot processing for world 1
  - Bot 'bills' (ID: 16) processed in 8.247s
  ✓ Completed in 9.301s (Barbarians: 1.049s, Bots: 8.247s, Processed: 1 bots)
  ✗ ERROR: SQLSTATE[HY000] [1049] Unknown database 'lan_classico1'
[2026-06-20 19:40:45] [Daemon PID 25468] Starting bot processing for world 1
  - Bot 'bills' (ID: 16) processed in 7.771s
  ✓ Completed in 8.7s (Barbarians: 0.927s, Bots: 7.771s, Processed: 1 bots)
  ✗ ERROR: SQLSTATE[HY000] [1049] Unknown database 'lan_classico1'
[2026-06-20 19:41:53] [Daemon PID 25468] Starting bot processing for world 1
  - Bot 'bills' (ID: 16) processed in 8.762s
  ✓ Completed in 9.818s (Barbarians: 1.054s, Bots: 8.763s, Processed: 1 bots)
  ✗ ERROR: SQLSTATE[HY000] [1049] Unknown database 'lan_classico1'
[2026-06-20 19:43:03] [Daemon PID 25468] Starting bot processing for world 1
  - Bot 'bills' (ID: 16) processed in 7.915s
  ✓ Completed in 8.935s (Barbarians: 1.018s, Bots: 7.915s, Processed: 1 bots)
  ✗ ERROR: SQLSTATE[HY000] [1049] Unknown database 'lan_classico1'
[2026-06-20 19:44:12] [Daemon PID 25468] Starting bot processing for world 1
  - Bot 'bills' (ID: 16) processed in 7.931s
  ✓ Completed in 8.883s (Barbarians: 0.95s, Bots: 7.932s, Processed: 1 bots)
  ✗ ERROR: SQLSTATE[HY000] [1049] Unknown database 'lan_classico1'
[2026-06-20 19:45:21] [Daemon PID 25468] Starting bot processing for world 1
  - Bot 'bills' (ID: 16) processed in 7.939s
  ✓ Completed in 9.196s (Barbarians: 1.252s, Bots: 7.939s, Processed: 1 bots)
  ✗ ERROR: SQLSTATE[HY000] [1049] Unknown database 'lan_classico1'
[2026-06-20 19:46:30] [Daemon PID 25468] Starting bot processing for world 1
  - Bot 'bills' (ID: 16) processed in 7.811s
  ✓ Completed in 8.731s (Barbarians: 0.917s, Bots: 7.812s, Processed: 1 bots)
  ✗ ERROR: SQLSTATE[HY000] [1049] Unknown database 'lan_classico1'
[2026-06-20 19:47:39] [Daemon PID 25468] Starting bot processing for world 1
  - Bot 'bills' (ID: 16) processed in 8.531s
  ✓ Completed in 9.585s (Barbarians: 1.051s, Bots: 8.531s, Processed: 1 bots)
  ✗ ERROR: SQLSTATE[HY000] [1049] Unknown database 'lan_classico1'
[2026-06-20 19:48:49] [Daemon PID 25468] Starting bot processing for world 1
  - Bot 'bills' (ID: 16) processed in 7.891s
  ✓ Completed in 8.855s (Barbarians: 0.961s, Bots: 7.891s, Processed: 1 bots)
  ✗ ERROR: SQLSTATE[HY000] [1049] Unknown database 'lan_classico1'
[2026-06-20 19:49:58] [Daemon PID 25468] Starting bot processing for world 1
  - Bot 'bills' (ID: 16) processed in 7.607s
  ✓ Completed in 8.545s (Barbarians: 0.936s, Bots: 7.608s, Processed: 1 bots)
  ✗ ERROR: SQLSTATE[HY000] [1049] Unknown database 'lan_classico1'
[2026-06-20 19:51:06] [Daemon PID 25468] Starting bot processing for world 1
  - Bot 'bills' (ID: 16) processed in 7.627s
  ✓ Completed in 8.543s (Barbarians: 0.911s, Bots: 7.628s, Processed: 1 bots)
  ✗ ERROR: SQLSTATE[HY000] [1049] Unknown database 'lan_classico1'
[2026-06-20 19:52:15] [Daemon PID 25468] Starting bot processing for world 1
  - Bot 'bills' (ID: 16) processed in 7.482s
  ✓ Completed in 8.446s (Barbarians: 0.963s, Bots: 7.482s, Processed: 1 bots)
  ✗ ERROR: SQLSTATE[HY000] [1049] Unknown database 'lan_classico1'
[2026-06-20 19:53:23] [Daemon PID 25468] Starting bot processing for world 1
[2026-06-20 19:53:24] Starting bot processing for world 1
  - Bot 'bills' (ID: 16) processed in 7.442s
  - Bot 'bills' (ID: 16) processed in 9.063s
  ✓ Completed in 9.998s (Barbarians: 0.933s, Bots: 9.064s, Processed: 1 bots)
  ✓ Completed in 8.964s (Barbarians: 1.039s, Bots: 7.442s, Processed: 1 bots)
  ✗ ERROR: SQLSTATE[HY000] [1049] Unknown database 'lan_classico1'
[2026-06-20 19:54:33] [Daemon PID 25468] Starting bot processing for world 1
  - Bot 'bills' (ID: 16) processed in 4.579s
  ✓ Completed in 5.485s (Barbarians: 0.903s, Bots: 4.58s, Processed: 1 bots)
  ✗ ERROR: SQLSTATE[HY000] [1049] Unknown database 'lan_classico1'
[2026-06-20 19:55:39] [Daemon PID 25468] Starting bot processing for world 1
  - Bot 'bills' (ID: 16) processed in 6.937s
  ✓ Completed in 7.84s (Barbarians: 0.901s, Bots: 6.937s, Processed: 1 bots)
  ✗ ERROR: SQLSTATE[HY000] [1049] Unknown database 'lan_classico1'
[2026-06-20 19:56:47] [Daemon PID 25468] Starting bot processing for world 1
[2026-06-20 19:56:49] Starting bot processing for world 1
  - Bot 'bills' (ID: 16) processed in 5.14s
  - Bot 'bills' (ID: 16) processed in 8.321s
  ✓ Completed in 9.232s (Barbarians: 0.905s, Bots: 8.322s, Processed: 1 bots)
  ✓ Completed in 6.567s (Barbarians: 1.025s, Bots: 5.141s, Processed: 1 bots)
  ✗ ERROR: SQLSTATE[HY000] [1049] Unknown database 'lan_classico1'
[2026-06-20 19:57:56] [Daemon PID 25468] Starting bot processing for world 1
  - Bot 'bills' (ID: 16) processed in 6.1s
  ✓ Completed in 7.001s (Barbarians: 0.899s, Bots: 6.1s, Processed: 1 bots)
  ✗ ERROR: SQLSTATE[HY000] [1049] Unknown database 'lan_classico1'
[2026-06-20 19:59:03] [Daemon PID 25468] Starting bot processing for world 1
  - Bot 'bills' (ID: 16) processed in 7.528s
  ✓ Completed in 8.454s (Barbarians: 0.923s, Bots: 7.529s, Processed: 1 bots)
  ✗ ERROR: SQLSTATE[HY000] [1049] Unknown database 'lan_classico1'
[2026-06-20 20:00:11] [Daemon PID 25468] Starting bot processing for world 1
  - Bot 'bills' (ID: 16) processed in 7.608s
  ✓ Completed in 8.525s (Barbarians: 0.915s, Bots: 7.608s, Processed: 1 bots)
  ✗ ERROR: SQLSTATE[HY000] [1049] Unknown database 'lan_classico1'
[2026-06-20 20:01:20] [Daemon PID 25468] Starting bot processing for world 1
  - Bot 'bills' (ID: 16) processed in 7.567s
  ✓ Completed in 8.546s (Barbarians: 0.977s, Bots: 7.567s, Processed: 1 bots)
  ✗ ERROR: SQLSTATE[HY000] [1049] Unknown database 'lan_classico1'
[2026-06-20 20:02:28] [Daemon PID 25468] Starting bot processing for world 1
  - Bot 'bills' (ID: 16) processed in 7.509s
  ✓ Completed in 8.419s (Barbarians: 0.905s, Bots: 7.509s, Processed: 1 bots)
  ✗ ERROR: SQLSTATE[HY000] [1049] Unknown database 'lan_classico1'
[2026-06-20 20:04:49] Starting bot processing for world 1
  - Bot 'bills' (ID: 16) processed in 10.848s
  ✓ Completed in 12.162s (Barbarians: 0.923s, Bots: 10.849s, Processed: 1 bots)
[2026-06-20 20:05:33] [Daemon PID 25184] Starting bot processing for world 1
  - Bot 'bills' (ID: 16) processed in 5.469s
  ✓ Completed in 8.017s (Barbarians: 0.989s, Bots: 5.469s, Processed: 1 bots)
  ✗ ERROR: SQLSTATE[HY000] [1049] Unknown database 'lan_classico1'
[2026-06-20 20:06:41] [Daemon PID 25184] Starting bot processing for world 1
[2026-06-20 20:06:47] Starting bot processing for world 1
  - Bot 'bills' (ID: 16) processed in 9.209s
  ✓ Completed in 10.291s (Barbarians: 1.081s, Bots: 9.209s, Processed: 1 bots)
  ✗ ERROR: SQLSTATE[HY000] [1049] Unknown database 'lan_classico1'
  - Bot 'bills' (ID: 16) processed in 4.49s
  ✓ Completed in 6.159s (Barbarians: 1.123s, Bots: 4.491s, Processed: 1 bots)
[2026-06-20 20:07:51] [Daemon PID 25184] Starting bot processing for world 1
  - Bot 'bills' (ID: 16) processed in 7.415s
  ✓ Completed in 8.399s (Barbarians: 0.982s, Bots: 7.415s, Processed: 1 bots)
  ✗ ERROR: SQLSTATE[HY000] [1049] Unknown database 'lan_classico1'
[2026-06-20 20:08:59] [Daemon PID 25184] Starting bot processing for world 1
  - Bot 'bills' (ID: 16) processed in 8.203s
  ✓ Completed in 9.316s (Barbarians: 1.111s, Bots: 8.204s, Processed: 1 bots)
  ✗ ERROR: SQLSTATE[HY000] [1049] Unknown database 'lan_classico1'
[2026-06-20 20:10:09] [Daemon PID 25184] Starting bot processing for world 1
  - Bot 'bills' (ID: 16) processed in 8.305s
  ✓ Completed in 9.284s (Barbarians: 0.974s, Bots: 8.305s, Processed: 1 bots)
  ✗ ERROR: SQLSTATE[HY000] [1049] Unknown database 'lan_classico1'
[2026-06-20 20:11:18] [Daemon PID 25184] Starting bot processing for world 1
  - Bot 'bills' (ID: 16) processed in 7.678s
  ✓ Completed in 8.623s (Barbarians: 0.943s, Bots: 7.678s, Processed: 1 bots)
  ✗ ERROR: SQLSTATE[HY000] [1049] Unknown database 'lan_classico1'
[2026-06-20 20:12:27] [Daemon PID 25184] Starting bot processing for world 1
  - Bot 'bills' (ID: 16) processed in 8.225s
  ✓ Completed in 9.188s (Barbarians: 0.961s, Bots: 8.225s, Processed: 1 bots)
  ✗ ERROR: SQLSTATE[HY000] [1049] Unknown database 'lan_classico1'
[2026-06-20 20:13:36] [Daemon PID 25184] Starting bot processing for world 1
  - Bot 'bills' (ID: 16) processed in 7.673s
  ✓ Completed in 8.63s (Barbarians: 0.955s, Bots: 7.674s, Processed: 1 bots)
  ✗ ERROR: SQLSTATE[HY000] [1049] Unknown database 'lan_classico1'
[2026-06-20 20:14:45] [Daemon PID 25184] Starting bot processing for world 1
  - Bot 'bills' (ID: 16) processed in 9.182s
  ✓ Completed in 10.188s (Barbarians: 1.003s, Bots: 9.183s, Processed: 1 bots)
  ✗ ERROR: SQLSTATE[HY000] [1049] Unknown database 'lan_classico1'
[2026-06-20 20:15:55] [Daemon PID 25184] Starting bot processing for world 1
  - Bot 'bills' (ID: 16) processed in 7.856s
  ✓ Completed in 8.808s (Barbarians: 0.948s, Bots: 7.856s, Processed: 1 bots)
  ✗ ERROR: SQLSTATE[HY000] [1049] Unknown database 'lan_classico1'
[2026-06-20 20:17:04] [Daemon PID 25184] Starting bot processing for world 1
  - Bot 'bills' (ID: 16) processed in 7.845s
  ✓ Completed in 8.781s (Barbarians: 0.933s, Bots: 7.845s, Processed: 1 bots)
  ✗ ERROR: SQLSTATE[HY000] [1049] Unknown database 'lan_classico1'
[2026-06-20 20:18:12] [Daemon PID 25184] Starting bot processing for world 1
  - Bot 'bills' (ID: 16) processed in 8.469s
  ✓ Completed in 9.423s (Barbarians: 0.952s, Bots: 8.47s, Processed: 1 bots)
  ✗ ERROR: SQLSTATE[HY000] [1049] Unknown database 'lan_classico1'
[2026-06-20 20:19:22] [Daemon PID 25184] Starting bot processing for world 1
  - Bot 'bills' (ID: 16) processed in 8.108s
  ✓ Completed in 9.092s (Barbarians: 0.981s, Bots: 8.109s, Processed: 1 bots)
  ✗ ERROR: SQLSTATE[HY000] [1049] Unknown database 'lan_classico1'
[2026-06-20 20:20:31] [Daemon PID 25184] Starting bot processing for world 1
  - Bot 'bills' (ID: 16) processed in 7.745s
  ✓ Completed in 8.692s (Barbarians: 0.944s, Bots: 7.746s, Processed: 1 bots)
  ✗ ERROR: SQLSTATE[HY000] [1049] Unknown database 'lan_classico1'
[2026-06-20 20:21:40] [Daemon PID 25184] Starting bot processing for world 1
  - Bot 'bills' (ID: 16) processed in 7.859s
  ✓ Completed in 8.818s (Barbarians: 0.952s, Bots: 7.86s, Processed: 1 bots)
  ✗ ERROR: SQLSTATE[HY000] [1049] Unknown database 'lan_classico1'
[2026-06-20 20:22:49] [Daemon PID 25184] Starting bot processing for world 1
  - Bot 'bills' (ID: 16) processed in 7.757s
  ✓ Completed in 8.715s (Barbarians: 0.956s, Bots: 7.758s, Processed: 1 bots)
  ✗ ERROR: SQLSTATE[HY000] [1049] Unknown database 'lan_classico1'
[2026-06-20 20:23:57] [Daemon PID 25184] Starting bot processing for world 1
  - Bot 'bills' (ID: 16) processed in 7.644s
  ✓ Completed in 8.587s (Barbarians: 0.941s, Bots: 7.644s, Processed: 1 bots)
  ✗ ERROR: SQLSTATE[HY000] [1049] Unknown database 'lan_classico1'
[2026-06-20 20:25:06] [Daemon PID 25184] Starting bot processing for world 1
  - Bot 'bills' (ID: 16) processed in 8.987s
  ✓ Completed in 9.969s (Barbarians: 0.98s, Bots: 8.988s, Processed: 1 bots)
  ✗ ERROR: SQLSTATE[HY000] [1049] Unknown database 'lan_classico1'
[2026-06-20 20:26:16] [Daemon PID 25184] Starting bot processing for world 1
  - Bot 'bills' (ID: 16) processed in 8.013s
  ✓ Completed in 9.096s (Barbarians: 1.078s, Bots: 8.014s, Processed: 1 bots)
  ✗ ERROR: SQLSTATE[HY000] [1049] Unknown database 'lan_classico1'
[2026-06-20 20:27:25] [Daemon PID 25184] Starting bot processing for world 1
  - Bot 'bills' (ID: 16) processed in 8.41s
  ✓ Completed in 9.451s (Barbarians: 1.036s, Bots: 8.41s, Processed: 1 bots)
  ✗ ERROR: SQLSTATE[HY000] [1049] Unknown database 'lan_classico1'
[2026-06-20 20:28:34] [Daemon PID 25184] Starting bot processing for world 1
  - Bot 'bills' (ID: 16) processed in 7.787s
  ✓ Completed in 8.701s (Barbarians: 0.911s, Bots: 7.788s, Processed: 1 bots)
  ✗ ERROR: SQLSTATE[HY000] [1049] Unknown database 'lan_classico1'
[2026-06-20 20:29:43] [Daemon PID 25184] Starting bot processing for world 1
  - Bot 'bills' (ID: 16) processed in 8.557s
  ✓ Completed in 9.556s (Barbarians: 0.996s, Bots: 8.558s, Processed: 1 bots)
  ✗ ERROR: SQLSTATE[HY000] [1049] Unknown database 'lan_classico1'
[2026-06-20 20:30:53] [Daemon PID 25184] Starting bot processing for world 1
  - Bot 'bills' (ID: 16) processed in 7.666s
  ✓ Completed in 8.614s (Barbarians: 0.946s, Bots: 7.666s, Processed: 1 bots)
  ✗ ERROR: SQLSTATE[HY000] [1049] Unknown database 'lan_classico1'
[2026-06-20 20:32:01] [Daemon PID 25184] Starting bot processing for world 1
  - Bot 'bills' (ID: 16) processed in 7.636s
  ✓ Completed in 8.538s (Barbarians: 0.9s, Bots: 7.636s, Processed: 1 bots)
  ✗ ERROR: SQLSTATE[HY000] [1049] Unknown database 'lan_classico1'
[2026-06-20 20:33:10] [Daemon PID 25184] Starting bot processing for world 1
  - Bot 'bills' (ID: 16) processed in 7.56s
  ✓ Completed in 8.492s (Barbarians: 0.926s, Bots: 7.561s, Processed: 1 bots)
  ✗ ERROR: SQLSTATE[HY000] [1049] Unknown database 'lan_classico1'
[2026-06-20 20:34:18] [Daemon PID 25184] Starting bot processing for world 1
  - Bot 'bills' (ID: 16) processed in 7.328s
  ✓ Completed in 8.338s (Barbarians: 1.008s, Bots: 7.329s, Processed: 1 bots)
  ✗ ERROR: SQLSTATE[HY000] [1049] Unknown database 'lan_classico1'
[2026-06-20 20:35:27] [Daemon PID 25184] Starting bot processing for world 1
  - Bot 'bills' (ID: 16) processed in 7.531s
  ✓ Completed in 8.421s (Barbarians: 0.887s, Bots: 7.531s, Processed: 1 bots)
  ✗ ERROR: SQLSTATE[HY000] [1049] Unknown database 'lan_classico1'
[2026-06-20 20:36:35] [Daemon PID 25184] Starting bot processing for world 1
  - Bot 'bills' (ID: 16) processed in 7.487s
  ✓ Completed in 8.405s (Barbarians: 0.916s, Bots: 7.487s, Processed: 1 bots)
  ✗ ERROR: SQLSTATE[HY000] [1049] Unknown database 'lan_classico1'
[2026-06-20 20:37:44] [Daemon PID 25184] Starting bot processing for world 1
[2026-06-20 20:37:49] Starting bot processing for world 1
  - Bot 'bills' (ID: 16) processed in 7.793s
  ✓ Completed in 8.692s (Barbarians: 0.897s, Bots: 7.794s, Processed: 1 bots)
  ✗ ERROR: SQLSTATE[HY000] [1049] Unknown database 'lan_classico1'
  - Bot 'bills' (ID: 16) processed in 3.622s
  ✓ Completed in 5.106s (Barbarians: 1.073s, Bots: 3.623s, Processed: 1 bots)
[2026-06-20 20:38:52] [Daemon PID 25184] Starting bot processing for world 1
  - Bot 'bills' (ID: 16) processed in 7.15s
  ✓ Completed in 8.069s (Barbarians: 0.914s, Bots: 7.15s, Processed: 1 bots)
  ✗ ERROR: SQLSTATE[HY000] [1049] Unknown database 'lan_classico1'
[2026-06-20 20:40:00] [Daemon PID 25184] Starting bot processing for world 1
  - Bot 'bills' (ID: 16) processed in 7.551s
  ✓ Completed in 8.483s (Barbarians: 0.929s, Bots: 7.551s, Processed: 1 bots)
  ✗ ERROR: SQLSTATE[HY000] [1049] Unknown database 'lan_classico1'
[2026-06-20 20:41:09] [Daemon PID 25184] Starting bot processing for world 1
  - Bot 'bills' (ID: 16) processed in 7.536s
  ✓ Completed in 8.457s (Barbarians: 0.919s, Bots: 7.537s, Processed: 1 bots)
  ✗ ERROR: SQLSTATE[HY000] [1049] Unknown database 'lan_classico1'
[2026-06-20 20:42:17] [Daemon PID 25184] Starting bot processing for world 1
  - Bot 'bills' (ID: 16) processed in 7.481s
  ✓ Completed in 8.402s (Barbarians: 0.919s, Bots: 7.481s, Processed: 1 bots)
  ✗ ERROR: SQLSTATE[HY000] [1049] Unknown database 'lan_classico1'
[2026-06-20 20:43:26] [Daemon PID 25184] Starting bot processing for world 1
  - Bot 'bills' (ID: 16) processed in 7.547s
  ✓ Completed in 8.428s (Barbarians: 0.879s, Bots: 7.548s, Processed: 1 bots)
  ✗ ERROR: SQLSTATE[HY000] [1049] Unknown database 'lan_classico1'
[2026-06-20 20:44:34] [Daemon PID 25184] Starting bot processing for world 1
  - Bot 'bills' (ID: 16) processed in 7.574s
  ✓ Completed in 8.479s (Barbarians: 0.9s, Bots: 7.574s, Processed: 1 bots)
  ✗ ERROR: SQLSTATE[HY000] [1049] Unknown database 'lan_classico1'
[2026-06-20 20:45:43] [Daemon PID 25184] Starting bot processing for world 1
[2026-06-20 20:45:49] Starting bot processing for world 1
  - Bot 'bills' (ID: 16) processed in 7.618s
  ✓ Completed in 8.507s (Barbarians: 0.887s, Bots: 7.618s, Processed: 1 bots)
  ✗ ERROR: SQLSTATE[HY000] [1049] Unknown database 'lan_classico1'
  - Bot 'bills' (ID: 16) processed in 3.323s
  ✓ Completed in 5.077s (Barbarians: 1.111s, Bots: 3.324s, Processed: 1 bots)
[2026-06-20 20:46:51] [Daemon PID 25184] Starting bot processing for world 1
  - Bot 'bills' (ID: 16) processed in 7.088s
  ✓ Completed in 8.008s (Barbarians: 0.917s, Bots: 7.089s, Processed: 1 bots)
  ✗ ERROR: SQLSTATE[HY000] [1049] Unknown database 'lan_classico1'
[2026-06-20 20:47:59] [Daemon PID 25184] Starting bot processing for world 1
  - Bot 'bills' (ID: 16) processed in 7.32s
  ✓ Completed in 8.243s (Barbarians: 0.921s, Bots: 7.32s, Processed: 1 bots)
  ✗ ERROR: SQLSTATE[HY000] [1049] Unknown database 'lan_classico1'
[2026-06-20 20:49:08] [Daemon PID 25184] Starting bot processing for world 1
  - Bot 'bills' (ID: 16) processed in 7.441s
  ✓ Completed in 8.355s (Barbarians: 0.911s, Bots: 7.441s, Processed: 1 bots)
  ✗ ERROR: SQLSTATE[HY000] [1049] Unknown database 'lan_classico1'
[2026-06-20 20:50:16] [Daemon PID 25184] Starting bot processing for world 1
  - Bot 'bills' (ID: 16) processed in 7.41s
  ✓ Completed in 8.325s (Barbarians: 0.911s, Bots: 7.41s, Processed: 1 bots)
  ✗ ERROR: SQLSTATE[HY000] [1049] Unknown database 'lan_classico1'
[2026-06-20 20:51:24] [Daemon PID 25184] Starting bot processing for world 1
  - Bot 'bills' (ID: 16) processed in 7.531s
  ✓ Completed in 8.469s (Barbarians: 0.935s, Bots: 7.532s, Processed: 1 bots)
  ✗ ERROR: SQLSTATE[HY000] [1049] Unknown database 'lan_classico1'
[2026-06-20 20:52:33] [Daemon PID 25184] Starting bot processing for world 1
  - Bot 'bills' (ID: 16) processed in 7.567s
  ✓ Completed in 8.479s (Barbarians: 0.909s, Bots: 7.568s, Processed: 1 bots)
  ✗ ERROR: SQLSTATE[HY000] [1049] Unknown database 'lan_classico1'
[2026-06-20 20:53:41] [Daemon PID 25184] Starting bot processing for world 1
[2026-06-20 20:53:49] Starting bot processing for world 1
  - Bot 'bills' (ID: 16) processed in 7.545s
  ✓ Completed in 8.493s (Barbarians: 0.946s, Bots: 7.545s, Processed: 1 bots)
  ✗ ERROR: SQLSTATE[HY000] [1049] Unknown database 'lan_classico1'
  - Bot 'bills' (ID: 16) processed in 3.716s
  ✓ Completed in 5.185s (Barbarians: 0.921s, Bots: 3.716s, Processed: 1 bots)
[2026-06-20 20:54:50] [Daemon PID 25184] Starting bot processing for world 1
  - Bot 'bills' (ID: 16) processed in 6.829s
  ✓ Completed in 7.789s (Barbarians: 0.958s, Bots: 6.83s, Processed: 1 bots)
  ✗ ERROR: SQLSTATE[HY000] [1049] Unknown database 'lan_classico1'
[2026-06-20 20:55:58] [Daemon PID 25184] Starting bot processing for world 1
  - Bot 'bills' (ID: 16) processed in 7.55s
  ✓ Completed in 8.469s (Barbarians: 0.914s, Bots: 7.551s, Processed: 1 bots)
  ✗ ERROR: SQLSTATE[HY000] [1049] Unknown database 'lan_classico1'
[2026-06-20 20:57:06] [Daemon PID 25184] Starting bot processing for world 1
  - Bot 'bills' (ID: 16) processed in 7.554s
  ✓ Completed in 8.481s (Barbarians: 0.925s, Bots: 7.554s, Processed: 1 bots)
  ✗ ERROR: SQLSTATE[HY000] [1049] Unknown database 'lan_classico1'
[2026-06-20 20:58:15] [Daemon PID 25184] Starting bot processing for world 1
  - Bot 'bills' (ID: 16) processed in 7.473s
  ✓ Completed in 8.353s (Barbarians: 0.878s, Bots: 7.473s, Processed: 1 bots)
  ✗ ERROR: SQLSTATE[HY000] [1049] Unknown database 'lan_classico1'
[2026-06-20 20:59:23] [Daemon PID 25184] Starting bot processing for world 1
  - Bot 'bills' (ID: 16) processed in 7.508s
  ✓ Completed in 8.415s (Barbarians: 0.905s, Bots: 7.509s, Processed: 1 bots)
  ✗ ERROR: SQLSTATE[HY000] [1049] Unknown database 'lan_classico1'
[2026-06-20 21:00:31] [Daemon PID 25184] Starting bot processing for world 1
  - Bot 'bills' (ID: 16) processed in 7.512s
  ✓ Completed in 8.432s (Barbarians: 0.917s, Bots: 7.513s, Processed: 1 bots)
  ✗ ERROR: SQLSTATE[HY000] [1049] Unknown database 'lan_classico1'
[2026-06-20 21:01:40] [Daemon PID 25184] Starting bot processing for world 1
  - Bot 'bills' (ID: 16) processed in 7.571s
  ✓ Completed in 8.523s (Barbarians: 0.947s, Bots: 7.572s, Processed: 1 bots)
  ✗ ERROR: SQLSTATE[HY000] [1049] Unknown database 'lan_classico1'
[2026-06-20 21:02:48] [Daemon PID 25184] Starting bot processing for world 1
  - Bot 'bills' (ID: 16) processed in 7.495s
  ✓ Completed in 8.428s (Barbarians: 0.931s, Bots: 7.496s, Processed: 1 bots)
  ✗ ERROR: SQLSTATE[HY000] [1049] Unknown database 'lan_classico1'
[2026-06-20 21:03:57] [Daemon PID 25184] Starting bot processing for world 1
  - Bot 'bills' (ID: 16) processed in 7.419s
  ✓ Completed in 8.346s (Barbarians: 0.925s, Bots: 7.419s, Processed: 1 bots)
  ✗ ERROR: SQLSTATE[HY000] [1049] Unknown database 'lan_classico1'
[2026-06-20 21:05:05] [Daemon PID 25184] Starting bot processing for world 1
  - Bot 'bills' (ID: 16) processed in 7.38s
  ✓ Completed in 8.305s (Barbarians: 0.923s, Bots: 7.38s, Processed: 1 bots)
  ✗ ERROR: SQLSTATE[HY000] [1049] Unknown database 'lan_classico1'
[2026-06-20 21:06:13] [Daemon PID 25184] Starting bot processing for world 1
  - Bot 'bills' (ID: 16) processed in 7.382s
  ✓ Completed in 8.299s (Barbarians: 0.915s, Bots: 7.383s, Processed: 1 bots)
  ✗ ERROR: SQLSTATE[HY000] [1049] Unknown database 'lan_classico1'
[2026-06-20 21:07:22] [Daemon PID 25184] Starting bot processing for world 1
  - Bot 'bills' (ID: 16) processed in 7.434s
  ✓ Completed in 8.336s (Barbarians: 0.897s, Bots: 7.434s, Processed: 1 bots)
  ✗ ERROR: SQLSTATE[HY000] [1049] Unknown database 'lan_classico1'
[2026-06-20 21:08:30] [Daemon PID 25184] Starting bot processing for world 1
  - Bot 'bills' (ID: 16) processed in 7.578s
  ✓ Completed in 8.475s (Barbarians: 0.895s, Bots: 7.578s, Processed: 1 bots)
  ✗ ERROR: SQLSTATE[HY000] [1049] Unknown database 'lan_classico1'
[2026-06-20 21:09:39] [Daemon PID 25184] Starting bot processing for world 1
  - Bot 'bills' (ID: 16) processed in 7.579s
  ✓ Completed in 8.492s (Barbarians: 0.911s, Bots: 7.58s, Processed: 1 bots)
  ✗ ERROR: SQLSTATE[HY000] [1049] Unknown database 'lan_classico1'
[2026-06-20 21:10:47] [Daemon PID 25184] Starting bot processing for world 1
  - Bot 'bills' (ID: 16) processed in 7.565s
  ✓ Completed in 8.474s (Barbarians: 0.907s, Bots: 7.565s, Processed: 1 bots)
  ✗ ERROR: SQLSTATE[HY000] [1049] Unknown database 'lan_classico1'
[2026-06-20 21:11:56] [Daemon PID 25184] Starting bot processing for world 1
  - Bot 'bills' (ID: 16) processed in 7.504s
  ✓ Completed in 8.434s (Barbarians: 0.927s, Bots: 7.505s, Processed: 1 bots)
  ✗ ERROR: SQLSTATE[HY000] [1049] Unknown database 'lan_classico1'
[2026-06-20 21:13:04] [Daemon PID 25184] Starting bot processing for world 1
  - Bot 'bills' (ID: 16) processed in 7.497s
  ✓ Completed in 8.411s (Barbarians: 0.908s, Bots: 7.497s, Processed: 1 bots)
  ✗ ERROR: SQLSTATE[HY000] [1049] Unknown database 'lan_classico1'
[2026-06-20 21:14:12] [Daemon PID 25184] Starting bot processing for world 1
  - Bot 'bills' (ID: 16) processed in 7.501s
  ✓ Completed in 8.391s (Barbarians: 0.888s, Bots: 7.502s, Processed: 1 bots)
  ✗ ERROR: SQLSTATE[HY000] [1049] Unknown database 'lan_classico1'
[2026-06-20 21:15:21] [Daemon PID 25184] Starting bot processing for world 1
  - Bot 'bills' (ID: 16) processed in 7.489s
  ✓ Completed in 8.432s (Barbarians: 0.941s, Bots: 7.489s, Processed: 1 bots)
  ✗ ERROR: SQLSTATE[HY000] [1049] Unknown database 'lan_classico1'
[2026-06-20 21:16:29] [Daemon PID 25184] Starting bot processing for world 1
  - Bot 'bills' (ID: 16) processed in 7.657s
  ✓ Completed in 8.574s (Barbarians: 0.915s, Bots: 7.657s, Processed: 1 bots)
  ✗ ERROR: SQLSTATE[HY000] [1049] Unknown database 'lan_classico1'
[2026-06-20 21:17:38] [Daemon PID 25184] Starting bot processing for world 1
  - Bot 'bills' (ID: 16) processed in 7.753s
  ✓ Completed in 8.693s (Barbarians: 0.938s, Bots: 7.753s, Processed: 1 bots)
  ✗ ERROR: SQLSTATE[HY000] [1049] Unknown database 'lan_classico1'
[2026-06-20 21:18:47] [Daemon PID 25184] Starting bot processing for world 1
  - Bot 'bills' (ID: 16) processed in 7.792s
  ✓ Completed in 8.725s (Barbarians: 0.927s, Bots: 7.793s, Processed: 1 bots)
  ✗ ERROR: SQLSTATE[HY000] [1049] Unknown database 'lan_classico1'
[2026-06-20 21:19:55] [Daemon PID 25184] Starting bot processing for world 1
  - Bot 'bills' (ID: 16) processed in 7.73s
  ✓ Completed in 8.657s (Barbarians: 0.924s, Bots: 7.731s, Processed: 1 bots)
  ✗ ERROR: SQLSTATE[HY000] [1049] Unknown database 'lan_classico1'
[2026-06-20 21:21:04] [Daemon PID 25184] Starting bot processing for world 1
  - Bot 'bills' (ID: 16) processed in 7.496s
  ✓ Completed in 8.411s (Barbarians: 0.912s, Bots: 7.497s, Processed: 1 bots)
  ✗ ERROR: SQLSTATE[HY000] [1049] Unknown database 'lan_classico1'
[2026-06-20 21:22:12] [Daemon PID 25184] Starting bot processing for world 1
  - Bot 'bills' (ID: 16) processed in 7.475s
  ✓ Completed in 8.411s (Barbarians: 0.934s, Bots: 7.475s, Processed: 1 bots)
  ✗ ERROR: SQLSTATE[HY000] [1049] Unknown database 'lan_classico1'
[2026-06-20 21:23:21] [Daemon PID 25184] Starting bot processing for world 1
  - Bot 'bills' (ID: 16) processed in 7.541s
  ✓ Completed in 8.463s (Barbarians: 0.919s, Bots: 7.542s, Processed: 1 bots)
  ✗ ERROR: SQLSTATE[HY000] [1049] Unknown database 'lan_classico1'
[2026-06-20 21:24:29] [Daemon PID 25184] Starting bot processing for world 1
  - Bot 'bills' (ID: 16) processed in 7.505s
  ✓ Completed in 8.447s (Barbarians: 0.937s, Bots: 7.505s, Processed: 1 bots)
  ✗ ERROR: SQLSTATE[HY000] [1049] Unknown database 'lan_classico1'
[2026-06-20 21:25:38] [Daemon PID 25184] Starting bot processing for world 1
  - Bot 'bills' (ID: 16) processed in 7.505s
  ✓ Completed in 8.453s (Barbarians: 0.946s, Bots: 7.505s, Processed: 1 bots)
  ✗ ERROR: SQLSTATE[HY000] [1049] Unknown database 'lan_classico1'
[2026-06-20 21:26:46] [Daemon PID 25184] Starting bot processing for world 1
  - Bot 'bills' (ID: 16) processed in 7.567s
  ✓ Completed in 8.488s (Barbarians: 0.919s, Bots: 7.568s, Processed: 1 bots)
  ✗ ERROR: SQLSTATE[HY000] [1049] Unknown database 'lan_classico1'
[2026-06-20 21:27:55] [Daemon PID 25184] Starting bot processing for world 1
  - Bot 'bills' (ID: 16) processed in 7.497s
  ✓ Completed in 8.431s (Barbarians: 0.931s, Bots: 7.497s, Processed: 1 bots)
  ✗ ERROR: SQLSTATE[HY000] [1049] Unknown database 'lan_classico1'
[2026-06-20 21:29:03] [Daemon PID 25184] Starting bot processing for world 1
  - Bot 'bills' (ID: 16) processed in 7.62s
  ✓ Completed in 8.58s (Barbarians: 0.958s, Bots: 7.621s, Processed: 1 bots)
  ✗ ERROR: SQLSTATE[HY000] [1049] Unknown database 'lan_classico1'
[2026-06-20 21:30:12] [Daemon PID 25184] Starting bot processing for world 1
  - Bot 'bills' (ID: 16) processed in 7.561s
  ✓ Completed in 8.483s (Barbarians: 0.916s, Bots: 7.562s, Processed: 1 bots)
  ✗ ERROR: SQLSTATE[HY000] [1049] Unknown database 'lan_classico1'
[2026-06-20 21:31:20] [Daemon PID 25184] Starting bot processing for world 1
  - Bot 'bills' (ID: 16) processed in 7.621s
  ✓ Completed in 8.531s (Barbarians: 0.908s, Bots: 7.622s, Processed: 1 bots)
  ✗ ERROR: SQLSTATE[HY000] [1049] Unknown database 'lan_classico1'
[2026-06-20 21:32:29] [Daemon PID 25184] Starting bot processing for world 1
  - Bot 'bills' (ID: 16) processed in 7.573s
  ✓ Completed in 8.481s (Barbarians: 0.905s, Bots: 7.574s, Processed: 1 bots)
  ✗ ERROR: SQLSTATE[HY000] [1049] Unknown database 'lan_classico1'
[2026-06-20 21:33:37] [Daemon PID 25184] Starting bot processing for world 1
  - Bot 'bills' (ID: 16) processed in 7.566s
  ✓ Completed in 8.491s (Barbarians: 0.922s, Bots: 7.567s, Processed: 1 bots)
  ✗ ERROR: SQLSTATE[HY000] [1049] Unknown database 'lan_classico1'
[2026-06-20 21:34:46] [Daemon PID 25184] Starting bot processing for world 1
  - Bot 'bills' (ID: 16) processed in 7.686s
  ✓ Completed in 8.581s (Barbarians: 0.893s, Bots: 7.686s, Processed: 1 bots)
  ✗ ERROR: SQLSTATE[HY000] [1049] Unknown database 'lan_classico1'
[2026-06-20 21:35:55] [Daemon PID 25184] Starting bot processing for world 1
  - Bot 'bills' (ID: 16) processed in 7.45s
  ✓ Completed in 8.377s (Barbarians: 0.921s, Bots: 7.451s, Processed: 1 bots)
  ✗ ERROR: SQLSTATE[HY000] [1049] Unknown database 'lan_classico1'
[2026-06-20 21:37:03] [Daemon PID 25184] Starting bot processing for world 1
  - Bot 'bills' (ID: 16) processed in 7.583s
  ✓ Completed in 8.5s (Barbarians: 0.914s, Bots: 7.584s, Processed: 1 bots)
  ✗ ERROR: SQLSTATE[HY000] [1049] Unknown database 'lan_classico1'
[2026-06-20 21:38:11] [Daemon PID 25184] Starting bot processing for world 1
  - Bot 'bills' (ID: 16) processed in 7.465s
  ✓ Completed in 8.368s (Barbarians: 0.901s, Bots: 7.465s, Processed: 1 bots)
  ✗ ERROR: SQLSTATE[HY000] [1049] Unknown database 'lan_classico1'
[2026-06-20 21:39:20] [Daemon PID 25184] Starting bot processing for world 1
  - Bot 'bills' (ID: 16) processed in 7.555s
  ✓ Completed in 8.506s (Barbarians: 0.948s, Bots: 7.556s, Processed: 1 bots)
  ✗ ERROR: SQLSTATE[HY000] [1049] Unknown database 'lan_classico1'
[2026-06-20 21:40:28] [Daemon PID 25184] Starting bot processing for world 1
  - Bot 'bills' (ID: 16) processed in 7.57s
  ✓ Completed in 8.493s (Barbarians: 0.921s, Bots: 7.571s, Processed: 1 bots)
  ✗ ERROR: SQLSTATE[HY000] [1049] Unknown database 'lan_classico1'
[2026-06-20 21:41:37] [Daemon PID 25184] Starting bot processing for world 1
  - Bot 'bills' (ID: 16) processed in 7.683s
  ✓ Completed in 8.616s (Barbarians: 0.927s, Bots: 7.684s, Processed: 1 bots)
  ✗ ERROR: SQLSTATE[HY000] [1049] Unknown database 'lan_classico1'
[2026-06-20 21:42:46] [Daemon PID 25184] Starting bot processing for world 1
  - Bot 'bills' (ID: 16) processed in 7.6s
  ✓ Completed in 8.541s (Barbarians: 0.939s, Bots: 7.6s, Processed: 1 bots)
  ✗ ERROR: SQLSTATE[HY000] [1049] Unknown database 'lan_classico1'
[2026-06-20 21:43:54] [Daemon PID 25184] Starting bot processing for world 1
  - Bot 'bills' (ID: 16) processed in 7.526s
  ✓ Completed in 8.426s (Barbarians: 0.898s, Bots: 7.526s, Processed: 1 bots)
  ✗ ERROR: SQLSTATE[HY000] [1049] Unknown database 'lan_classico1'
[2026-06-20 21:45:03] [Daemon PID 25184] Starting bot processing for world 1
  - Bot 'bills' (ID: 16) processed in 7.506s
  ✓ Completed in 8.421s (Barbarians: 0.913s, Bots: 7.507s, Processed: 1 bots)
  ✗ ERROR: SQLSTATE[HY000] [1049] Unknown database 'lan_classico1'
[2026-06-20 21:46:11] [Daemon PID 25184] Starting bot processing for world 1
  - Bot 'bills' (ID: 16) processed in 7.507s
  ✓ Completed in 8.413s (Barbarians: 0.904s, Bots: 7.507s, Processed: 1 bots)
  ✗ ERROR: SQLSTATE[HY000] [1049] Unknown database 'lan_classico1'
[2026-06-20 21:47:19] [Daemon PID 25184] Starting bot processing for world 1
  - Bot 'bills' (ID: 16) processed in 7.446s
  ✓ Completed in 8.406s (Barbarians: 0.946s, Bots: 7.446s, Processed: 1 bots)
  ✗ ERROR: SQLSTATE[HY000] [1049] Unknown database 'lan_classico1'
[2026-06-20 21:48:28] [Daemon PID 25184] Starting bot processing for world 1
  - Bot 'bills' (ID: 16) processed in 7.521s
  ✓ Completed in 8.451s (Barbarians: 0.927s, Bots: 7.522s, Processed: 1 bots)
  ✗ ERROR: SQLSTATE[HY000] [1049] Unknown database 'lan_classico1'
[2026-06-20 21:49:36] [Daemon PID 25184] Starting bot processing for world 1
  - Bot 'bills' (ID: 16) processed in 7.577s
  ✓ Completed in 8.547s (Barbarians: 0.968s, Bots: 7.578s, Processed: 1 bots)
  ✗ ERROR: SQLSTATE[HY000] [1049] Unknown database 'lan_classico1'
[2026-06-20 21:50:45] [Daemon PID 25184] Starting bot processing for world 1
  - Bot 'bills' (ID: 16) processed in 7.636s
  ✓ Completed in 8.525s (Barbarians: 0.886s, Bots: 7.637s, Processed: 1 bots)
  ✗ ERROR: SQLSTATE[HY000] [1049] Unknown database 'lan_classico1'
[2026-06-20 21:51:53] [Daemon PID 25184] Starting bot processing for world 1
  - Bot 'bills' (ID: 16) processed in 7.523s
  ✓ Completed in 8.447s (Barbarians: 0.921s, Bots: 7.524s, Processed: 1 bots)
  ✗ ERROR: SQLSTATE[HY000] [1049] Unknown database 'lan_classico1'
[2026-06-20 21:53:02] [Daemon PID 25184] Starting bot processing for world 1
  - Bot 'bills' (ID: 16) processed in 7.527s
  ✓ Completed in 8.455s (Barbarians: 0.922s, Bots: 7.527s, Processed: 1 bots)
  ✗ ERROR: SQLSTATE[HY000] [1049] Unknown database 'lan_classico1'
[2026-06-20 21:54:10] [Daemon PID 25184] Starting bot processing for world 1
  - Bot 'bills' (ID: 16) processed in 7.591s
  ✓ Completed in 8.51s (Barbarians: 0.917s, Bots: 7.591s, Processed: 1 bots)
  ✗ ERROR: SQLSTATE[HY000] [1049] Unknown database 'lan_classico1'
[2026-06-20 21:55:19] [Daemon PID 25184] Starting bot processing for world 1
  - Bot 'bills' (ID: 16) processed in 7.535s
  ✓ Completed in 8.469s (Barbarians: 0.931s, Bots: 7.536s, Processed: 1 bots)
  ✗ ERROR: SQLSTATE[HY000] [1049] Unknown database 'lan_classico1'
[2026-06-20 21:56:27] [Daemon PID 25184] Starting bot processing for world 1
  - Bot 'bills' (ID: 16) processed in 7.617s
  ✓ Completed in 8.532s (Barbarians: 0.913s, Bots: 7.617s, Processed: 1 bots)
  ✗ ERROR: SQLSTATE[HY000] [1049] Unknown database 'lan_classico1'
[2026-06-20 21:57:36] [Daemon PID 25184] Starting bot processing for world 1
  - Bot 'bills' (ID: 16) processed in 7.715s
  ✓ Completed in 8.659s (Barbarians: 0.941s, Bots: 7.716s, Processed: 1 bots)
  ✗ ERROR: SQLSTATE[HY000] [1049] Unknown database 'lan_classico1'
[2026-06-20 21:58:45] [Daemon PID 25184] Starting bot processing for world 1
  - Bot 'bills' (ID: 16) processed in 7.695s
  ✓ Completed in 8.631s (Barbarians: 0.93s, Bots: 7.695s, Processed: 1 bots)
  ✗ ERROR: SQLSTATE[HY000] [1049] Unknown database 'lan_classico1'
[2026-06-20 22:01:49] Starting bot processing for world 1
  - Bot 'bills' (ID: 16) processed in 11.306s
  ✓ Completed in 12.687s (Barbarians: 0.977s, Bots: 11.307s, Processed: 1 bots)
[2026-06-20 22:03:49] Starting bot processing for world 1
  - Bot 'bills' (ID: 16) processed in 11.011s
  ✓ Completed in 12.316s (Barbarians: 0.923s, Bots: 11.011s, Processed: 1 bots)
[2026-06-20 22:05:49] Starting bot processing for world 1
  - Bot 'bills' (ID: 16) processed in 11.214s
  ✓ Completed in 12.637s (Barbarians: 0.942s, Bots: 11.215s, Processed: 1 bots)
[2026-06-20 22:07:49] Starting bot processing for world 1
  - Bot 'bills' (ID: 16) processed in 11.36s
  ✓ Completed in 12.91s (Barbarians: 0.988s, Bots: 11.361s, Processed: 1 bots)
[2026-06-20 22:09:49] Starting bot processing for world 1
  - Bot 'bills' (ID: 16) processed in 11.021s
  ✓ Completed in 12.598s (Barbarians: 0.948s, Bots: 11.022s, Processed: 1 bots)
[2026-06-20 22:11:49] Starting bot processing for world 1
  - Bot 'bills' (ID: 16) processed in 10.889s
  ✓ Completed in 12.226s (Barbarians: 0.935s, Bots: 10.89s, Processed: 1 bots)
[2026-06-20 22:13:49] Starting bot processing for world 1
  - Bot 'bills' (ID: 16) processed in 10.979s
  ✓ Completed in 12.374s (Barbarians: 0.915s, Bots: 10.98s, Processed: 1 bots)
[2026-06-20 22:15:49] Starting bot processing for world 1
  - Bot 'bills' (ID: 16) processed in 10.95s
  ✓ Completed in 12.698s (Barbarians: 0.939s, Bots: 10.951s, Processed: 1 bots)
[2026-06-20 22:17:49] Starting bot processing for world 1
  - Bot 'bills' (ID: 16) processed in 10.846s
  ✓ Completed in 12.398s (Barbarians: 0.925s, Bots: 10.846s, Processed: 1 bots)
[2026-06-20 22:19:49] Starting bot processing for world 1
  - Bot 'bills' (ID: 16) processed in 11.22s
  ✓ Completed in 12.597s (Barbarians: 0.967s, Bots: 11.22s, Processed: 1 bots)
[2026-06-20 22:21:49] Starting bot processing for world 1
  - Bot 'bills' (ID: 16) processed in 11.119s
  ✓ Completed in 12.515s (Barbarians: 0.935s, Bots: 11.119s, Processed: 1 bots)
[2026-06-20 22:23:49] Starting bot processing for world 1
  - Bot 'bills' (ID: 16) processed in 11.485s
  ✓ Completed in 12.997s (Barbarians: 1.009s, Bots: 11.486s, Processed: 1 bots)
[2026-06-20 22:25:49] Starting bot processing for world 1
  - Bot 'bills' (ID: 16) processed in 11.429s
  ✓ Completed in 12.793s (Barbarians: 0.992s, Bots: 11.43s, Processed: 1 bots)
[2026-06-20 22:27:49] Starting bot processing for world 1
  - Bot 'bills' (ID: 16) processed in 11.461s
  ✓ Completed in 12.941s (Barbarians: 0.965s, Bots: 11.462s, Processed: 1 bots)
[2026-06-20 22:29:49] Starting bot processing for world 1
  - Bot 'bills' (ID: 16) processed in 11.145s
  ✓ Completed in 12.479s (Barbarians: 0.948s, Bots: 11.146s, Processed: 1 bots)
[2026-06-20 22:31:49] Starting bot processing for world 1
  - Bot 'bills' (ID: 16) processed in 11.079s
  ✓ Completed in 12.414s (Barbarians: 0.931s, Bots: 11.079s, Processed: 1 bots)
[2026-06-20 22:33:49] Starting bot processing for world 1
  - Bot 'bills' (ID: 16) processed in 11.215s
  ✓ Completed in 12.59s (Barbarians: 0.946s, Bots: 11.216s, Processed: 1 bots)
[2026-06-20 22:35:49] Starting bot processing for world 1
  - Bot 'bills' (ID: 16) processed in 11.175s
  ✓ Completed in 12.551s (Barbarians: 0.936s, Bots: 11.176s, Processed: 1 bots)
[2026-06-20 22:37:49] Starting bot processing for world 1
  - Bot 'bills' (ID: 16) processed in 11.201s
  ✓ Completed in 12.796s (Barbarians: 0.978s, Bots: 11.202s, Processed: 1 bots)
[2026-06-20 22:39:49] Starting bot processing for world 1
  - Bot 'bills' (ID: 16) processed in 11.193s
  ✓ Completed in 12.542s (Barbarians: 0.946s, Bots: 11.194s, Processed: 1 bots)
[2026-06-20 22:41:49] Starting bot processing for world 1
  - Bot 'bills' (ID: 16) processed in 11.187s
  ✓ Completed in 12.801s (Barbarians: 0.968s, Bots: 11.188s, Processed: 1 bots)
[2026-06-20 22:43:49] Starting bot processing for world 1
  - Bot 'bills' (ID: 16) processed in 11.108s
  ✓ Completed in 12.692s (Barbarians: 0.952s, Bots: 11.109s, Processed: 1 bots)
[2026-06-20 22:45:49] Starting bot processing for world 1
  - Bot 'bills' (ID: 16) processed in 11.211s
  ✓ Completed in 13.431s (Barbarians: 0.972s, Bots: 11.212s, Processed: 1 bots)
[2026-06-20 22:47:49] Starting bot processing for world 1
  - Bot 'bills' (ID: 16) processed in 11.068s
  ✓ Completed in 13.121s (Barbarians: 0.947s, Bots: 11.068s, Processed: 1 bots)
[2026-06-20 22:49:49] Starting bot processing for world 1
  - Bot 'bills' (ID: 16) processed in 11.19s
  ✓ Completed in 13.226s (Barbarians: 1.007s, Bots: 11.191s, Processed: 1 bots)
[2026-06-20 22:51:49] Starting bot processing for world 1
  - Bot 'bills' (ID: 16) processed in 11.169s
  ✓ Completed in 12.522s (Barbarians: 0.937s, Bots: 11.17s, Processed: 1 bots)
[2026-06-20 22:53:49] Starting bot processing for world 1
  - Bot 'bills' (ID: 16) processed in 11.112s
  ✓ Completed in 12.499s (Barbarians: 0.954s, Bots: 11.113s, Processed: 1 bots)
[2026-06-20 22:55:49] Starting bot processing for world 1
  - Bot 'bills' (ID: 16) processed in 11.269s
  ✓ Completed in 12.744s (Barbarians: 0.952s, Bots: 11.27s, Processed: 1 bots)
[2026-06-20 22:57:49] Starting bot processing for world 1
  - Bot 'bills' (ID: 16) processed in 11.234s
  ✓ Completed in 12.904s (Barbarians: 0.967s, Bots: 11.235s, Processed: 1 bots)
[2026-06-20 22:59:49] Starting bot processing for world 1
  - Bot 'bills' (ID: 16) processed in 11.146s
  ✓ Completed in 12.524s (Barbarians: 0.936s, Bots: 11.147s, Processed: 1 bots)
[2026-06-20 23:01:49] Starting bot processing for world 1
  - Bot 'bills' (ID: 16) processed in 11.163s
  ✓ Completed in 12.651s (Barbarians: 0.96s, Bots: 11.163s, Processed: 1 bots)
[2026-06-20 23:03:49] Starting bot processing for world 1
  - Bot 'bills' (ID: 16) processed in 11.084s
  ✓ Completed in 12.428s (Barbarians: 0.933s, Bots: 11.085s, Processed: 1 bots)
[2026-06-20 23:05:49] Starting bot processing for world 1
  - Bot 'bills' (ID: 16) processed in 11.117s
  ✓ Completed in 12.507s (Barbarians: 0.96s, Bots: 11.118s, Processed: 1 bots)
[2026-06-20 23:07:49] Starting bot processing for world 1
  - Bot 'bills' (ID: 16) processed in 11.207s
  ✓ Completed in 12.55s (Barbarians: 0.934s, Bots: 11.208s, Processed: 1 bots)
[2026-06-20 23:09:49] Starting bot processing for world 1
  - Bot 'bills' (ID: 16) processed in 11.257s
  ✓ Completed in 12.735s (Barbarians: 0.942s, Bots: 11.257s, Processed: 1 bots)
[2026-06-20 23:11:49] Starting bot processing for world 1
  - Bot 'bills' (ID: 16) processed in 11.193s
  ✓ Completed in 12.972s (Barbarians: 0.993s, Bots: 11.193s, Processed: 1 bots)
[2026-06-20 23:13:49] Starting bot processing for world 1
  - Bot 'bills' (ID: 16) processed in 11.238s
  ✓ Completed in 12.755s (Barbarians: 0.956s, Bots: 11.239s, Processed: 1 bots)
[2026-06-20 23:15:49] Starting bot processing for world 1
  - Bot 'bills' (ID: 16) processed in 11.015s
  ✓ Completed in 12.435s (Barbarians: 0.936s, Bots: 11.016s, Processed: 1 bots)
[2026-06-20 23:17:49] Starting bot processing for world 1
  - Bot 'bills' (ID: 16) processed in 11.123s
  ✓ Completed in 12.5s (Barbarians: 0.963s, Bots: 11.124s, Processed: 1 bots)
[2026-06-20 23:19:49] Starting bot processing for world 1
  - Bot 'bills' (ID: 16) processed in 10.993s
  ✓ Completed in 12.379s (Barbarians: 0.936s, Bots: 10.994s, Processed: 1 bots)
[2026-06-20 23:21:49] Starting bot processing for world 1
  - Bot 'bills' (ID: 16) processed in 11.044s
  ✓ Completed in 12.428s (Barbarians: 0.931s, Bots: 11.044s, Processed: 1 bots)
[2026-06-20 23:23:49] Starting bot processing for world 1
  - Bot 'bills' (ID: 16) processed in 11.155s
  ✓ Completed in 12.607s (Barbarians: 0.927s, Bots: 11.156s, Processed: 1 bots)
[2026-06-20 23:25:49] Starting bot processing for world 1
  - Bot 'bills' (ID: 16) processed in 11.09s
  ✓ Completed in 13.178s (Barbarians: 0.936s, Bots: 11.09s, Processed: 1 bots)
[2026-06-20 23:27:49] Starting bot processing for world 1
  - Bot 'bills' (ID: 16) processed in 11.341s
  ✓ Completed in 13.016s (Barbarians: 1.002s, Bots: 11.342s, Processed: 1 bots)
[2026-06-20 23:29:49] Starting bot processing for world 1
  - Bot 'bills' (ID: 16) processed in 11.197s
  ✓ Completed in 12.602s (Barbarians: 0.973s, Bots: 11.198s, Processed: 1 bots)
[2026-06-20 23:31:49] Starting bot processing for world 1
  - Bot 'bills' (ID: 16) processed in 11.016s
  ✓ Completed in 12.432s (Barbarians: 0.983s, Bots: 11.016s, Processed: 1 bots)
[2026-06-20 23:33:49] Starting bot processing for world 1
  - Bot 'bills' (ID: 16) processed in 11.127s
  ✓ Completed in 12.506s (Barbarians: 0.972s, Bots: 11.128s, Processed: 1 bots)
[2026-06-20 23:35:49] Starting bot processing for world 1
  - Bot 'bills' (ID: 16) processed in 11.112s
  ✓ Completed in 12.527s (Barbarians: 0.942s, Bots: 11.113s, Processed: 1 bots)
[2026-06-20 23:37:49] Starting bot processing for world 1
  - Bot 'bills' (ID: 16) processed in 11.315s
  ✓ Completed in 12.803s (Barbarians: 0.957s, Bots: 11.316s, Processed: 1 bots)
[2026-06-20 23:39:49] Starting bot processing for world 1
  - Bot 'bills' (ID: 16) processed in 11.136s
  ✓ Completed in 12.474s (Barbarians: 0.951s, Bots: 11.137s, Processed: 1 bots)
[2026-06-20 23:41:49] Starting bot processing for world 1
  - Bot 'bills' (ID: 16) processed in 11.257s
  ✓ Completed in 12.696s (Barbarians: 0.958s, Bots: 11.257s, Processed: 1 bots)
[2026-06-20 23:43:49] Starting bot processing for world 1
  - Bot 'bills' (ID: 16) processed in 11.149s
  ✓ Completed in 12.654s (Barbarians: 0.957s, Bots: 11.15s, Processed: 1 bots)
[2026-06-20 23:45:49] Starting bot processing for world 1
  - Bot 'bills' (ID: 16) processed in 11.077s
  ✓ Completed in 12.57s (Barbarians: 0.942s, Bots: 11.078s, Processed: 1 bots)
[2026-06-20 23:47:49] Starting bot processing for world 1
  - Bot 'bills' (ID: 16) processed in 11.167s
  ✓ Completed in 12.481s (Barbarians: 0.927s, Bots: 11.168s, Processed: 1 bots)
[2026-06-20 23:49:49] Starting bot processing for world 1
  - Bot 'bills' (ID: 16) processed in 11.059s
  ✓ Completed in 12.48s (Barbarians: 0.954s, Bots: 11.059s, Processed: 1 bots)
[2026-06-20 23:51:49] Starting bot processing for world 1
  - Bot 'bills' (ID: 16) processed in 11.073s
  ✓ Completed in 12.516s (Barbarians: 0.955s, Bots: 11.074s, Processed: 1 bots)
[2026-06-20 23:53:49] Starting bot processing for world 1
  - Bot 'bills' (ID: 16) processed in 11.074s
  ✓ Completed in 12.423s (Barbarians: 0.965s, Bots: 11.075s, Processed: 1 bots)
[2026-06-20 23:55:49] Starting bot processing for world 1
  - Bot 'bills' (ID: 16) processed in 11.015s
  ✓ Completed in 12.549s (Barbarians: 0.945s, Bots: 11.016s, Processed: 1 bots)
[2026-06-20 23:57:49] Starting bot processing for world 1
  - Bot 'bills' (ID: 16) processed in 11.058s
  ✓ Completed in 12.401s (Barbarians: 0.949s, Bots: 11.059s, Processed: 1 bots)
[2026-06-20 23:59:49] Starting bot processing for world 1
  - Bot 'bills' (ID: 16) processed in 11.126s
  ✓ Completed in 12.494s (Barbarians: 0.956s, Bots: 11.127s, Processed: 1 bots)
[2026-06-21 00:01:49] Starting bot processing for world 1
  - Bot 'bills' (ID: 16) processed in 11.071s
  ✓ Completed in 12.417s (Barbarians: 0.922s, Bots: 11.072s, Processed: 1 bots)
[2026-06-21 00:03:49] Starting bot processing for world 1
  - Bot 'bills' (ID: 16) processed in 11.106s
  ✓ Completed in 12.576s (Barbarians: 0.92s, Bots: 11.107s, Processed: 1 bots)
[2026-06-21 00:05:49] Starting bot processing for world 1
  - Bot 'bills' (ID: 16) processed in 11.181s
  ✓ Completed in 12.501s (Barbarians: 0.946s, Bots: 11.181s, Processed: 1 bots)
[2026-06-21 00:07:49] Starting bot processing for world 1
  - Bot 'bills' (ID: 16) processed in 11.118s
  ✓ Completed in 12.68s (Barbarians: 0.955s, Bots: 11.118s, Processed: 1 bots)
[2026-06-21 00:09:49] Starting bot processing for world 1
  - Bot 'bills' (ID: 16) processed in 11.183s
  ✓ Completed in 12.503s (Barbarians: 0.937s, Bots: 11.184s, Processed: 1 bots)
[2026-06-21 00:11:49] Starting bot processing for world 1
  - Bot 'bills' (ID: 16) processed in 11.038s
  ✓ Completed in 12.348s (Barbarians: 0.927s, Bots: 11.039s, Processed: 1 bots)
[2026-06-21 00:13:49] Starting bot processing for world 1
  - Bot 'bills' (ID: 16) processed in 10.972s
  ✓ Completed in 12.286s (Barbarians: 0.93s, Bots: 10.973s, Processed: 1 bots)
[2026-06-21 00:15:49] Starting bot processing for world 1
  - Bot 'bills' (ID: 16) processed in 10.97s
  ✓ Completed in 12.389s (Barbarians: 0.921s, Bots: 10.971s, Processed: 1 bots)
[2026-06-21 00:17:49] Starting bot processing for world 1
  - Bot 'bills' (ID: 16) processed in 11.07s
  ✓ Completed in 12.357s (Barbarians: 0.907s, Bots: 11.071s, Processed: 1 bots)
[2026-06-21 00:19:49] Starting bot processing for world 1
  - Bot 'bills' (ID: 16) processed in 11.419s
  ✓ Completed in 12.85s (Barbarians: 0.934s, Bots: 11.42s, Processed: 1 bots)
[2026-06-21 00:21:49] Starting bot processing for world 1
  - Bot 'bills' (ID: 16) processed in 11.014s
  ✓ Completed in 12.568s (Barbarians: 0.933s, Bots: 11.014s, Processed: 1 bots)
[2026-06-21 00:23:49] Starting bot processing for world 1
  - Bot 'bills' (ID: 16) processed in 11.056s
  ✓ Completed in 12.511s (Barbarians: 0.926s, Bots: 11.057s, Processed: 1 bots)
[2026-06-21 00:25:49] Starting bot processing for world 1
  - Bot 'bills' (ID: 16) processed in 11.017s
  ✓ Completed in 12.344s (Barbarians: 0.912s, Bots: 11.017s, Processed: 1 bots)
[2026-06-21 00:27:49] Starting bot processing for world 1
  - Bot 'bills' (ID: 16) processed in 11.053s
  ✓ Completed in 12.413s (Barbarians: 0.909s, Bots: 11.054s, Processed: 1 bots)
[2026-06-21 00:29:49] Starting bot processing for world 1
  - Bot 'bills' (ID: 16) processed in 11.136s
  ✓ Completed in 12.545s (Barbarians: 0.931s, Bots: 11.136s, Processed: 1 bots)
[2026-06-21 00:31:49] Starting bot processing for world 1
  - Bot 'bills' (ID: 16) processed in 11.054s
  ✓ Completed in 12.466s (Barbarians: 0.923s, Bots: 11.055s, Processed: 1 bots)
[2026-06-21 00:33:49] Starting bot processing for world 1
  - Bot 'bills' (ID: 16) processed in 10.94s
  ✓ Completed in 12.273s (Barbarians: 0.91s, Bots: 10.94s, Processed: 1 bots)
[2026-06-21 00:35:49] Starting bot processing for world 1
  - Bot 'bills' (ID: 16) processed in 10.975s
  ✓ Completed in 12.379s (Barbarians: 0.908s, Bots: 10.976s, Processed: 1 bots)
[2026-06-21 00:37:49] Starting bot processing for world 1
  - Bot 'bills' (ID: 16) processed in 11.01s
  ✓ Completed in 12.376s (Barbarians: 0.909s, Bots: 11.011s, Processed: 1 bots)
[2026-06-21 00:39:49] Starting bot processing for world 1
  - Bot 'bills' (ID: 16) processed in 11.032s
  ✓ Completed in 12.385s (Barbarians: 0.931s, Bots: 11.032s, Processed: 1 bots)
[2026-06-21 00:41:49] Starting bot processing for world 1
  - Bot 'bills' (ID: 16) processed in 11.033s
  ✓ Completed in 12.385s (Barbarians: 0.899s, Bots: 11.034s, Processed: 1 bots)
[2026-06-21 00:43:49] Starting bot processing for world 1
  - Bot 'bills' (ID: 16) processed in 11.026s
  ✓ Completed in 12.492s (Barbarians: 0.945s, Bots: 11.027s, Processed: 1 bots)
[2026-06-21 00:45:49] Starting bot processing for world 1
  - Bot 'bills' (ID: 16) processed in 11.008s
  ✓ Completed in 12.512s (Barbarians: 0.956s, Bots: 11.008s, Processed: 1 bots)
[2026-06-21 00:47:49] Starting bot processing for world 1
  - Bot 'bills' (ID: 16) processed in 11.104s
  ✓ Completed in 12.491s (Barbarians: 0.953s, Bots: 11.104s, Processed: 1 bots)
[2026-06-21 00:49:49] Starting bot processing for world 1
  - Bot 'bills' (ID: 16) processed in 11.051s
  ✓ Completed in 12.519s (Barbarians: 0.957s, Bots: 11.052s, Processed: 1 bots)
[2026-06-21 00:51:49] Starting bot processing for world 1
  - Bot 'bills' (ID: 16) processed in 11.029s
  ✓ Completed in 12.353s (Barbarians: 0.925s, Bots: 11.029s, Processed: 1 bots)
[2026-06-21 00:53:49] Starting bot processing for world 1
  - Bot 'bills' (ID: 16) processed in 10.944s
  ✓ Completed in 12.348s (Barbarians: 0.924s, Bots: 10.945s, Processed: 1 bots)
[2026-06-21 00:55:49] Starting bot processing for world 1
  - Bot 'bills' (ID: 16) processed in 10.984s
  ✓ Completed in 12.371s (Barbarians: 0.907s, Bots: 10.985s, Processed: 1 bots)
[2026-06-21 00:57:49] Starting bot processing for world 1
  - Bot 'bills' (ID: 16) processed in 11.012s
  ✓ Completed in 12.411s (Barbarians: 0.93s, Bots: 11.012s, Processed: 1 bots)
[2026-06-21 00:59:49] Starting bot processing for world 1
  - Bot 'bills' (ID: 16) processed in 11.116s
  ✓ Completed in 12.467s (Barbarians: 0.915s, Bots: 11.117s, Processed: 1 bots)
[2026-06-21 01:01:49] Starting bot processing for world 1
  - Bot 'bills' (ID: 16) processed in 10.998s
  ✓ Completed in 12.45s (Barbarians: 0.911s, Bots: 10.999s, Processed: 1 bots)
[2026-06-21 01:03:49] Starting bot processing for world 1
  - Bot 'bills' (ID: 16) processed in 11.014s
  ✓ Completed in 12.335s (Barbarians: 0.926s, Bots: 11.015s, Processed: 1 bots)
[2026-06-21 01:05:49] Starting bot processing for world 1
  - Bot 'bills' (ID: 16) processed in 11.49s
  ✓ Completed in 12.896s (Barbarians: 0.956s, Bots: 11.491s, Processed: 1 bots)
[2026-06-21 01:07:49] Starting bot processing for world 1
  - Bot 'bills' (ID: 16) processed in 10.963s
  ✓ Completed in 12.372s (Barbarians: 0.947s, Bots: 10.963s, Processed: 1 bots)
[2026-06-21 01:09:49] Starting bot processing for world 1
  - Bot 'bills' (ID: 16) processed in 10.918s
  ✓ Completed in 12.381s (Barbarians: 0.933s, Bots: 10.918s, Processed: 1 bots)
[2026-06-21 01:11:49] Starting bot processing for world 1
  - Bot 'bills' (ID: 16) processed in 11.075s
  ✓ Completed in 12.411s (Barbarians: 0.92s, Bots: 11.076s, Processed: 1 bots)
[2026-06-21 01:13:49] Starting bot processing for world 1
  - Bot 'bills' (ID: 16) processed in 11.051s
  ✓ Completed in 12.343s (Barbarians: 0.893s, Bots: 11.052s, Processed: 1 bots)
[2026-06-21 01:15:49] Starting bot processing for world 1
  - Bot 'bills' (ID: 16) processed in 11.001s
  ✓ Completed in 12.541s (Barbarians: 0.956s, Bots: 11.002s, Processed: 1 bots)
[2026-06-21 01:17:49] Starting bot processing for world 1
  - Bot 'bills' (ID: 16) processed in 11.068s
  ✓ Completed in 12.394s (Barbarians: 0.929s, Bots: 11.069s, Processed: 1 bots)
[2026-06-21 01:19:49] Starting bot processing for world 1
  - Bot 'bills' (ID: 16) processed in 10.966s
  ✓ Completed in 12.327s (Barbarians: 0.933s, Bots: 10.967s, Processed: 1 bots)
[2026-06-21 01:21:49] Starting bot processing for world 1
  - Bot 'bills' (ID: 16) processed in 10.916s
  ✓ Completed in 12.342s (Barbarians: 0.929s, Bots: 10.917s, Processed: 1 bots)
[2026-06-21 01:23:49] Starting bot processing for world 1
  - Bot 'bills' (ID: 16) processed in 11.102s
  ✓ Completed in 12.473s (Barbarians: 0.92s, Bots: 11.102s, Processed: 1 bots)
[2026-06-21 01:25:49] Starting bot processing for world 1
  - Bot 'bills' (ID: 16) processed in 11.057s
  ✓ Completed in 12.387s (Barbarians: 0.938s, Bots: 11.058s, Processed: 1 bots)
[2026-06-21 01:27:49] Starting bot processing for world 1
  - Bot 'bills' (ID: 16) processed in 11.161s
  ✓ Completed in 12.669s (Barbarians: 0.92s, Bots: 11.162s, Processed: 1 bots)
[2026-06-21 01:29:49] Starting bot processing for world 1
  - Bot 'bills' (ID: 16) processed in 11.051s
  ✓ Completed in 12.72s (Barbarians: 0.943s, Bots: 11.051s, Processed: 1 bots)
[2026-06-21 01:31:49] Starting bot processing for world 1
  - Bot 'bills' (ID: 16) processed in 11.107s
  ✓ Completed in 12.477s (Barbarians: 0.951s, Bots: 11.107s, Processed: 1 bots)
[2026-06-21 01:33:49] Starting bot processing for world 1
  - Bot 'bills' (ID: 16) processed in 11.017s
  ✓ Completed in 12.423s (Barbarians: 0.93s, Bots: 11.018s, Processed: 1 bots)
[2026-06-21 01:35:49] Starting bot processing for world 1
  - Bot 'bills' (ID: 16) processed in 11.021s
  ✓ Completed in 12.377s (Barbarians: 0.941s, Bots: 11.021s, Processed: 1 bots)
[2026-06-21 01:37:49] Starting bot processing for world 1
  - Bot 'bills' (ID: 16) processed in 11.094s
  ✓ Completed in 12.437s (Barbarians: 0.951s, Bots: 11.095s, Processed: 1 bots)
[2026-06-21 01:39:49] Starting bot processing for world 1
  - Bot 'bills' (ID: 16) processed in 11.075s
  ✓ Completed in 12.453s (Barbarians: 0.925s, Bots: 11.076s, Processed: 1 bots)
[2026-06-21 01:41:49] Starting bot processing for world 1
  - Bot 'bills' (ID: 16) processed in 11.073s
  ✓ Completed in 12.621s (Barbarians: 0.929s, Bots: 11.073s, Processed: 1 bots)
[2026-06-21 01:43:49] Starting bot processing for world 1
  - Bot 'bills' (ID: 16) processed in 11.128s
  ✓ Completed in 12.444s (Barbarians: 0.922s, Bots: 11.128s, Processed: 1 bots)
[2026-06-21 01:45:49] Starting bot processing for world 1
  - Bot 'bills' (ID: 16) processed in 11.007s
  ✓ Completed in 12.401s (Barbarians: 0.966s, Bots: 11.007s, Processed: 1 bots)
[2026-06-21 01:47:49] Starting bot processing for world 1
  - Bot 'bills' (ID: 16) processed in 11.107s
  ✓ Completed in 12.497s (Barbarians: 0.941s, Bots: 11.107s, Processed: 1 bots)
[2026-06-21 01:49:49] Starting bot processing for world 1
  - Bot 'bills' (ID: 16) processed in 11.051s
  ✓ Completed in 12.374s (Barbarians: 0.933s, Bots: 11.052s, Processed: 1 bots)
[2026-06-21 01:51:49] Starting bot processing for world 1
  - Bot 'bills' (ID: 16) processed in 11.11s
  ✓ Completed in 12.455s (Barbarians: 0.909s, Bots: 11.111s, Processed: 1 bots)
[2026-06-21 01:53:49] Starting bot processing for world 1
  - Bot 'bills' (ID: 16) processed in 11.091s
  ✓ Completed in 12.744s (Barbarians: 0.986s, Bots: 11.092s, Processed: 1 bots)
[2026-06-21 01:55:49] Starting bot processing for world 1
  - Bot 'bills' (ID: 16) processed in 11.008s
  ✓ Completed in 12.321s (Barbarians: 0.923s, Bots: 11.008s, Processed: 1 bots)
[2026-06-21 01:57:49] Starting bot processing for world 1
  - Bot 'bills' (ID: 16) processed in 11.076s
  ✓ Completed in 12.432s (Barbarians: 0.925s, Bots: 11.076s, Processed: 1 bots)
[2026-06-21 01:59:49] Starting bot processing for world 1
  - Bot 'bills' (ID: 16) processed in 11.081s
  ✓ Completed in 12.455s (Barbarians: 0.929s, Bots: 11.081s, Processed: 1 bots)
[2026-06-21 02:01:49] Starting bot processing for world 1
  - Bot 'bills' (ID: 16) processed in 11.007s
  ✓ Completed in 12.327s (Barbarians: 0.927s, Bots: 11.007s, Processed: 1 bots)
[2026-06-21 02:03:49] Starting bot processing for world 1
  - Bot 'bills' (ID: 16) processed in 11.063s
  ✓ Completed in 12.441s (Barbarians: 0.91s, Bots: 11.064s, Processed: 1 bots)
[2026-06-21 02:05:49] Starting bot processing for world 1
  - Bot 'bills' (ID: 16) processed in 11.396s
  ✓ Completed in 12.957s (Barbarians: 0.952s, Bots: 11.396s, Processed: 1 bots)
[2026-06-21 02:07:49] Starting bot processing for world 1
  - Bot 'bills' (ID: 16) processed in 11.124s
  ✓ Completed in 12.679s (Barbarians: 0.963s, Bots: 11.125s, Processed: 1 bots)
[2026-06-21 02:09:49] Starting bot processing for world 1
  - Bot 'bills' (ID: 16) processed in 11.111s
  ✓ Completed in 12.496s (Barbarians: 0.957s, Bots: 11.111s, Processed: 1 bots)
[2026-06-21 02:11:49] Starting bot processing for world 1
  - Bot 'bills' (ID: 16) processed in 11.008s
  ✓ Completed in 12.398s (Barbarians: 0.916s, Bots: 11.008s, Processed: 1 bots)
[2026-06-21 02:13:49] Starting bot processing for world 1
  - Bot 'bills' (ID: 16) processed in 11.005s
  ✓ Completed in 12.396s (Barbarians: 0.936s, Bots: 11.006s, Processed: 1 bots)
[2026-06-21 02:15:49] Starting bot processing for world 1
  - Bot 'bills' (ID: 16) processed in 11.003s
  ✓ Completed in 12.336s (Barbarians: 0.934s, Bots: 11.003s, Processed: 1 bots)
[2026-06-21 02:17:49] Starting bot processing for world 1
  - Bot 'bills' (ID: 16) processed in 11.041s
  ✓ Completed in 12.718s (Barbarians: 0.938s, Bots: 11.041s, Processed: 1 bots)
[2026-06-21 02:19:49] Starting bot processing for world 1
  - Bot 'bills' (ID: 16) processed in 11.013s
  ✓ Completed in 12.486s (Barbarians: 0.956s, Bots: 11.013s, Processed: 1 bots)
[2026-06-21 02:21:49] Starting bot processing for world 1
  - Bot 'bills' (ID: 16) processed in 11.017s
  ✓ Completed in 12.379s (Barbarians: 0.93s, Bots: 11.018s, Processed: 1 bots)
[2026-06-21 02:23:49] Starting bot processing for world 1
  - Bot 'bills' (ID: 16) processed in 11.022s
  ✓ Completed in 12.343s (Barbarians: 0.927s, Bots: 11.023s, Processed: 1 bots)
[2026-06-21 02:25:49] Starting bot processing for world 1
  - Bot 'bills' (ID: 16) processed in 11.156s
  ✓ Completed in 12.618s (Barbarians: 0.957s, Bots: 11.156s, Processed: 1 bots)
[2026-06-21 02:27:49] Starting bot processing for world 1
  - Bot 'bills' (ID: 16) processed in 11.063s
  ✓ Completed in 12.622s (Barbarians: 0.946s, Bots: 11.064s, Processed: 1 bots)
[2026-06-21 02:29:49] Starting bot processing for world 1
  - Bot 'bills' (ID: 16) processed in 11.087s
  ✓ Completed in 12.414s (Barbarians: 0.929s, Bots: 11.088s, Processed: 1 bots)
[2026-06-21 02:31:49] Starting bot processing for world 1
  - Bot 'bills' (ID: 16) processed in 11.123s
  ✓ Completed in 12.606s (Barbarians: 0.943s, Bots: 11.124s, Processed: 1 bots)
[2026-06-21 02:33:49] Starting bot processing for world 1
  - Bot 'bills' (ID: 16) processed in 11.075s
  ✓ Completed in 12.464s (Barbarians: 0.966s, Bots: 11.076s, Processed: 1 bots)
[2026-06-21 02:35:49] Starting bot processing for world 1
  - Bot 'bills' (ID: 16) processed in 11.044s
  ✓ Completed in 12.391s (Barbarians: 0.927s, Bots: 11.044s, Processed: 1 bots)
[2026-06-21 02:37:49] Starting bot processing for world 1
  - Bot 'bills' (ID: 16) processed in 10.994s
  ✓ Completed in 12.334s (Barbarians: 0.917s, Bots: 10.994s, Processed: 1 bots)
[2026-06-21 02:39:49] Starting bot processing for world 1
  - Bot 'bills' (ID: 16) processed in 11.037s
  ✓ Completed in 12.613s (Barbarians: 0.988s, Bots: 11.037s, Processed: 1 bots)
[2026-06-21 02:41:49] Starting bot processing for world 1
  - Bot 'bills' (ID: 16) processed in 10.955s
  ✓ Completed in 12.308s (Barbarians: 0.952s, Bots: 10.955s, Processed: 1 bots)
[2026-06-21 02:43:49] Starting bot processing for world 1
  - Bot 'bills' (ID: 16) processed in 10.929s
  ✓ Completed in 12.461s (Barbarians: 0.925s, Bots: 10.929s, Processed: 1 bots)
[2026-06-21 02:45:49] Starting bot processing for world 1
  - Bot 'bills' (ID: 16) processed in 11.054s
  ✓ Completed in 12.417s (Barbarians: 0.934s, Bots: 11.054s, Processed: 1 bots)
[2026-06-21 02:47:49] Starting bot processing for world 1
  - Bot 'bills' (ID: 16) processed in 11.011s
  ✓ Completed in 12.321s (Barbarians: 0.914s, Bots: 11.012s, Processed: 1 bots)
[2026-06-21 02:49:49] Starting bot processing for world 1
  - Bot 'bills' (ID: 16) processed in 11.011s
  ✓ Completed in 12.375s (Barbarians: 0.933s, Bots: 11.011s, Processed: 1 bots)
[2026-06-21 02:51:49] Starting bot processing for world 1
  - Bot 'bills' (ID: 16) processed in 11.11s
  ✓ Completed in 12.52s (Barbarians: 0.939s, Bots: 11.11s, Processed: 1 bots)
[2026-06-21 02:53:49] Starting bot processing for world 1
  - Bot 'bills' (ID: 16) processed in 11.075s
  ✓ Completed in 12.44s (Barbarians: 0.962s, Bots: 11.076s, Processed: 1 bots)
[2026-06-21 02:55:49] Starting bot processing for world 1
  - Bot 'bills' (ID: 16) processed in 11.109s
  ✓ Completed in 12.686s (Barbarians: 0.951s, Bots: 11.11s, Processed: 1 bots)
[2026-06-21 02:57:49] Starting bot processing for world 1
  - Bot 'bills' (ID: 16) processed in 10.984s
  ✓ Completed in 12.519s (Barbarians: 0.923s, Bots: 10.984s, Processed: 1 bots)
[2026-06-21 02:59:49] Starting bot processing for world 1
  - Bot 'bills' (ID: 16) processed in 11.005s
  ✓ Completed in 12.336s (Barbarians: 0.9s, Bots: 11.006s, Processed: 1 bots)
[2026-06-21 03:01:49] Starting bot processing for world 1
  - Bot 'bills' (ID: 16) processed in 11.065s
  ✓ Completed in 12.446s (Barbarians: 0.987s, Bots: 11.065s, Processed: 1 bots)
[2026-06-21 03:03:49] Starting bot processing for world 1
  - Bot 'bills' (ID: 16) processed in 11.047s
  ✓ Completed in 12.471s (Barbarians: 0.925s, Bots: 11.048s, Processed: 1 bots)
[2026-06-21 03:05:49] Starting bot processing for world 1
  - Bot 'bills' (ID: 16) processed in 11.124s
  ✓ Completed in 12.549s (Barbarians: 0.916s, Bots: 11.125s, Processed: 1 bots)
[2026-06-21 03:07:49] Starting bot processing for world 1
  - Bot 'bills' (ID: 16) processed in 11.08s
  ✓ Completed in 12.524s (Barbarians: 0.949s, Bots: 11.082s, Processed: 1 bots)
[2026-06-21 03:09:49] Starting bot processing for world 1
  - Bot 'bills' (ID: 16) processed in 11.074s
  ✓ Completed in 12.408s (Barbarians: 0.933s, Bots: 11.075s, Processed: 1 bots)
[2026-06-21 03:11:49] Starting bot processing for world 1
  - Bot 'bills' (ID: 16) processed in 11.066s
  ✓ Completed in 12.435s (Barbarians: 0.935s, Bots: 11.066s, Processed: 1 bots)
[2026-06-21 03:13:49] Starting bot processing for world 1
  - Bot 'bills' (ID: 16) processed in 11.043s
  ✓ Completed in 12.438s (Barbarians: 0.945s, Bots: 11.044s, Processed: 1 bots)
[2026-06-21 03:15:49] Starting bot processing for world 1
  - Bot 'bills' (ID: 16) processed in 11.087s
  ✓ Completed in 12.671s (Barbarians: 0.969s, Bots: 11.087s, Processed: 1 bots)
[2026-06-21 03:17:49] Starting bot processing for world 1
  - Bot 'bills' (ID: 16) processed in 11.049s
  ✓ Completed in 12.379s (Barbarians: 0.926s, Bots: 11.049s, Processed: 1 bots)
[2026-06-21 03:19:49] Starting bot processing for world 1
  - Bot 'bills' (ID: 16) processed in 10.931s
  ✓ Completed in 12.359s (Barbarians: 0.911s, Bots: 10.931s, Processed: 1 bots)
[2026-06-21 03:21:49] Starting bot processing for world 1
  - Bot 'bills' (ID: 16) processed in 11.142s
  ✓ Completed in 12.478s (Barbarians: 0.925s, Bots: 11.142s, Processed: 1 bots)
[2026-06-21 03:23:49] Starting bot processing for world 1
  - Bot 'bills' (ID: 16) processed in 10.996s
  ✓ Completed in 12.372s (Barbarians: 0.95s, Bots: 10.997s, Processed: 1 bots)
[2026-06-21 03:25:49] Starting bot processing for world 1
  - Bot 'bills' (ID: 16) processed in 10.974s
  ✓ Completed in 12.403s (Barbarians: 0.938s, Bots: 10.975s, Processed: 1 bots)
[2026-06-21 03:27:49] Starting bot processing for world 1
  - Bot 'bills' (ID: 16) processed in 11.066s
  ✓ Completed in 12.555s (Barbarians: 0.953s, Bots: 11.067s, Processed: 1 bots)
[2026-06-21 03:29:49] Starting bot processing for world 1
  - Bot 'bills' (ID: 16) processed in 10.986s
  ✓ Completed in 12.372s (Barbarians: 0.925s, Bots: 10.986s, Processed: 1 bots)
[2026-06-21 03:31:49] Starting bot processing for world 1
  - Bot 'bills' (ID: 16) processed in 11.141s
  ✓ Completed in 12.572s (Barbarians: 0.931s, Bots: 11.141s, Processed: 1 bots)
[2026-06-21 03:33:49] Starting bot processing for world 1
  - Bot 'bills' (ID: 16) processed in 11.03s
  ✓ Completed in 12.361s (Barbarians: 0.929s, Bots: 11.031s, Processed: 1 bots)
[2026-06-21 03:35:49] Starting bot processing for world 1
  - Bot 'bills' (ID: 16) processed in 11.011s
  ✓ Completed in 12.394s (Barbarians: 0.949s, Bots: 11.012s, Processed: 1 bots)
[2026-06-21 03:37:49] Starting bot processing for world 1
  - Bot 'bills' (ID: 16) processed in 11.103s
  ✓ Completed in 12.479s (Barbarians: 0.925s, Bots: 11.103s, Processed: 1 bots)
[2026-06-21 03:39:49] Starting bot processing for world 1
  - Bot 'bills' (ID: 16) processed in 11.019s
  ✓ Completed in 12.56s (Barbarians: 0.934s, Bots: 11.019s, Processed: 1 bots)
[2026-06-21 03:41:49] Starting bot processing for world 1
  - Bot 'bills' (ID: 16) processed in 11.027s
  ✓ Completed in 12.462s (Barbarians: 0.923s, Bots: 11.027s, Processed: 1 bots)
[2026-06-21 03:43:49] Starting bot processing for world 1
  - Bot 'bills' (ID: 16) processed in 11.083s
  ✓ Completed in 12.441s (Barbarians: 0.906s, Bots: 11.083s, Processed: 1 bots)
[2026-06-21 03:45:49] Starting bot processing for world 1
  - Bot 'bills' (ID: 16) processed in 11.143s
  ✓ Completed in 12.522s (Barbarians: 0.97s, Bots: 11.144s, Processed: 1 bots)
[2026-06-21 03:47:49] Starting bot processing for world 1
  - Bot 'bills' (ID: 16) processed in 11.033s
  ✓ Completed in 12.409s (Barbarians: 0.924s, Bots: 11.033s, Processed: 1 bots)
[2026-06-21 03:49:49] Starting bot processing for world 1
  - Bot 'bills' (ID: 16) processed in 11.077s
  ✓ Completed in 12.423s (Barbarians: 0.931s, Bots: 11.078s, Processed: 1 bots)
[2026-06-21 03:51:49] Starting bot processing for world 1
  - Bot 'bills' (ID: 16) processed in 11.026s
  ✓ Completed in 12.339s (Barbarians: 0.903s, Bots: 11.026s, Processed: 1 bots)
[2026-06-21 03:53:49] Starting bot processing for world 1
  - Bot 'bills' (ID: 16) processed in 11.012s
  ✓ Completed in 12.603s (Barbarians: 0.941s, Bots: 11.013s, Processed: 1 bots)
[2026-06-21 03:55:49] Starting bot processing for world 1
  - Bot 'bills' (ID: 16) processed in 11.148s
  ✓ Completed in 12.549s (Barbarians: 0.958s, Bots: 11.149s, Processed: 1 bots)
[2026-06-21 03:57:49] Starting bot processing for world 1
  - Bot 'bills' (ID: 16) processed in 11.225s
  ✓ Completed in 12.588s (Barbarians: 0.958s, Bots: 11.226s, Processed: 1 bots)
[2026-06-21 03:59:49] Starting bot processing for world 1
  - Bot 'bills' (ID: 16) processed in 11.026s
  ✓ Completed in 12.34s (Barbarians: 0.923s, Bots: 11.026s, Processed: 1 bots)
[2026-06-21 04:01:49] Starting bot processing for world 1
  - Bot 'bills' (ID: 16) processed in 11.095s
  ✓ Completed in 12.502s (Barbarians: 0.973s, Bots: 11.096s, Processed: 1 bots)
[2026-06-21 04:03:49] Starting bot processing for world 1
  - Bot 'bills' (ID: 16) processed in 11.125s
  ✓ Completed in 12.486s (Barbarians: 0.958s, Bots: 11.125s, Processed: 1 bots)
[2026-06-21 04:05:49] Starting bot processing for world 1
  - Bot 'bills' (ID: 16) processed in 11.3s
  ✓ Completed in 12.948s (Barbarians: 1.018s, Bots: 11.301s, Processed: 1 bots)
[2026-06-21 04:07:49] Starting bot processing for world 1
  - Bot 'bills' (ID: 16) processed in 11.512s
  ✓ Completed in 13.255s (Barbarians: 0.979s, Bots: 11.513s, Processed: 1 bots)
[2026-06-21 04:09:49] Starting bot processing for world 1
  - Bot 'bills' (ID: 16) processed in 11.092s
  ✓ Completed in 12.431s (Barbarians: 0.932s, Bots: 11.092s, Processed: 1 bots)
[2026-06-21 04:11:49] Starting bot processing for world 1
  - Bot 'bills' (ID: 16) processed in 11.057s
  ✓ Completed in 12.395s (Barbarians: 0.932s, Bots: 11.057s, Processed: 1 bots)
[2026-06-21 04:13:49] Starting bot processing for world 1
  - Bot 'bills' (ID: 16) processed in 10.861s
  ✓ Completed in 12.282s (Barbarians: 0.897s, Bots: 10.862s, Processed: 1 bots)
[2026-06-21 04:15:49] Starting bot processing for world 1
  - Bot 'bills' (ID: 16) processed in 10.907s
  ✓ Completed in 12.335s (Barbarians: 0.944s, Bots: 10.907s, Processed: 1 bots)
[2026-06-21 04:17:49] Starting bot processing for world 1
  - Bot 'bills' (ID: 16) processed in 10.786s
  ✓ Completed in 12.199s (Barbarians: 0.925s, Bots: 10.787s, Processed: 1 bots)
[2026-06-21 04:19:49] Starting bot processing for world 1
  - Bot 'bills' (ID: 16) processed in 10.827s
  ✓ Completed in 12.415s (Barbarians: 0.935s, Bots: 10.828s, Processed: 1 bots)
[2026-06-21 04:21:49] Starting bot processing for world 1
  - Bot 'bills' (ID: 16) processed in 10.934s
  ✓ Completed in 12.315s (Barbarians: 0.964s, Bots: 10.934s, Processed: 1 bots)
[2026-06-21 04:23:49] Starting bot processing for world 1
  - Bot 'bills' (ID: 16) processed in 10.906s
  ✓ Completed in 12.265s (Barbarians: 0.91s, Bots: 10.907s, Processed: 1 bots)
[2026-06-21 04:25:49] Starting bot processing for world 1
  - Bot 'bills' (ID: 16) processed in 10.863s
  ✓ Completed in 12.276s (Barbarians: 0.92s, Bots: 10.864s, Processed: 1 bots)
[2026-06-21 04:27:49] Starting bot processing for world 1
  - Bot 'bills' (ID: 16) processed in 10.902s
  ✓ Completed in 12.245s (Barbarians: 0.935s, Bots: 10.903s, Processed: 1 bots)
[2026-06-21 04:29:49] Starting bot processing for world 1
  - Bot 'bills' (ID: 16) processed in 10.804s
  ✓ Completed in 12.288s (Barbarians: 0.919s, Bots: 10.805s, Processed: 1 bots)
[2026-06-21 04:31:49] Starting bot processing for world 1
  - Bot 'bills' (ID: 16) processed in 10.843s
  ✓ Completed in 12.181s (Barbarians: 0.931s, Bots: 10.844s, Processed: 1 bots)
[2026-06-21 04:33:49] Starting bot processing for world 1
  - Bot 'bills' (ID: 16) processed in 10.877s
  ✓ Completed in 12.281s (Barbarians: 0.953s, Bots: 10.878s, Processed: 1 bots)
[2026-06-21 04:35:49] Starting bot processing for world 1
  - Bot 'bills' (ID: 16) processed in 10.921s
  ✓ Completed in 12.256s (Barbarians: 0.932s, Bots: 10.921s, Processed: 1 bots)
[2026-06-21 04:37:49] Starting bot processing for world 1
  - Bot 'bills' (ID: 16) processed in 10.927s
  ✓ Completed in 12.406s (Barbarians: 0.915s, Bots: 10.928s, Processed: 1 bots)
[2026-06-21 04:39:49] Starting bot processing for world 1
  - Bot 'bills' (ID: 16) processed in 10.926s
  ✓ Completed in 12.246s (Barbarians: 0.922s, Bots: 10.926s, Processed: 1 bots)
[2026-06-21 04:41:49] Starting bot processing for world 1
  - Bot 'bills' (ID: 16) processed in 10.962s
  ✓ Completed in 12.43s (Barbarians: 0.927s, Bots: 10.963s, Processed: 1 bots)
[2026-06-21 04:43:49] Starting bot processing for world 1
  - Bot 'bills' (ID: 16) processed in 10.975s
  ✓ Completed in 12.333s (Barbarians: 0.953s, Bots: 10.976s, Processed: 1 bots)
[2026-06-21 04:45:49] Starting bot processing for world 1
  - Bot 'bills' (ID: 16) processed in 10.911s
  ✓ Completed in 12.224s (Barbarians: 0.917s, Bots: 10.911s, Processed: 1 bots)
[2026-06-21 04:47:49] Starting bot processing for world 1
  - Bot 'bills' (ID: 16) processed in 10.857s
  ✓ Completed in 12.356s (Barbarians: 0.945s, Bots: 10.858s, Processed: 1 bots)
[2026-06-21 04:49:49] Starting bot processing for world 1
  - Bot 'bills' (ID: 16) processed in 10.899s
  ✓ Completed in 12.29s (Barbarians: 0.93s, Bots: 10.9s, Processed: 1 bots)
[2026-06-21 04:51:49] Starting bot processing for world 1
  - Bot 'bills' (ID: 16) processed in 10.872s
  ✓ Completed in 12.31s (Barbarians: 0.926s, Bots: 10.873s, Processed: 1 bots)
[2026-06-21 04:53:49] Starting bot processing for world 1
  - Bot 'bills' (ID: 16) processed in 11.019s
  ✓ Completed in 12.625s (Barbarians: 0.963s, Bots: 11.02s, Processed: 1 bots)
[2026-06-21 04:55:49] Starting bot processing for world 1
  - Bot 'bills' (ID: 16) processed in 10.91s
  ✓ Completed in 12.27s (Barbarians: 0.921s, Bots: 10.911s, Processed: 1 bots)
[2026-06-21 04:57:49] Starting bot processing for world 1
  - Bot 'bills' (ID: 16) processed in 10.936s
  ✓ Completed in 12.365s (Barbarians: 0.947s, Bots: 10.936s, Processed: 1 bots)
[2026-06-21 04:59:49] Starting bot processing for world 1
  - Bot 'bills' (ID: 16) processed in 10.883s
  ✓ Completed in 12.244s (Barbarians: 0.886s, Bots: 10.883s, Processed: 1 bots)
[2026-06-21 05:01:49] Starting bot processing for world 1
  - Bot 'bills' (ID: 16) processed in 10.932s
  ✓ Completed in 12.364s (Barbarians: 0.929s, Bots: 10.933s, Processed: 1 bots)
[2026-06-21 05:03:49] Starting bot processing for world 1
  - Bot 'bills' (ID: 16) processed in 10.899s
  ✓ Completed in 12.241s (Barbarians: 0.925s, Bots: 10.9s, Processed: 1 bots)
[2026-06-21 05:05:49] Starting bot processing for world 1
  - Bot 'bills' (ID: 16) processed in 10.881s
  ✓ Completed in 12.37s (Barbarians: 0.935s, Bots: 10.883s, Processed: 1 bots)
[2026-06-21 05:07:49] Starting bot processing for world 1
  - Bot 'bills' (ID: 16) processed in 10.867s
  ✓ Completed in 12.281s (Barbarians: 0.959s, Bots: 10.868s, Processed: 1 bots)
[2026-06-21 05:09:49] Starting bot processing for world 1
  - Bot 'bills' (ID: 16) processed in 10.92s
  ✓ Completed in 12.297s (Barbarians: 0.927s, Bots: 10.92s, Processed: 1 bots)
[2026-06-21 05:11:49] Starting bot processing for world 1
  - Bot 'bills' (ID: 16) processed in 10.927s
  ✓ Completed in 12.486s (Barbarians: 0.963s, Bots: 10.928s, Processed: 1 bots)
[2026-06-21 05:13:49] Starting bot processing for world 1
  - Bot 'bills' (ID: 16) processed in 10.784s
  ✓ Completed in 12.153s (Barbarians: 0.92s, Bots: 10.784s, Processed: 1 bots)
[2026-06-21 05:15:49] Starting bot processing for world 1
  - Bot 'bills' (ID: 16) processed in 10.915s
  ✓ Completed in 12.378s (Barbarians: 0.912s, Bots: 10.917s, Processed: 1 bots)
[2026-06-21 05:17:49] Starting bot processing for world 1
  - Bot 'bills' (ID: 16) processed in 10.901s
  ✓ Completed in 12.271s (Barbarians: 0.92s, Bots: 10.901s, Processed: 1 bots)
[2026-06-21 05:19:49] Starting bot processing for world 1
  - Bot 'bills' (ID: 16) processed in 10.878s
  ✓ Completed in 12.31s (Barbarians: 0.919s, Bots: 10.879s, Processed: 1 bots)
[2026-06-21 05:21:49] Starting bot processing for world 1
  - Bot 'bills' (ID: 16) processed in 10.851s
  ✓ Completed in 12.233s (Barbarians: 0.928s, Bots: 10.852s, Processed: 1 bots)
[2026-06-21 05:23:49] Starting bot processing for world 1
  - Bot 'bills' (ID: 16) processed in 10.912s
  ✓ Completed in 12.374s (Barbarians: 0.912s, Bots: 10.913s, Processed: 1 bots)
[2026-06-21 05:25:49] Starting bot processing for world 1
  - Bot 'bills' (ID: 16) processed in 10.904s
  ✓ Completed in 12.29s (Barbarians: 0.939s, Bots: 10.904s, Processed: 1 bots)
[2026-06-21 05:27:49] Starting bot processing for world 1
  - Bot 'bills' (ID: 16) processed in 10.976s
  ✓ Completed in 12.502s (Barbarians: 0.965s, Bots: 10.976s, Processed: 1 bots)
[2026-06-21 05:29:49] Starting bot processing for world 1
  - Bot 'bills' (ID: 16) processed in 10.966s
  ✓ Completed in 12.32s (Barbarians: 0.936s, Bots: 10.967s, Processed: 1 bots)
[2026-06-21 05:31:49] Starting bot processing for world 1
  - Bot 'bills' (ID: 16) processed in 10.874s
  ✓ Completed in 12.29s (Barbarians: 0.948s, Bots: 10.874s, Processed: 1 bots)
[2026-06-21 05:33:49] Starting bot processing for world 1
  - Bot 'bills' (ID: 16) processed in 10.963s
  ✓ Completed in 12.423s (Barbarians: 0.957s, Bots: 10.964s, Processed: 1 bots)
[2026-06-21 05:35:49] Starting bot processing for world 1
  - Bot 'bills' (ID: 16) processed in 10.96s
  ✓ Completed in 12.395s (Barbarians: 0.981s, Bots: 10.961s, Processed: 1 bots)
[2026-06-21 05:37:49] Starting bot processing for world 1
  - Bot 'bills' (ID: 16) processed in 10.822s
  ✓ Completed in 12.34s (Barbarians: 0.967s, Bots: 10.823s, Processed: 1 bots)
[2026-06-21 05:39:49] Starting bot processing for world 1
  - Bot 'bills' (ID: 16) processed in 10.954s
  ✓ Completed in 12.603s (Barbarians: 1.006s, Bots: 10.955s, Processed: 1 bots)
[2026-06-21 05:41:49] Starting bot processing for world 1
  - Bot 'bills' (ID: 16) processed in 10.756s
  ✓ Completed in 12.757s (Barbarians: 0.921s, Bots: 10.757s, Processed: 1 bots)
[2026-06-21 05:43:49] Starting bot processing for world 1
  - Bot 'bills' (ID: 16) processed in 10.922s
  ✓ Completed in 12.598s (Barbarians: 0.987s, Bots: 10.923s, Processed: 1 bots)
[2026-06-21 05:45:49] Starting bot processing for world 1
  - Bot 'bills' (ID: 16) processed in 10.925s
  ✓ Completed in 12.332s (Barbarians: 0.969s, Bots: 10.925s, Processed: 1 bots)
[2026-06-21 05:47:49] Starting bot processing for world 1
  - Bot 'bills' (ID: 16) processed in 10.872s
  ✓ Completed in 12.244s (Barbarians: 0.948s, Bots: 10.872s, Processed: 1 bots)
[2026-06-21 05:49:49] Starting bot processing for world 1
  - Bot 'bills' (ID: 16) processed in 11.054s
  ✓ Completed in 12.454s (Barbarians: 0.971s, Bots: 11.055s, Processed: 1 bots)
[2026-06-21 05:51:49] Starting bot processing for world 1
  - Bot 'bills' (ID: 16) processed in 10.894s
  ✓ Completed in 12.279s (Barbarians: 0.96s, Bots: 10.895s, Processed: 1 bots)
[2026-06-21 05:53:49] Starting bot processing for world 1
  - Bot 'bills' (ID: 16) processed in 10.807s
  ✓ Completed in 12.454s (Barbarians: 0.956s, Bots: 10.807s, Processed: 1 bots)
[2026-06-21 05:55:49] Starting bot processing for world 1
  - Bot 'bills' (ID: 16) processed in 10.903s
  ✓ Completed in 12.389s (Barbarians: 0.942s, Bots: 10.903s, Processed: 1 bots)
[2026-06-21 05:57:49] Starting bot processing for world 1
  - Bot 'bills' (ID: 16) processed in 11.018s
  ✓ Completed in 12.393s (Barbarians: 0.95s, Bots: 11.019s, Processed: 1 bots)
[2026-06-21 05:59:49] Starting bot processing for world 1
  - Bot 'bills' (ID: 16) processed in 10.784s
  ✓ Completed in 12.134s (Barbarians: 0.933s, Bots: 10.784s, Processed: 1 bots)
[2026-06-21 06:01:49] Starting bot processing for world 1
  - Bot 'bills' (ID: 16) processed in 10.975s
  ✓ Completed in 12.561s (Barbarians: 0.997s, Bots: 10.976s, Processed: 1 bots)
[2026-06-21 06:03:49] Starting bot processing for world 1
  - Bot 'bills' (ID: 16) processed in 10.828s
  ✓ Completed in 12.299s (Barbarians: 0.984s, Bots: 10.828s, Processed: 1 bots)
[2026-06-21 06:05:49] Starting bot processing for world 1
  - Bot 'bills' (ID: 16) processed in 10.969s
  ✓ Completed in 12.418s (Barbarians: 0.938s, Bots: 10.97s, Processed: 1 bots)
[2026-06-21 06:07:49] Starting bot processing for world 1
  - Bot 'bills' (ID: 16) processed in 10.932s
  ✓ Completed in 12.325s (Barbarians: 0.959s, Bots: 10.933s, Processed: 1 bots)
[2026-06-21 06:09:49] Starting bot processing for world 1
  - Bot 'bills' (ID: 16) processed in 10.822s
  ✓ Completed in 12.175s (Barbarians: 0.927s, Bots: 10.822s, Processed: 1 bots)
[2026-06-21 06:11:49] Starting bot processing for world 1
  - Bot 'bills' (ID: 16) processed in 10.786s
  ✓ Completed in 12.184s (Barbarians: 0.935s, Bots: 10.786s, Processed: 1 bots)
[2026-06-21 06:13:49] Starting bot processing for world 1
  - Bot 'bills' (ID: 16) processed in 10.885s
  ✓ Completed in 12.321s (Barbarians: 0.965s, Bots: 10.886s, Processed: 1 bots)
[2026-06-21 06:15:49] Starting bot processing for world 1
  - Bot 'bills' (ID: 16) processed in 10.858s
  ✓ Completed in 12.235s (Barbarians: 0.942s, Bots: 10.858s, Processed: 1 bots)
[2026-06-21 06:17:49] Starting bot processing for world 1
  - Bot 'bills' (ID: 16) processed in 10.894s
  ✓ Completed in 12.628s (Barbarians: 0.967s, Bots: 10.895s, Processed: 1 bots)
[2026-06-21 06:19:49] Starting bot processing for world 1
  - Bot 'bills' (ID: 16) processed in 10.966s
  ✓ Completed in 12.812s (Barbarians: 0.978s, Bots: 10.966s, Processed: 1 bots)
[2026-06-21 06:21:49] Starting bot processing for world 1
  - Bot 'bills' (ID: 16) processed in 10.955s
  ✓ Completed in 12.304s (Barbarians: 0.948s, Bots: 10.955s, Processed: 1 bots)
[2026-06-21 06:23:49] Starting bot processing for world 1
  - Bot 'bills' (ID: 16) processed in 10.814s
  ✓ Completed in 12.231s (Barbarians: 0.921s, Bots: 10.815s, Processed: 1 bots)
[2026-06-21 06:25:49] Starting bot processing for world 1
  - Bot 'bills' (ID: 16) processed in 10.96s
  ✓ Completed in 12.41s (Barbarians: 1.011s, Bots: 10.961s, Processed: 1 bots)
[2026-06-21 06:27:49] Starting bot processing for world 1
  - Bot 'bills' (ID: 16) processed in 10.96s
  ✓ Completed in 12.309s (Barbarians: 0.939s, Bots: 10.96s, Processed: 1 bots)
[2026-06-21 06:29:49] Starting bot processing for world 1
  - Bot 'bills' (ID: 16) processed in 10.848s
  ✓ Completed in 12.426s (Barbarians: 0.93s, Bots: 10.848s, Processed: 1 bots)
[2026-06-21 06:31:49] Starting bot processing for world 1
  - Bot 'bills' (ID: 16) processed in 10.97s
  ✓ Completed in 12.303s (Barbarians: 0.923s, Bots: 10.971s, Processed: 1 bots)
[2026-06-21 06:33:49] Starting bot processing for world 1
  - Bot 'bills' (ID: 16) processed in 10.929s
  ✓ Completed in 12.292s (Barbarians: 0.915s, Bots: 10.93s, Processed: 1 bots)
[2026-06-21 06:35:49] Starting bot processing for world 1
  - Bot 'bills' (ID: 16) processed in 10.907s
  ✓ Completed in 12.333s (Barbarians: 0.942s, Bots: 10.907s, Processed: 1 bots)
[2026-06-21 06:37:49] Starting bot processing for world 1
  - Bot 'bills' (ID: 16) processed in 10.9s
  ✓ Completed in 12.257s (Barbarians: 0.915s, Bots: 10.901s, Processed: 1 bots)
[2026-06-21 06:39:49] Starting bot processing for world 1
  - Bot 'bills' (ID: 16) processed in 11.003s
  ✓ Completed in 12.46s (Barbarians: 0.92s, Bots: 11.003s, Processed: 1 bots)
[2026-06-21 06:41:49] Starting bot processing for world 1
  - Bot 'bills' (ID: 16) processed in 10.874s
  ✓ Completed in 12.231s (Barbarians: 0.914s, Bots: 10.875s, Processed: 1 bots)
[2026-06-21 06:43:49] Starting bot processing for world 1
  - Bot 'bills' (ID: 16) processed in 10.871s
  ✓ Completed in 12.161s (Barbarians: 0.895s, Bots: 10.871s, Processed: 1 bots)
[2026-06-21 06:45:49] Starting bot processing for world 1
  - Bot 'bills' (ID: 16) processed in 10.958s
  ✓ Completed in 12.398s (Barbarians: 0.95s, Bots: 10.959s, Processed: 1 bots)
[2026-06-21 06:47:49] Starting bot processing for world 1
  - Bot 'bills' (ID: 16) processed in 10.893s
  ✓ Completed in 12.407s (Barbarians: 0.96s, Bots: 10.894s, Processed: 1 bots)
[2026-06-21 06:49:49] Starting bot processing for world 1
  - Bot 'bills' (ID: 16) processed in 10.881s
  ✓ Completed in 12.236s (Barbarians: 0.932s, Bots: 10.881s, Processed: 1 bots)
[2026-06-21 06:51:49] Starting bot processing for world 1
  - Bot 'bills' (ID: 16) processed in 10.826s
  ✓ Completed in 12.275s (Barbarians: 0.885s, Bots: 10.827s, Processed: 1 bots)
[2026-06-21 06:53:49] Starting bot processing for world 1
  - Bot 'bills' (ID: 16) processed in 10.813s
  ✓ Completed in 12.886s (Barbarians: 0.94s, Bots: 10.814s, Processed: 1 bots)
[2026-06-21 06:55:49] Starting bot processing for world 1
  - Bot 'bills' (ID: 16) processed in 10.998s
  ✓ Completed in 12.436s (Barbarians: 0.939s, Bots: 10.998s, Processed: 1 bots)
[2026-06-21 06:57:49] Starting bot processing for world 1
  - Bot 'bills' (ID: 16) processed in 10.853s
  ✓ Completed in 12.164s (Barbarians: 0.909s, Bots: 10.853s, Processed: 1 bots)
[2026-06-21 06:59:49] Starting bot processing for world 1
  - Bot 'bills' (ID: 16) processed in 10.87s
  ✓ Completed in 12.224s (Barbarians: 0.899s, Bots: 10.871s, Processed: 1 bots)
[2026-06-21 07:01:49] Starting bot processing for world 1
  - Bot 'bills' (ID: 16) processed in 10.835s
  ✓ Completed in 12.193s (Barbarians: 0.934s, Bots: 10.835s, Processed: 1 bots)
[2026-06-21 07:03:49] Starting bot processing for world 1
  - Bot 'bills' (ID: 16) processed in 10.746s
  ✓ Completed in 12.25s (Barbarians: 0.901s, Bots: 10.746s, Processed: 1 bots)
[2026-06-21 07:05:49] Starting bot processing for world 1
  - Bot 'bills' (ID: 16) processed in 11.24s
  ✓ Completed in 12.722s (Barbarians: 0.932s, Bots: 11.241s, Processed: 1 bots)
[2026-06-21 07:07:49] Starting bot processing for world 1
  - Bot 'bills' (ID: 16) processed in 10.848s
  ✓ Completed in 12.17s (Barbarians: 0.903s, Bots: 10.848s, Processed: 1 bots)
[2026-06-21 07:09:49] Starting bot processing for world 1
  - Bot 'bills' (ID: 16) processed in 10.92s
  ✓ Completed in 12.267s (Barbarians: 0.913s, Bots: 10.921s, Processed: 1 bots)
[2026-06-21 07:11:49] Starting bot processing for world 1
  - Bot 'bills' (ID: 16) processed in 10.782s
  ✓ Completed in 12.151s (Barbarians: 0.913s, Bots: 10.783s, Processed: 1 bots)
[2026-06-21 07:13:49] Starting bot processing for world 1
  - Bot 'bills' (ID: 16) processed in 10.739s
  ✓ Completed in 12.059s (Barbarians: 0.917s, Bots: 10.739s, Processed: 1 bots)
[2026-06-21 07:15:49] Starting bot processing for world 1
  - Bot 'bills' (ID: 16) processed in 10.763s
  ✓ Completed in 12.283s (Barbarians: 0.91s, Bots: 10.764s, Processed: 1 bots)
[2026-06-21 07:17:49] Starting bot processing for world 1
  - Bot 'bills' (ID: 16) processed in 10.858s
  ✓ Completed in 12.186s (Barbarians: 0.909s, Bots: 10.859s, Processed: 1 bots)
[2026-06-21 07:19:49] Starting bot processing for world 1
  - Bot 'bills' (ID: 16) processed in 10.749s
  ✓ Completed in 12.082s (Barbarians: 0.895s, Bots: 10.75s, Processed: 1 bots)
[2026-06-21 07:21:49] Starting bot processing for world 1
  - Bot 'bills' (ID: 16) processed in 10.751s
  ✓ Completed in 12.136s (Barbarians: 0.908s, Bots: 10.752s, Processed: 1 bots)
[2026-06-21 07:23:49] Starting bot processing for world 1
  - Bot 'bills' (ID: 16) processed in 10.798s
  ✓ Completed in 12.148s (Barbarians: 0.919s, Bots: 10.798s, Processed: 1 bots)
[2026-06-21 07:25:49] Starting bot processing for world 1
  - Bot 'bills' (ID: 16) processed in 10.792s
  ✓ Completed in 12.288s (Barbarians: 0.942s, Bots: 10.793s, Processed: 1 bots)
[2026-06-21 07:27:49] Starting bot processing for world 1
  - Bot 'bills' (ID: 16) processed in 10.785s
  ✓ Completed in 12.235s (Barbarians: 0.914s, Bots: 10.785s, Processed: 1 bots)
[2026-06-21 07:29:49] Starting bot processing for world 1
  - Bot 'bills' (ID: 16) processed in 10.745s
  ✓ Completed in 12.644s (Barbarians: 0.962s, Bots: 10.746s, Processed: 1 bots)
[2026-06-21 07:31:49] Starting bot processing for world 1
  - Bot 'bills' (ID: 16) processed in 10.713s
  ✓ Completed in 12.024s (Barbarians: 0.893s, Bots: 10.714s, Processed: 1 bots)
[2026-06-21 07:33:49] Starting bot processing for world 1
  - Bot 'bills' (ID: 16) processed in 10.694s
  ✓ Completed in 12.09s (Barbarians: 0.908s, Bots: 10.695s, Processed: 1 bots)
[2026-06-21 07:35:49] Starting bot processing for world 1
  - Bot 'bills' (ID: 16) processed in 10.772s
  ✓ Completed in 12.141s (Barbarians: 0.918s, Bots: 10.773s, Processed: 1 bots)
[2026-06-21 07:37:49] Starting bot processing for world 1
  - Bot 'bills' (ID: 16) processed in 10.775s
  ✓ Completed in 12.152s (Barbarians: 0.91s, Bots: 10.775s, Processed: 1 bots)
[2026-06-21 07:39:49] Starting bot processing for world 1
  - Bot 'bills' (ID: 16) processed in 10.817s
  ✓ Completed in 12.278s (Barbarians: 0.93s, Bots: 10.819s, Processed: 1 bots)
[2026-06-21 07:41:49] Starting bot processing for world 1
  - Bot 'bills' (ID: 16) processed in 10.891s
  ✓ Completed in 12.22s (Barbarians: 0.917s, Bots: 10.892s, Processed: 1 bots)
[2026-06-21 07:43:49] Starting bot processing for world 1
  - Bot 'bills' (ID: 16) processed in 11.113s
  ✓ Completed in 12.57s (Barbarians: 0.988s, Bots: 11.114s, Processed: 1 bots)
[2026-06-21 07:45:49] Starting bot processing for world 1
  - Bot 'bills' (ID: 16) processed in 10.741s
  ✓ Completed in 12.072s (Barbarians: 0.909s, Bots: 10.741s, Processed: 1 bots)
[2026-06-21 07:47:49] Starting bot processing for world 1
  - Bot 'bills' (ID: 16) processed in 10.817s
  ✓ Completed in 12.266s (Barbarians: 0.906s, Bots: 10.818s, Processed: 1 bots)
[2026-06-21 07:49:49] Starting bot processing for world 1
  - Bot 'bills' (ID: 16) processed in 10.687s
  ✓ Completed in 12.026s (Barbarians: 0.901s, Bots: 10.688s, Processed: 1 bots)
[2026-06-21 07:51:49] Starting bot processing for world 1
  - Bot 'bills' (ID: 16) processed in 10.697s
  ✓ Completed in 12.164s (Barbarians: 0.91s, Bots: 10.698s, Processed: 1 bots)
[2026-06-21 07:53:49] Starting bot processing for world 1
  - Bot 'bills' (ID: 16) processed in 10.811s
  ✓ Completed in 12.5s (Barbarians: 0.948s, Bots: 10.812s, Processed: 1 bots)
[2026-06-21 07:55:49] Starting bot processing for world 1
  - Bot 'bills' (ID: 16) processed in 10.686s
  ✓ Completed in 12.083s (Barbarians: 0.901s, Bots: 10.686s, Processed: 1 bots)
[2026-06-21 07:57:49] Starting bot processing for world 1
  - Bot 'bills' (ID: 16) processed in 10.775s
  ✓ Completed in 12.174s (Barbarians: 0.953s, Bots: 10.776s, Processed: 1 bots)
[2026-06-21 07:59:49] Starting bot processing for world 1
  - Bot 'bills' (ID: 16) processed in 10.805s
  ✓ Completed in 12.187s (Barbarians: 0.925s, Bots: 10.806s, Processed: 1 bots)
[2026-06-21 08:01:49] Starting bot processing for world 1
  - Bot 'bills' (ID: 16) processed in 10.729s
  ✓ Completed in 12.205s (Barbarians: 0.935s, Bots: 10.729s, Processed: 1 bots)
[2026-06-21 08:03:49] Starting bot processing for world 1
  - Bot 'bills' (ID: 16) processed in 10.728s
  ✓ Completed in 12.135s (Barbarians: 0.924s, Bots: 10.728s, Processed: 1 bots)
[2026-06-21 08:05:49] Starting bot processing for world 1
  - Bot 'bills' (ID: 16) processed in 10.777s
  ✓ Completed in 12.304s (Barbarians: 0.925s, Bots: 10.778s, Processed: 1 bots)
[2026-06-21 08:07:49] Starting bot processing for world 1
  - Bot 'bills' (ID: 16) processed in 10.733s
  ✓ Completed in 12.77s (Barbarians: 0.924s, Bots: 10.734s, Processed: 1 bots)
[2026-06-21 08:09:49] Starting bot processing for world 1
  - Bot 'bills' (ID: 16) processed in 10.718s
  ✓ Completed in 12.056s (Barbarians: 0.909s, Bots: 10.718s, Processed: 1 bots)
[2026-06-21 08:11:49] Starting bot processing for world 1
  - Bot 'bills' (ID: 16) processed in 10.747s
  ✓ Completed in 12.177s (Barbarians: 0.983s, Bots: 10.747s, Processed: 1 bots)
[2026-06-21 08:13:49] Starting bot processing for world 1
  - Bot 'bills' (ID: 16) processed in 10.644s
  ✓ Completed in 11.973s (Barbarians: 0.878s, Bots: 10.644s, Processed: 1 bots)
[2026-06-21 08:15:49] Starting bot processing for world 1
  - Bot 'bills' (ID: 16) processed in 10.695s
  ✓ Completed in 12.066s (Barbarians: 0.933s, Bots: 10.696s, Processed: 1 bots)
[2026-06-21 08:17:49] Starting bot processing for world 1
  - Bot 'bills' (ID: 16) processed in 10.991s
  ✓ Completed in 12.346s (Barbarians: 0.918s, Bots: 10.992s, Processed: 1 bots)
[2026-06-21 08:19:49] Starting bot processing for world 1
  - Bot 'bills' (ID: 16) processed in 10.845s
  ✓ Completed in 12.485s (Barbarians: 0.954s, Bots: 10.845s, Processed: 1 bots)
[2026-06-21 08:21:49] Starting bot processing for world 1
  - Bot 'bills' (ID: 16) processed in 10.857s
  ✓ Completed in 12.235s (Barbarians: 0.931s, Bots: 10.858s, Processed: 1 bots)
[2026-06-21 08:23:49] Starting bot processing for world 1
  - Bot 'bills' (ID: 16) processed in 10.827s
  ✓ Completed in 12.244s (Barbarians: 0.961s, Bots: 10.827s, Processed: 1 bots)
[2026-06-21 08:25:49] Starting bot processing for world 1
  - Bot 'bills' (ID: 16) processed in 10.785s
  ✓ Completed in 12.185s (Barbarians: 0.924s, Bots: 10.785s, Processed: 1 bots)
[2026-06-21 08:27:49] Starting bot processing for world 1
  - Bot 'bills' (ID: 16) processed in 10.902s
  ✓ Completed in 12.247s (Barbarians: 0.915s, Bots: 10.902s, Processed: 1 bots)
[2026-06-21 08:29:49] Starting bot processing for world 1
  - Bot 'bills' (ID: 16) processed in 10.78s
  ✓ Completed in 12.361s (Barbarians: 0.958s, Bots: 10.781s, Processed: 1 bots)
[2026-06-21 08:31:49] Starting bot processing for world 1
  - Bot 'bills' (ID: 16) processed in 10.86s
  ✓ Completed in 12.196s (Barbarians: 0.908s, Bots: 10.861s, Processed: 1 bots)
[2026-06-21 08:33:49] Starting bot processing for world 1
  - Bot 'bills' (ID: 16) processed in 11.237s
  ✓ Completed in 12.609s (Barbarians: 0.917s, Bots: 11.238s, Processed: 1 bots)
[2026-06-21 08:35:49] Starting bot processing for world 1
  - Bot 'bills' (ID: 16) processed in 10.798s
  ✓ Completed in 12.208s (Barbarians: 0.945s, Bots: 10.798s, Processed: 1 bots)
[2026-06-21 08:37:49] Starting bot processing for world 1
  - Bot 'bills' (ID: 16) processed in 10.876s
  ✓ Completed in 12.262s (Barbarians: 0.91s, Bots: 10.877s, Processed: 1 bots)
[2026-06-21 08:39:49] Starting bot processing for world 1
  - Bot 'bills' (ID: 16) processed in 10.857s
  ✓ Completed in 12.175s (Barbarians: 0.902s, Bots: 10.858s, Processed: 1 bots)
[2026-06-21 08:41:49] Starting bot processing for world 1
  - Bot 'bills' (ID: 16) processed in 10.76s
  ✓ Completed in 12.325s (Barbarians: 0.919s, Bots: 10.761s, Processed: 1 bots)
[2026-06-21 08:43:49] Starting bot processing for world 1
  - Bot 'bills' (ID: 16) processed in 10.809s
  ✓ Completed in 12.496s (Barbarians: 0.92s, Bots: 10.809s, Processed: 1 bots)
[2026-06-21 08:45:49] Starting bot processing for world 1
  - Bot 'bills' (ID: 16) processed in 10.695s
  ✓ Completed in 12.047s (Barbarians: 0.935s, Bots: 10.695s, Processed: 1 bots)
[2026-06-21 08:47:49] Starting bot processing for world 1
  - Bot 'bills' (ID: 16) processed in 10.681s
  ✓ Completed in 12.068s (Barbarians: 0.895s, Bots: 10.681s, Processed: 1 bots)
[2026-06-21 08:49:49] Starting bot processing for world 1
  - Bot 'bills' (ID: 16) processed in 10.934s
  ✓ Completed in 12.382s (Barbarians: 0.96s, Bots: 10.935s, Processed: 1 bots)
[2026-06-21 08:51:49] Starting bot processing for world 1
  - Bot 'bills' (ID: 16) processed in 10.915s
  ✓ Completed in 12.242s (Barbarians: 0.913s, Bots: 10.916s, Processed: 1 bots)
[2026-06-21 08:53:49] Starting bot processing for world 1
  - Bot 'bills' (ID: 16) processed in 10.817s
  ✓ Completed in 12.446s (Barbarians: 0.934s, Bots: 10.818s, Processed: 1 bots)
[2026-06-21 08:55:49] Starting bot processing for world 1
  - Bot 'bills' (ID: 16) processed in 10.826s
  ✓ Completed in 12.149s (Barbarians: 0.913s, Bots: 10.827s, Processed: 1 bots)
[2026-06-21 08:57:49] Starting bot processing for world 1
  - Bot 'bills' (ID: 16) processed in 10.747s
  ✓ Completed in 12.119s (Barbarians: 0.937s, Bots: 10.748s, Processed: 1 bots)
[2026-06-21 08:59:49] Starting bot processing for world 1
  - Bot 'bills' (ID: 16) processed in 10.888s
  ✓ Completed in 12.241s (Barbarians: 0.907s, Bots: 10.889s, Processed: 1 bots)
[2026-06-21 09:01:49] Starting bot processing for world 1
  - Bot 'bills' (ID: 16) processed in 11.04s
  ✓ Completed in 12.43s (Barbarians: 0.904s, Bots: 11.041s, Processed: 1 bots)
[2026-06-21 09:03:49] Starting bot processing for world 1
  - Bot 'bills' (ID: 16) processed in 10.912s
  ✓ Completed in 12.318s (Barbarians: 0.933s, Bots: 10.913s, Processed: 1 bots)
[2026-06-21 09:05:49] Starting bot processing for world 1
  - Bot 'bills' (ID: 16) processed in 10.888s
  ✓ Completed in 12.574s (Barbarians: 0.978s, Bots: 10.888s, Processed: 1 bots)
[2026-06-21 09:07:49] Starting bot processing for world 1
  - Bot 'bills' (ID: 16) processed in 10.93s
  ✓ Completed in 12.583s (Barbarians: 0.946s, Bots: 10.93s, Processed: 1 bots)
[2026-06-21 09:09:49] Starting bot processing for world 1
  - Bot 'bills' (ID: 16) processed in 10.931s
  ✓ Completed in 12.481s (Barbarians: 0.927s, Bots: 10.932s, Processed: 1 bots)
[2026-06-21 09:11:49] Starting bot processing for world 1
  - Bot 'bills' (ID: 16) processed in 11.034s
  ✓ Completed in 12.492s (Barbarians: 0.986s, Bots: 11.034s, Processed: 1 bots)
[2026-06-21 09:13:49] Starting bot processing for world 1
  - Bot 'bills' (ID: 16) processed in 11.043s
  ✓ Completed in 12.459s (Barbarians: 0.964s, Bots: 11.044s, Processed: 1 bots)
[2026-06-21 09:15:49] Starting bot processing for world 1
  - Bot 'bills' (ID: 16) processed in 10.961s
  ✓ Completed in 12.44s (Barbarians: 0.943s, Bots: 10.962s, Processed: 1 bots)
[2026-06-21 09:17:49] Starting bot processing for world 1
  - Bot 'bills' (ID: 16) processed in 10.967s
  ✓ Completed in 12.522s (Barbarians: 0.948s, Bots: 10.967s, Processed: 1 bots)
[2026-06-21 09:19:49] Starting bot processing for world 1
  - Bot 'bills' (ID: 16) processed in 11.075s
  ✓ Completed in 12.517s (Barbarians: 0.937s, Bots: 11.076s, Processed: 1 bots)
[2026-06-21 09:21:49] Starting bot processing for world 1
  - Bot 'bills' (ID: 16) processed in 10.648s
  ✓ Completed in 11.995s (Barbarians: 0.913s, Bots: 10.648s, Processed: 1 bots)
[2026-06-21 09:23:49] Starting bot processing for world 1
  - Bot 'bills' (ID: 16) processed in 10.704s
  ✓ Completed in 12.099s (Barbarians: 0.928s, Bots: 10.705s, Processed: 1 bots)
[2026-06-21 09:25:49] Starting bot processing for world 1
  - Bot 'bills' (ID: 16) processed in 10.599s
  ✓ Completed in 11.967s (Barbarians: 0.885s, Bots: 10.6s, Processed: 1 bots)
[2026-06-21 09:27:49] Starting bot processing for world 1
  - Bot 'bills' (ID: 16) processed in 10.743s
  ✓ Completed in 12.142s (Barbarians: 0.929s, Bots: 10.744s, Processed: 1 bots)
[2026-06-21 09:29:49] Starting bot processing for world 1
  - Bot 'bills' (ID: 16) processed in 10.635s
  ✓ Completed in 12.149s (Barbarians: 0.932s, Bots: 10.636s, Processed: 1 bots)
[2026-06-21 09:31:49] Starting bot processing for world 1
  - Bot 'bills' (ID: 16) processed in 10.704s
  ✓ Completed in 12.071s (Barbarians: 0.922s, Bots: 10.705s, Processed: 1 bots)
[2026-06-21 09:33:49] Starting bot processing for world 1
  - Bot 'bills' (ID: 16) processed in 10.688s
  ✓ Completed in 12.068s (Barbarians: 0.906s, Bots: 10.689s, Processed: 1 bots)
[2026-06-21 09:35:49] Starting bot processing for world 1
  - Bot 'bills' (ID: 16) processed in 10.821s
  ✓ Completed in 12.176s (Barbarians: 0.88s, Bots: 10.822s, Processed: 1 bots)
[2026-06-21 09:37:49] Starting bot processing for world 1
  - Bot 'bills' (ID: 16) processed in 11.069s
  ✓ Completed in 12.402s (Barbarians: 0.92s, Bots: 11.07s, Processed: 1 bots)
[2026-06-21 09:39:49] Starting bot processing for world 1
  - Bot 'bills' (ID: 16) processed in 11.149s
  ✓ Completed in 12.787s (Barbarians: 0.955s, Bots: 11.149s, Processed: 1 bots)
[2026-06-21 09:41:26] Starting bot processing for world 1
  - Bot 'bills' (ID: 16) processed in 12.111s
  ✓ Completed in 14.009s (Barbarians: 1.137s, Bots: 12.112s, Processed: 1 bots)
[2026-06-21 09:43:49] Starting bot processing for world 1
  - Bot 'bills' (ID: 16) processed in 12.177s
  ✓ Completed in 13.698s (Barbarians: 1.033s, Bots: 12.178s, Processed: 1 bots)
[2026-06-21 09:44:11] [Daemon PID 27556] Starting bot processing for world 1
  - Bot 'bills' (ID: 16) processed in 4.364s
  ✓ Completed in 8.232s (Barbarians: 1.106s, Bots: 4.365s, Processed: 1 bots)
  ✗ ERROR: SQLSTATE[HY000] [1049] Unknown database 'lan_classico1'
[2026-06-21 09:45:19] [Daemon PID 27556] Starting bot processing for world 1
  - Bot 'bills' (ID: 16) processed in 8.164s
  ✓ Completed in 9.169s (Barbarians: 1.002s, Bots: 8.165s, Processed: 1 bots)
  ✗ ERROR: SQLSTATE[HY000] [1049] Unknown database 'lan_classico1'
[2026-06-21 09:46:28] [Daemon PID 27556] Starting bot processing for world 1
  - Bot 'bills' (ID: 16) processed in 8.382s
  ✓ Completed in 9.403s (Barbarians: 1.018s, Bots: 8.382s, Processed: 1 bots)
  ✗ ERROR: SQLSTATE[HY000] [1049] Unknown database 'lan_classico1'
[2026-06-21 09:47:38] [Daemon PID 27556] Starting bot processing for world 1
  - Bot 'bills' (ID: 16) processed in 9.263s
  ✓ Completed in 10.319s (Barbarians: 1.054s, Bots: 9.264s, Processed: 1 bots)
  ✗ ERROR: SQLSTATE[HY000] [1049] Unknown database 'lan_classico1'
[2026-06-21 09:48:48] [Daemon PID 27556] Starting bot processing for world 1
  - Bot 'bills' (ID: 16) processed in 7.983s
  ✓ Completed in 8.923s (Barbarians: 0.934s, Bots: 7.984s, Processed: 1 bots)
  ✗ ERROR: SQLSTATE[HY000] [1049] Unknown database 'lan_classico1'
[2026-06-21 09:49:57] [Daemon PID 27556] Starting bot processing for world 1
  - Bot 'bills' (ID: 16) processed in 7.851s
  ✓ Completed in 8.808s (Barbarians: 0.955s, Bots: 7.852s, Processed: 1 bots)
  ✗ ERROR: SQLSTATE[HY000] [1049] Unknown database 'lan_classico1'
[2026-06-21 09:51:06] [Daemon PID 27556] Starting bot processing for world 1
  - Bot 'bills' (ID: 16) processed in 8.054s
  ✓ Completed in 9.02s (Barbarians: 0.963s, Bots: 8.054s, Processed: 1 bots)
  ✗ ERROR: SQLSTATE[HY000] [1049] Unknown database 'lan_classico1'
[2026-06-21 09:52:15] [Daemon PID 27556] Starting bot processing for world 1
  - Bot 'bills' (ID: 16) processed in 8.041s
  ✓ Completed in 9.045s (Barbarians: 1.001s, Bots: 8.042s, Processed: 1 bots)
  ✗ ERROR: SQLSTATE[HY000] [1049] Unknown database 'lan_classico1'
[2026-06-21 09:53:24] [Daemon PID 27556] Starting bot processing for world 1
  - Bot 'bills' (ID: 16) processed in 8.483s
  ✓ Completed in 9.426s (Barbarians: 0.941s, Bots: 8.483s, Processed: 1 bots)
  ✗ ERROR: SQLSTATE[HY000] [1049] Unknown database 'lan_classico1'
[2026-06-21 09:54:33] [Daemon PID 27556] Starting bot processing for world 1
  - Bot 'bills' (ID: 16) processed in 9.368s
  ✓ Completed in 10.514s (Barbarians: 1.141s, Bots: 9.369s, Processed: 1 bots)
  ✗ ERROR: SQLSTATE[HY000] [1049] Unknown database 'lan_classico1'
[2026-06-21 09:55:44] [Daemon PID 27556] Starting bot processing for world 1
  - Bot 'bills' (ID: 16) processed in 8.45s
  ✓ Completed in 9.455s (Barbarians: 1.002s, Bots: 8.451s, Processed: 1 bots)
  ✗ ERROR: SQLSTATE[HY000] [1049] Unknown database 'lan_classico1'
[2026-06-21 09:56:53] [Daemon PID 27556] Starting bot processing for world 1
  - Bot 'bills' (ID: 16) processed in 8.9s
  ✓ Completed in 10.008s (Barbarians: 1.106s, Bots: 8.901s, Processed: 1 bots)
  ✗ ERROR: SQLSTATE[HY000] [1049] Unknown database 'lan_classico1'
[2026-06-21 09:58:04] [Daemon PID 27556] Starting bot processing for world 1
  - Bot 'bills' (ID: 16) processed in 8.178s
  ✓ Completed in 9.286s (Barbarians: 1.1s, Bots: 8.179s, Processed: 1 bots)
  ✗ ERROR: SQLSTATE[HY000] [1049] Unknown database 'lan_classico1'
[2026-06-21 09:59:13] [Daemon PID 27556] Starting bot processing for world 1
  - Bot 'bills' (ID: 16) processed in 8.832s
  ✓ Completed in 9.803s (Barbarians: 0.969s, Bots: 8.833s, Processed: 1 bots)
  ✗ ERROR: SQLSTATE[HY000] [1049] Unknown database 'lan_classico1'
[2026-06-21 10:00:23] [Daemon PID 27556] Starting bot processing for world 1
  - Bot 'bills' (ID: 16) processed in 13.055s
  ✓ Completed in 15.971s (Barbarians: 2.642s, Bots: 13.056s, Processed: 1 bots)
  ✗ ERROR: SQLSTATE[HY000] [1049] Unknown database 'lan_classico1'
[2026-06-21 10:01:39] [Daemon PID 27556] Starting bot processing for world 1
[2026-06-21 10:01:50] Starting bot processing for world 1
  - Bot 'bills' (ID: 16) processed in 14.624s
  ✓ Completed in 15.917s (Barbarians: 1.29s, Bots: 14.625s, Processed: 1 bots)
  ✗ ERROR: SQLSTATE[HY000] [1049] Unknown database 'lan_classico1'
  - Bot 'bills' (ID: 16) processed in 4.096s
  ✓ Completed in 5.797s (Barbarians: 1.094s, Bots: 4.097s, Processed: 1 bots)
[2026-06-21 10:02:55] [Daemon PID 27556] Starting bot processing for world 1
[2026-06-21 10:02:56] Starting bot processing for world 1
  - Bot 'bills' (ID: 16) processed in 6.85s
  - Bot 'bills' (ID: 16) processed in 9.859s
  ✓ Completed in 9.179s (Barbarians: 1.183s, Bots: 6.851s, Processed: 1 bots)
  ✓ Completed in 10.933s (Barbarians: 1.065s, Bots: 9.86s, Processed: 1 bots)
  ✗ ERROR: SQLSTATE[HY000] [1049] Unknown database 'lan_classico1'
[2026-06-21 10:04:06] [Daemon PID 27556] Starting bot processing for world 1
[2026-06-21 10:04:10] Starting bot processing for world 1
  - Bot 'bills' (ID: 16) processed in 8.989s
  ✓ Completed in 10.55s (Barbarians: 1.559s, Bots: 8.989s, Processed: 1 bots)
  ✗ ERROR: SQLSTATE[HY000] [1049] Unknown database 'lan_classico1'
  - Bot 'bills' (ID: 16) processed in 5.552s
  ✓ Completed in 8.045s (Barbarians: 1.583s, Bots: 5.554s, Processed: 1 bots)
[2026-06-21 10:05:16] [Daemon PID 27556] Starting bot processing for world 1
  - Bot 'bills' (ID: 16) processed in 10.104s
  ✓ Completed in 11.761s (Barbarians: 1.653s, Bots: 10.105s, Processed: 1 bots)
  ✗ ERROR: SQLSTATE[HY000] [1049] Unknown database 'lan_classico1'
[2026-06-21 10:06:28] [Daemon PID 27556] Starting bot processing for world 1
  - Bot 'bills' (ID: 16) processed in 8.809s
  ✓ Completed in 9.901s (Barbarians: 1.087s, Bots: 8.81s, Processed: 1 bots)
  ✗ ERROR: SQLSTATE[HY000] [1049] Unknown database 'lan_classico1'
[2026-06-21 10:07:38] [Daemon PID 27556] Starting bot processing for world 1
  - Bot 'bills' (ID: 16) processed in 13.264s
  ✓ Completed in 14.768s (Barbarians: 1.501s, Bots: 13.265s, Processed: 1 bots)
  ✗ ERROR: SQLSTATE[HY000] [1049] Unknown database 'lan_classico1'
[2026-06-21 10:08:53] [Daemon PID 27556] Starting bot processing for world 1
  - Bot 'bills' (ID: 16) processed in 8.246s
  ✓ Completed in 9.251s (Barbarians: 1.004s, Bots: 8.246s, Processed: 1 bots)
  ✗ ERROR: SQLSTATE[HY000] [1049] Unknown database 'lan_classico1'
[2026-06-21 10:10:02] [Daemon PID 27556] Starting bot processing for world 1
  - Bot 'bills' (ID: 16) processed in 8.321s
  ✓ Completed in 9.277s (Barbarians: 0.953s, Bots: 8.322s, Processed: 1 bots)
  ✗ ERROR: SQLSTATE[HY000] [1049] Unknown database 'lan_classico1'
[2026-06-21 10:11:11] [Daemon PID 27556] Starting bot processing for world 1
  - Bot 'bills' (ID: 16) processed in 8.307s
  ✓ Completed in 9.318s (Barbarians: 1.009s, Bots: 8.308s, Processed: 1 bots)
  ✗ ERROR: SQLSTATE[HY000] [1049] Unknown database 'lan_classico1'
[2026-06-21 10:12:20] [Daemon PID 27556] Starting bot processing for world 1
  - Bot 'bills' (ID: 16) processed in 10.255s
  ✓ Completed in 11.356s (Barbarians: 1.095s, Bots: 10.255s, Processed: 1 bots)
  ✗ ERROR: SQLSTATE[HY000] [1049] Unknown database 'lan_classico1'
[2026-06-21 10:13:32] [Daemon PID 27556] Starting bot processing for world 1
  - Bot 'bills' (ID: 16) processed in 9.506s
  ✓ Completed in 10.472s (Barbarians: 0.964s, Bots: 9.506s, Processed: 1 bots)
  ✗ ERROR: SQLSTATE[HY000] [1049] Unknown database 'lan_classico1'
[2026-06-21 10:14:42] [Daemon PID 27556] Starting bot processing for world 1
  - Bot 'bills' (ID: 16) processed in 8.881s
  ✓ Completed in 10.067s (Barbarians: 1.183s, Bots: 8.882s, Processed: 1 bots)
  ✗ ERROR: SQLSTATE[HY000] [1049] Unknown database 'lan_classico1'
[2026-06-21 10:15:52] [Daemon PID 27556] Starting bot processing for world 1
  - Bot 'bills' (ID: 16) processed in 8.276s
  ✓ Completed in 9.392s (Barbarians: 1.114s, Bots: 8.277s, Processed: 1 bots)
  ✗ ERROR: SQLSTATE[HY000] [1049] Unknown database 'lan_classico1'
[2026-06-21 10:17:02] [Daemon PID 27556] Starting bot processing for world 1
  - Bot 'bills' (ID: 16) processed in 8.575s
  ✓ Completed in 9.659s (Barbarians: 1.081s, Bots: 8.576s, Processed: 1 bots)
  ✗ ERROR: SQLSTATE[HY000] [1049] Unknown database 'lan_classico1'
[2026-06-21 10:18:12] [Daemon PID 27556] Starting bot processing for world 1
  - Bot 'bills' (ID: 16) processed in 7.653s
  ✓ Completed in 8.587s (Barbarians: 0.93s, Bots: 7.653s, Processed: 1 bots)
  ✗ ERROR: SQLSTATE[HY000] [1049] Unknown database 'lan_classico1'
[2026-06-21 10:19:20] [Daemon PID 27556] Starting bot processing for world 1
  - Bot 'bills' (ID: 16) processed in 7.61s
  ✓ Completed in 8.567s (Barbarians: 0.954s, Bots: 7.611s, Processed: 1 bots)
  ✗ ERROR: SQLSTATE[HY000] [1049] Unknown database 'lan_classico1'
[2026-06-21 10:20:29] [Daemon PID 27556] Starting bot processing for world 1
  - Bot 'bills' (ID: 16) processed in 10.012s
  ✓ Completed in 11.37s (Barbarians: 1.356s, Bots: 10.013s, Processed: 1 bots)
  ✗ ERROR: SQLSTATE[HY000] [1049] Unknown database 'lan_classico1'
[2026-06-21 10:21:40] [Daemon PID 27556] Starting bot processing for world 1
  - Bot 'bills' (ID: 16) processed in 8.286s
  ✓ Completed in 9.298s (Barbarians: 1.01s, Bots: 8.286s, Processed: 1 bots)
  ✗ ERROR: SQLSTATE[HY000] [1049] Unknown database 'lan_classico1'
[2026-06-21 10:22:49] [Daemon PID 27556] Starting bot processing for world 1
  - Bot 'bills' (ID: 16) processed in 8.152s
  ✓ Completed in 9.119s (Barbarians: 0.964s, Bots: 8.153s, Processed: 1 bots)
  ✗ ERROR: SQLSTATE[HY000] [1049] Unknown database 'lan_classico1'
[2026-06-21 10:23:59] [Daemon PID 27556] Starting bot processing for world 1
  - Bot 'bills' (ID: 16) processed in 8.269s
  ✓ Completed in 9.261s (Barbarians: 0.986s, Bots: 8.269s, Processed: 1 bots)
  ✗ ERROR: SQLSTATE[HY000] [1049] Unknown database 'lan_classico1'
[2026-06-21 10:25:08] [Daemon PID 27556] Starting bot processing for world 1
  - Bot 'bills' (ID: 16) processed in 8.048s
  ✓ Completed in 9.025s (Barbarians: 0.975s, Bots: 8.049s, Processed: 1 bots)
  ✗ ERROR: SQLSTATE[HY000] [1049] Unknown database 'lan_classico1'
[2026-06-21 10:26:17] [Daemon PID 27556] Starting bot processing for world 1
  - Bot 'bills' (ID: 16) processed in 8.33s
  ✓ Completed in 9.335s (Barbarians: 1.002s, Bots: 8.331s, Processed: 1 bots)
  ✗ ERROR: SQLSTATE[HY000] [1049] Unknown database 'lan_classico1'
[2026-06-21 10:27:26] [Daemon PID 27556] Starting bot processing for world 1
[2026-06-21 10:27:29] Starting bot processing for world 1
  - Bot 'bills' (ID: 16) processed in 9.21s
  ✓ Completed in 10.249s (Barbarians: 1.037s, Bots: 9.21s, Processed: 1 bots)
  ✗ ERROR: SQLSTATE[HY000] [1049] Unknown database 'lan_classico1'
  - Bot 'bills' (ID: 16) processed in 5.024s
  ✓ Completed in 7.109s (Barbarians: 1.136s, Bots: 5.025s, Processed: 1 bots)
[2026-06-21 10:28:37] [Daemon PID 27556] Starting bot processing for world 1
  - Bot 'bills' (ID: 16) processed in 7.479s
  ✓ Completed in 8.517s (Barbarians: 1.034s, Bots: 7.479s, Processed: 1 bots)
  ✗ ERROR: SQLSTATE[HY000] [1049] Unknown database 'lan_classico1'
[2026-06-21 10:29:45] [Daemon PID 27556] Starting bot processing for world 1
  - Bot 'bills' (ID: 16) processed in 8.134s
  ✓ Completed in 9.164s (Barbarians: 1.025s, Bots: 8.134s, Processed: 1 bots)
  ✗ ERROR: SQLSTATE[HY000] [1049] Unknown database 'lan_classico1'
[2026-06-21 10:30:54] [Daemon PID 27556] Starting bot processing for world 1
  - Bot 'bills' (ID: 16) processed in 8.066s
  ✓ Completed in 9.069s (Barbarians: 1s, Bots: 8.067s, Processed: 1 bots)
  ✗ ERROR: SQLSTATE[HY000] [1049] Unknown database 'lan_classico1'
[2026-06-21 10:32:03] [Daemon PID 27556] Starting bot processing for world 1
  - Bot 'bills' (ID: 16) processed in 8.164s
  ✓ Completed in 9.152s (Barbarians: 0.986s, Bots: 8.164s, Processed: 1 bots)
  ✗ ERROR: SQLSTATE[HY000] [1049] Unknown database 'lan_classico1'
[2026-06-21 10:33:12] [Daemon PID 27556] Starting bot processing for world 1
  - Bot 'bills' (ID: 16) processed in 8.022s
  ✓ Completed in 8.987s (Barbarians: 0.963s, Bots: 8.023s, Processed: 1 bots)
  ✗ ERROR: SQLSTATE[HY000] [1049] Unknown database 'lan_classico1'
[2026-06-21 10:34:22] [Daemon PID 27556] Starting bot processing for world 1
[2026-06-21 10:34:29] Starting bot processing for world 1
  - Bot 'bills' (ID: 16) processed in 8.945s
  ✓ Completed in 9.919s (Barbarians: 0.971s, Bots: 8.946s, Processed: 1 bots)
  ✗ ERROR: SQLSTATE[HY000] [1049] Unknown database 'lan_classico1'
  - Bot 'bills' (ID: 16) processed in 3.981s
  ✓ Completed in 6.253s (Barbarians: 1.155s, Bots: 3.982s, Processed: 1 bots)
[2026-06-21 10:35:31] [Daemon PID 27556] Starting bot processing for world 1
  - Bot 'bills' (ID: 16) processed in 8.296s
  ✓ Completed in 9.331s (Barbarians: 1.029s, Bots: 8.297s, Processed: 1 bots)
  ✗ ERROR: SQLSTATE[HY000] [1049] Unknown database 'lan_classico1'
[2026-06-21 10:36:41] [Daemon PID 27556] Starting bot processing for world 1
[2026-06-21 10:36:45] Starting bot processing for world 1
  - Bot 'bills' (ID: 16) processed in 10.827s
  ✓ Completed in 11.952s (Barbarians: 1.118s, Bots: 10.827s, Processed: 1 bots)
  ✗ ERROR: SQLSTATE[HY000] [1049] Unknown database 'lan_classico1'
  - Bot 'bills' (ID: 16) processed in 5.185s
  ✓ Completed in 8.057s (Barbarians: 1.506s, Bots: 5.186s, Processed: 1 bots)
[2026-06-21 10:37:53] [Daemon PID 27556] Starting bot processing for world 1
  - Bot 'bills' (ID: 16) processed in 9.549s
  ✓ Completed in 10.714s (Barbarians: 1.162s, Bots: 9.55s, Processed: 1 bots)
  ✗ ERROR: SQLSTATE[HY000] [1049] Unknown database 'lan_classico1'
[2026-06-21 10:39:03] [Daemon PID 27556] Starting bot processing for world 1
  - Bot 'bills' (ID: 16) processed in 7.919s
  ✓ Completed in 9.202s (Barbarians: 1.281s, Bots: 7.92s, Processed: 1 bots)
  ✗ ERROR: SQLSTATE[HY000] [1049] Unknown database 'lan_classico1'
[2026-06-21 10:40:13] [Daemon PID 27556] Starting bot processing for world 1
  - Bot 'bills' (ID: 16) processed in 7.76s
  ✓ Completed in 8.704s (Barbarians: 0.942s, Bots: 7.76s, Processed: 1 bots)
  ✗ ERROR: SQLSTATE[HY000] [1049] Unknown database 'lan_classico1'
[2026-06-21 10:41:21] [Daemon PID 27556] Starting bot processing for world 1
  - Bot 'bills' (ID: 16) processed in 7.96s
  ✓ Completed in 8.934s (Barbarians: 0.97s, Bots: 7.96s, Processed: 1 bots)
  ✗ ERROR: SQLSTATE[HY000] [1049] Unknown database 'lan_classico1'
[2026-06-21 10:42:30] [Daemon PID 27556] Starting bot processing for world 1
  - Bot 'bills' (ID: 16) processed in 9.758s
  ✓ Completed in 10.673s (Barbarians: 0.912s, Bots: 9.759s, Processed: 1 bots)
  ✗ ERROR: SQLSTATE[HY000] [1049] Unknown database 'lan_classico1'
[2026-06-21 10:43:41] [Daemon PID 27556] Starting bot processing for world 1
  - Bot 'bills' (ID: 16) processed in 7.46s
  ✓ Completed in 8.361s (Barbarians: 0.899s, Bots: 7.461s, Processed: 1 bots)
  ✗ ERROR: SQLSTATE[HY000] [1049] Unknown database 'lan_classico1'
[2026-06-21 10:44:49] [Daemon PID 27556] Starting bot processing for world 1
  - Bot 'bills' (ID: 16) processed in 9.046s
  ✓ Completed in 9.967s (Barbarians: 0.918s, Bots: 9.047s, Processed: 1 bots)
  ✗ ERROR: SQLSTATE[HY000] [1049] Unknown database 'lan_classico1'
[2026-06-21 10:45:59] [Daemon PID 27556] Starting bot processing for world 1
[2026-06-21 10:46:03] Starting bot processing for world 1
  - Bot 'bills' (ID: 16) processed in 7.084s
  - Bot 'bills' (ID: 16) processed in 11.422s
  ✓ Completed in 12.736s (Barbarians: 1.308s, Bots: 11.423s, Processed: 1 bots)
  ✓ Completed in 9.499s (Barbarians: 1.463s, Bots: 7.084s, Processed: 1 bots)
  ✗ ERROR: SQLSTATE[HY000] [1049] Unknown database 'lan_classico1'
[2026-06-21 10:47:12] [Daemon PID 27556] Starting bot processing for world 1
  - Bot 'bills' (ID: 16) processed in 6.53s
  ✓ Completed in 7.452s (Barbarians: 0.916s, Bots: 6.531s, Processed: 1 bots)
  ✗ ERROR: SQLSTATE[HY000] [1049] Unknown database 'lan_classico1'
[2026-06-21 10:48:20] [Daemon PID 27556] Starting bot processing for world 1
  - Bot 'bills' (ID: 16) processed in 7.721s
  ✓ Completed in 8.675s (Barbarians: 0.953s, Bots: 7.721s, Processed: 1 bots)
  ✗ ERROR: SQLSTATE[HY000] [1049] Unknown database 'lan_classico1'
[2026-06-21 10:49:28] [Daemon PID 27556] Starting bot processing for world 1
  - Bot 'bills' (ID: 16) processed in 7.99s
  ✓ Completed in 8.989s (Barbarians: 0.997s, Bots: 7.99s, Processed: 1 bots)
  ✗ ERROR: SQLSTATE[HY000] [1049] Unknown database 'lan_classico1'
[2026-06-21 10:50:37] [Daemon PID 27556] Starting bot processing for world 1
  - Bot 'bills' (ID: 16) processed in 7.765s
  ✓ Completed in 8.701s (Barbarians: 0.934s, Bots: 7.766s, Processed: 1 bots)
  ✗ ERROR: SQLSTATE[HY000] [1049] Unknown database 'lan_classico1'
[2026-06-21 10:51:46] [Daemon PID 27556] Starting bot processing for world 1
  - Bot 'bills' (ID: 16) processed in 8.024s
  ✓ Completed in 8.984s (Barbarians: 0.958s, Bots: 8.024s, Processed: 1 bots)
  ✗ ERROR: SQLSTATE[HY000] [1049] Unknown database 'lan_classico1'
[2026-06-21 10:52:55] [Daemon PID 27556] Starting bot processing for world 1
  - Bot 'bills' (ID: 16) processed in 8.762s
  ✓ Completed in 9.746s (Barbarians: 0.979s, Bots: 8.762s, Processed: 1 bots)
  ✗ ERROR: SQLSTATE[HY000] [1049] Unknown database 'lan_classico1'
[2026-06-21 10:54:05] [Daemon PID 27556] Starting bot processing for world 1
  - Bot 'bills' (ID: 16) processed in 13.138s
  ✓ Completed in 14.446s (Barbarians: 1.305s, Bots: 13.139s, Processed: 1 bots)
  ✗ ERROR: SQLSTATE[HY000] [1049] Unknown database 'lan_classico1'
[2026-06-21 10:55:19] [Daemon PID 27556] Starting bot processing for world 1
  - Bot 'bills' (ID: 16) processed in 8.286s
  ✓ Completed in 9.306s (Barbarians: 1.018s, Bots: 8.286s, Processed: 1 bots)
  ✗ ERROR: SQLSTATE[HY000] [1049] Unknown database 'lan_classico1'
[2026-06-21 10:56:29] [Daemon PID 27556] Starting bot processing for world 1
  - Bot 'bills' (ID: 16) processed in 8.275s
  ✓ Completed in 9.323s (Barbarians: 1.045s, Bots: 8.276s, Processed: 1 bots)
  ✗ ERROR: SQLSTATE[HY000] [1049] Unknown database 'lan_classico1'
[2026-06-21 10:57:38] [Daemon PID 27556] Starting bot processing for world 1
  - Bot 'bills' (ID: 16) processed in 9.01s
  ✓ Completed in 10.008s (Barbarians: 0.997s, Bots: 9.01s, Processed: 1 bots)
  ✗ ERROR: SQLSTATE[HY000] [1049] Unknown database 'lan_classico1'
[2026-06-21 10:58:48] [Daemon PID 27556] Starting bot processing for world 1
[2026-06-21 10:58:50] Starting bot processing for world 1
  - Bot 'bills' (ID: 16) processed in 9.328s
  - Bot 'bills' (ID: 16) processed in 6.324s
  ✓ Completed in 10.334s (Barbarians: 1.001s, Bots: 9.329s, Processed: 1 bots)
  ✓ Completed in 7.872s (Barbarians: 1.052s, Bots: 6.325s, Processed: 1 bots)
  ✗ ERROR: SQLSTATE[HY000] [1049] Unknown database 'lan_classico1'
[2026-06-21 10:59:58] [Daemon PID 27556] Starting bot processing for world 1
  - Bot 'bills' (ID: 16) processed in 7.241s
  ✓ Completed in 8.405s (Barbarians: 1.162s, Bots: 7.241s, Processed: 1 bots)
  ✗ ERROR: SQLSTATE[HY000] [1049] Unknown database 'lan_classico1'
[2026-06-21 11:01:07] [Daemon PID 27556] Starting bot processing for world 1
  - Bot 'bills' (ID: 16) processed in 7.928s
  ✓ Completed in 8.904s (Barbarians: 0.973s, Bots: 7.928s, Processed: 1 bots)
  ✗ ERROR: SQLSTATE[HY000] [1049] Unknown database 'lan_classico1'
[2026-06-21 11:02:16] [Daemon PID 27556] Starting bot processing for world 1
  - Bot 'bills' (ID: 16) processed in 8.087s
  ✓ Completed in 9.055s (Barbarians: 0.965s, Bots: 8.088s, Processed: 1 bots)
  ✗ ERROR: SQLSTATE[HY000] [1049] Unknown database 'lan_classico1'
[2026-06-21 11:03:25] [Daemon PID 27556] Starting bot processing for world 1
  - Bot 'bills' (ID: 16) processed in 8.495s
  ✓ Completed in 9.515s (Barbarians: 1.018s, Bots: 8.495s, Processed: 1 bots)
  ✗ ERROR: SQLSTATE[HY000] [1049] Unknown database 'lan_classico1'
[2026-06-21 11:04:34] [Daemon PID 27556] Starting bot processing for world 1
  - Bot 'bills' (ID: 16) processed in 8.116s
  ✓ Completed in 9.169s (Barbarians: 1.048s, Bots: 8.116s, Processed: 1 bots)
  ✗ ERROR: SQLSTATE[HY000] [1049] Unknown database 'lan_classico1'
[2026-06-21 11:05:44] [Daemon PID 27556] Starting bot processing for world 1
  - Bot 'bills' (ID: 16) processed in 8.349s
  ✓ Completed in 9.359s (Barbarians: 1.008s, Bots: 8.349s, Processed: 1 bots)
  ✗ ERROR: SQLSTATE[HY000] [1049] Unknown database 'lan_classico1'
[2026-06-21 11:06:53] [Daemon PID 27556] Starting bot processing for world 1
  - Bot 'bills' (ID: 16) processed in 8.499s
  ✓ Completed in 9.565s (Barbarians: 1.064s, Bots: 8.499s, Processed: 1 bots)
  ✗ ERROR: SQLSTATE[HY000] [1049] Unknown database 'lan_classico1'
[2026-06-21 11:08:02] [Daemon PID 27556] Starting bot processing for world 1
  - Bot 'bills' (ID: 16) processed in 9.406s
  ✓ Completed in 10.598s (Barbarians: 1.189s, Bots: 9.406s, Processed: 1 bots)
  ✗ ERROR: SQLSTATE[HY000] [1049] Unknown database 'lan_classico1'
[2026-06-21 11:09:13] [Daemon PID 27556] Starting bot processing for world 1
  - Bot 'bills' (ID: 16) processed in 13.393s
  ✓ Completed in 15.005s (Barbarians: 1.608s, Bots: 13.395s, Processed: 1 bots)
  ✗ ERROR: SQLSTATE[HY000] [1049] Unknown database 'lan_classico1'
[2026-06-21 11:10:28] [Daemon PID 27556] Starting bot processing for world 1
[2026-06-21 11:10:30] Starting bot processing for world 1
  - Bot 'bills' (ID: 16) processed in 7.236s
  ✓ Completed in 8.941s (Barbarians: 1.199s, Bots: 7.236s, Processed: 1 bots)
  - Bot 'bills' (ID: 16) processed in 10.16s
  ✓ Completed in 11.197s (Barbarians: 1.032s, Bots: 10.16s, Processed: 1 bots)
  ✗ ERROR: SQLSTATE[HY000] [1049] Unknown database 'lan_classico1'
[2026-06-21 11:11:39] [Daemon PID 27556] Starting bot processing for world 1
  - Bot 'bills' (ID: 16) processed in 6.965s
  ✓ Completed in 8.66s (Barbarians: 1.692s, Bots: 6.966s, Processed: 1 bots)
  ✗ ERROR: SQLSTATE[HY000] [1049] Unknown database 'lan_classico1'
[2026-06-21 11:12:48] [Daemon PID 27556] Starting bot processing for world 1
  - Bot 'bills' (ID: 16) processed in 7.907s
  ✓ Completed in 8.867s (Barbarians: 0.957s, Bots: 7.908s, Processed: 1 bots)
  ✗ ERROR: SQLSTATE[HY000] [1049] Unknown database 'lan_classico1'
[2026-06-21 11:13:57] [Daemon PID 27556] Starting bot processing for world 1
  - Bot 'bills' (ID: 16) processed in 8.233s
  ✓ Completed in 9.227s (Barbarians: 0.991s, Bots: 8.234s, Processed: 1 bots)
  ✗ ERROR: SQLSTATE[HY000] [1049] Unknown database 'lan_classico1'
[2026-06-21 11:15:06] [Daemon PID 27556] Starting bot processing for world 1
  - Bot 'bills' (ID: 16) processed in 7.401s
  ✓ Completed in 8.297s (Barbarians: 0.894s, Bots: 7.401s, Processed: 1 bots)
  ✗ ERROR: SQLSTATE[HY000] [1049] Unknown database 'lan_classico1'
[2026-06-21 11:16:15] [Daemon PID 27556] Starting bot processing for world 1
  - Bot 'bills' (ID: 16) processed in 7.491s
  ✓ Completed in 8.392s (Barbarians: 0.896s, Bots: 7.492s, Processed: 1 bots)
  ✗ ERROR: SQLSTATE[HY000] [1049] Unknown database 'lan_classico1'
[2026-06-21 11:17:23] [Daemon PID 27556] Starting bot processing for world 1
  - Bot 'bills' (ID: 16) processed in 7.421s
  ✓ Completed in 8.324s (Barbarians: 0.9s, Bots: 7.422s, Processed: 1 bots)
  ✗ ERROR: SQLSTATE[HY000] [1049] Unknown database 'lan_classico1'
[2026-06-21 11:18:31] [Daemon PID 27556] Starting bot processing for world 1
  - Bot 'bills' (ID: 16) processed in 7.344s
  ✓ Completed in 8.252s (Barbarians: 0.906s, Bots: 7.345s, Processed: 1 bots)
  ✗ ERROR: SQLSTATE[HY000] [1049] Unknown database 'lan_classico1'
[2026-06-21 11:19:40] [Daemon PID 27556] Starting bot processing for world 1
  - Bot 'bills' (ID: 16) processed in 7.326s
  ✓ Completed in 8.22s (Barbarians: 0.891s, Bots: 7.327s, Processed: 1 bots)
  ✗ ERROR: SQLSTATE[HY000] [1049] Unknown database 'lan_classico1'
[2026-06-21 11:20:48] [Daemon PID 27556] Starting bot processing for world 1
  - Bot 'bills' (ID: 16) processed in 7.342s
  ✓ Completed in 8.23s (Barbarians: 0.886s, Bots: 7.343s, Processed: 1 bots)
  ✗ ERROR: SQLSTATE[HY000] [1049] Unknown database 'lan_classico1'
[2026-06-21 11:21:56] [Daemon PID 27556] Starting bot processing for world 1
  - Bot 'bills' (ID: 16) processed in 7.386s
  ✓ Completed in 8.313s (Barbarians: 0.922s, Bots: 7.386s, Processed: 1 bots)
  ✗ ERROR: SQLSTATE[HY000] [1049] Unknown database 'lan_classico1'
[2026-06-21 11:23:04] [Daemon PID 27556] Starting bot processing for world 1
  - Bot 'bills' (ID: 16) processed in 7.384s
  ✓ Completed in 8.302s (Barbarians: 0.916s, Bots: 7.385s, Processed: 1 bots)
  ✗ ERROR: SQLSTATE[HY000] [1049] Unknown database 'lan_classico1'
[2026-06-21 11:24:13] [Daemon PID 27556] Starting bot processing for world 1
  - Bot 'bills' (ID: 16) processed in 7.406s
  ✓ Completed in 8.305s (Barbarians: 0.896s, Bots: 7.407s, Processed: 1 bots)
  ✗ ERROR: SQLSTATE[HY000] [1049] Unknown database 'lan_classico1'
[2026-06-21 11:25:21] [Daemon PID 27556] Starting bot processing for world 1
  - Bot 'bills' (ID: 16) processed in 7.403s
  ✓ Completed in 8.303s (Barbarians: 0.897s, Bots: 7.404s, Processed: 1 bots)
  ✗ ERROR: SQLSTATE[HY000] [1049] Unknown database 'lan_classico1'
[2026-06-21 11:26:29] [Daemon PID 27556] Starting bot processing for world 1
  - Bot 'bills' (ID: 16) processed in 7.345s
  ✓ Completed in 8.275s (Barbarians: 0.927s, Bots: 7.345s, Processed: 1 bots)
  ✗ ERROR: SQLSTATE[HY000] [1049] Unknown database 'lan_classico1'
[2026-06-21 11:27:38] [Daemon PID 27556] Starting bot processing for world 1
  - Bot 'bills' (ID: 16) processed in 7.357s
  ✓ Completed in 8.261s (Barbarians: 0.899s, Bots: 7.357s, Processed: 1 bots)
  ✗ ERROR: SQLSTATE[HY000] [1049] Unknown database 'lan_classico1'
[2026-06-21 11:28:46] [Daemon PID 27556] Starting bot processing for world 1
[2026-06-21 11:28:49] Starting bot processing for world 1
  - Bot 'bills' (ID: 16) processed in 8.22s
  - Bot 'bills' (ID: 16) processed in 4.401s
  ✓ Completed in 9.151s (Barbarians: 0.929s, Bots: 8.22s, Processed: 1 bots)
  ✓ Completed in 5.845s (Barbarians: 0.987s, Bots: 4.402s, Processed: 1 bots)
  ✗ ERROR: SQLSTATE[HY000] [1049] Unknown database 'lan_classico1'
[2026-06-21 11:29:55] [Daemon PID 27556] Starting bot processing for world 1
  - Bot 'bills' (ID: 16) processed in 6.605s
  ✓ Completed in 7.523s (Barbarians: 0.916s, Bots: 6.605s, Processed: 1 bots)
  ✗ ERROR: SQLSTATE[HY000] [1049] Unknown database 'lan_classico1'
[2026-06-21 11:31:03] [Daemon PID 27556] Starting bot processing for world 1
  - Bot 'bills' (ID: 16) processed in 7.519s
  ✓ Completed in 8.425s (Barbarians: 0.904s, Bots: 7.519s, Processed: 1 bots)
  ✗ ERROR: SQLSTATE[HY000] [1049] Unknown database 'lan_classico1'
[2026-06-21 11:32:11] [Daemon PID 27556] Starting bot processing for world 1
  - Bot 'bills' (ID: 16) processed in 7.43s
  ✓ Completed in 8.359s (Barbarians: 0.926s, Bots: 7.431s, Processed: 1 bots)
  ✗ ERROR: SQLSTATE[HY000] [1049] Unknown database 'lan_classico1'
[2026-06-21 11:33:20] [Daemon PID 27556] Starting bot processing for world 1
  - Bot 'bills' (ID: 16) processed in 7.352s
  ✓ Completed in 8.249s (Barbarians: 0.891s, Bots: 7.353s, Processed: 1 bots)
  ✗ ERROR: SQLSTATE[HY000] [1049] Unknown database 'lan_classico1'
[2026-06-21 11:34:28] [Daemon PID 27556] Starting bot processing for world 1
  - Bot 'bills' (ID: 16) processed in 7.355s
  ✓ Completed in 8.248s (Barbarians: 0.891s, Bots: 7.355s, Processed: 1 bots)
  ✗ ERROR: SQLSTATE[HY000] [1049] Unknown database 'lan_classico1'
[2026-06-21 11:35:36] [Daemon PID 27556] Starting bot processing for world 1
  - Bot 'bills' (ID: 16) processed in 7.36s
  ✓ Completed in 8.252s (Barbarians: 0.889s, Bots: 7.361s, Processed: 1 bots)
  ✗ ERROR: SQLSTATE[HY000] [1049] Unknown database 'lan_classico1'
[2026-06-21 11:36:44] [Daemon PID 27556] Starting bot processing for world 1
  - Bot 'bills' (ID: 16) processed in 7.319s
  ✓ Completed in 8.247s (Barbarians: 0.927s, Bots: 7.319s, Processed: 1 bots)
  ✗ ERROR: SQLSTATE[HY000] [1049] Unknown database 'lan_classico1'
[2026-06-21 11:37:53] [Daemon PID 27556] Starting bot processing for world 1
  - Bot 'bills' (ID: 16) processed in 7.393s
  ✓ Completed in 8.286s (Barbarians: 0.89s, Bots: 7.394s, Processed: 1 bots)
  ✗ ERROR: SQLSTATE[HY000] [1049] Unknown database 'lan_classico1'
[2026-06-21 11:39:01] [Daemon PID 27556] Starting bot processing for world 1
  - Bot 'bills' (ID: 16) processed in 7.458s
  ✓ Completed in 8.363s (Barbarians: 0.9s, Bots: 7.459s, Processed: 1 bots)
  ✗ ERROR: SQLSTATE[HY000] [1049] Unknown database 'lan_classico1'
[2026-06-21 11:40:49] Starting bot processing for world 1
  - Bot 'bills' (ID: 16) processed in 10.658s
  ✓ Completed in 11.995s (Barbarians: 0.891s, Bots: 10.659s, Processed: 1 bots)
[2026-06-21 11:42:49] Starting bot processing for world 1
  - Bot 'bills' (ID: 16) processed in 10.766s
  ✓ Completed in 12.184s (Barbarians: 0.885s, Bots: 10.767s, Processed: 1 bots)
[2026-06-21 11:44:49] Starting bot processing for world 1
  - Bot 'bills' (ID: 16) processed in 10.851s
  ✓ Completed in 12.184s (Barbarians: 0.913s, Bots: 10.852s, Processed: 1 bots)
[2026-06-21 11:46:49] Starting bot processing for world 1
  - Bot 'bills' (ID: 16) processed in 10.738s
  ✓ Completed in 12.189s (Barbarians: 0.912s, Bots: 10.739s, Processed: 1 bots)
[2026-06-21 11:48:49] Starting bot processing for world 1
  - Bot 'bills' (ID: 16) processed in 10.537s
  ✓ Completed in 12.005s (Barbarians: 0.913s, Bots: 10.538s, Processed: 1 bots)
[2026-06-21 11:50:49] Starting bot processing for world 1
  - Bot 'bills' (ID: 16) processed in 10.591s
  ✓ Completed in 12.079s (Barbarians: 0.918s, Bots: 10.591s, Processed: 1 bots)
[2026-06-21 11:52:49] Starting bot processing for world 1
  - Bot 'bills' (ID: 16) processed in 10.535s
  ✓ Completed in 11.835s (Barbarians: 0.886s, Bots: 10.535s, Processed: 1 bots)
[2026-06-21 11:54:49] Starting bot processing for world 1
  - Bot 'bills' (ID: 16) processed in 10.498s
  ✓ Completed in 11.807s (Barbarians: 0.867s, Bots: 10.498s, Processed: 1 bots)
[2026-06-21 11:57:49] Starting bot processing for world 1
  - Bot 'bills' (ID: 16) processed in 10.894s
  ✓ Completed in 12.252s (Barbarians: 0.899s, Bots: 10.895s, Processed: 1 bots)
[2026-06-21 12:00:49] Starting bot processing for world 1
  - Bot 'bills' (ID: 16) processed in 10.881s
  ✓ Completed in 12.242s (Barbarians: 0.915s, Bots: 10.882s, Processed: 1 bots)
[2026-06-21 12:03:49] Starting bot processing for world 1
  - Bot 'bills' (ID: 16) processed in 10.947s
  ✓ Completed in 12.307s (Barbarians: 0.898s, Bots: 10.948s, Processed: 1 bots)
[2026-06-21 12:06:49] Starting bot processing for world 1
  - Bot 'bills' (ID: 16) processed in 10.896s
  ✓ Completed in 12.343s (Barbarians: 0.908s, Bots: 10.897s, Processed: 1 bots)
[2026-06-21 12:09:49] Starting bot processing for world 1
  - Bot 'bills' (ID: 16) processed in 10.974s
  ✓ Completed in 12.298s (Barbarians: 0.906s, Bots: 10.975s, Processed: 1 bots)
[2026-06-21 12:11:49] Starting bot processing for world 1
  - Bot 'bills' (ID: 16) processed in 10.77s
  ✓ Completed in 12.22s (Barbarians: 0.895s, Bots: 10.771s, Processed: 1 bots)
[2026-06-21 12:14:49] Starting bot processing for world 1
  - Bot 'bills' (ID: 16) processed in 10.729s
  ✓ Completed in 12.184s (Barbarians: 0.892s, Bots: 10.729s, Processed: 1 bots)
[2026-06-21 12:17:49] Starting bot processing for world 1
  - Bot 'bills' (ID: 16) processed in 10.761s
  ✓ Completed in 12.319s (Barbarians: 0.882s, Bots: 10.761s, Processed: 1 bots)
[2026-06-21 12:20:49] Starting bot processing for world 1
  - Bot 'bills' (ID: 16) processed in 10.828s
  ✓ Completed in 12.519s (Barbarians: 0.932s, Bots: 10.829s, Processed: 1 bots)
[2026-06-21 12:22:49] Starting bot processing for world 1
  - Bot 'bills' (ID: 16) processed in 10.716s
  ✓ Completed in 12.019s (Barbarians: 0.879s, Bots: 10.717s, Processed: 1 bots)
[2026-06-21 12:24:49] Starting bot processing for world 1
  - Bot 'bills' (ID: 16) processed in 10.861s
  ✓ Completed in 12.225s (Barbarians: 0.911s, Bots: 10.862s, Processed: 1 bots)
[2026-06-21 12:26:49] Starting bot processing for world 1
  - Bot 'bills' (ID: 16) processed in 10.706s
  ✓ Completed in 12.114s (Barbarians: 0.929s, Bots: 10.707s, Processed: 1 bots)
[2026-06-21 12:29:49] Starting bot processing for world 1
  - Bot 'bills' (ID: 16) processed in 10.832s
  ✓ Completed in 12.175s (Barbarians: 0.896s, Bots: 10.832s, Processed: 1 bots)
[2026-06-21 12:31:49] Starting bot processing for world 1
  - Bot 'bills' (ID: 16) processed in 10.731s
  ✓ Completed in 12.118s (Barbarians: 0.928s, Bots: 10.731s, Processed: 1 bots)
[2026-06-21 12:34:49] Starting bot processing for world 1
  - Bot 'bills' (ID: 16) processed in 11.404s
  ✓ Completed in 12.749s (Barbarians: 0.902s, Bots: 11.404s, Processed: 1 bots)
[2026-06-21 12:36:49] Starting bot processing for world 1
  - Bot 'bills' (ID: 16) processed in 11.175s
  ✓ Completed in 12.528s (Barbarians: 0.918s, Bots: 11.175s, Processed: 1 bots)
[2026-06-21 12:38:49] Starting bot processing for world 1
  - Bot 'bills' (ID: 16) processed in 10.973s
  ✓ Completed in 12.573s (Barbarians: 0.94s, Bots: 10.973s, Processed: 1 bots)
[2026-06-21 12:40:49] Starting bot processing for world 1
  - Bot 'bills' (ID: 16) processed in 11.045s
  ✓ Completed in 12.415s (Barbarians: 0.91s, Bots: 11.046s, Processed: 1 bots)
[2026-06-21 12:42:49] Starting bot processing for world 1
  - Bot 'bills' (ID: 16) processed in 11.13s
  ✓ Completed in 12.51s (Barbarians: 0.919s, Bots: 11.131s, Processed: 1 bots)
[2026-06-21 12:44:49] Starting bot processing for world 1
  - Bot 'bills' (ID: 16) processed in 11.016s
  ✓ Completed in 12.407s (Barbarians: 0.925s, Bots: 11.017s, Processed: 1 bots)
[2026-06-21 12:47:49] Starting bot processing for world 1
  - Bot 'bills' (ID: 16) processed in 11.079s
  ✓ Completed in 12.446s (Barbarians: 0.902s, Bots: 11.08s, Processed: 1 bots)
[2026-06-21 12:49:49] Starting bot processing for world 1
  - Bot 'bills' (ID: 16) processed in 10.91s
  ✓ Completed in 12.271s (Barbarians: 0.924s, Bots: 10.91s, Processed: 1 bots)
[2026-06-21 12:52:49] Starting bot processing for world 1
  - Bot 'bills' (ID: 16) processed in 11.081s
  ✓ Completed in 12.496s (Barbarians: 0.908s, Bots: 11.082s, Processed: 1 bots)
[2026-06-21 12:55:49] Starting bot processing for world 1
  - Bot 'bills' (ID: 16) processed in 11.098s
  ✓ Completed in 12.471s (Barbarians: 0.917s, Bots: 11.098s, Processed: 1 bots)
[2026-06-21 12:57:49] Starting bot processing for world 1
  - Bot 'bills' (ID: 16) processed in 11.007s
  ✓ Completed in 12.426s (Barbarians: 0.912s, Bots: 11.007s, Processed: 1 bots)
[2026-06-21 12:59:49] Starting bot processing for world 1
  - Bot 'bills' (ID: 16) processed in 10.971s
  ✓ Completed in 12.422s (Barbarians: 0.922s, Bots: 10.971s, Processed: 1 bots)
[2026-06-21 13:01:49] Starting bot processing for world 1
  - Bot 'bills' (ID: 16) processed in 11.028s
  ✓ Completed in 12.567s (Barbarians: 0.924s, Bots: 11.028s, Processed: 1 bots)
[2026-06-21 13:04:49] Starting bot processing for world 1
  - Bot 'bills' (ID: 16) processed in 11.107s
  ✓ Completed in 12.461s (Barbarians: 0.906s, Bots: 11.107s, Processed: 1 bots)
[2026-06-21 13:07:49] Starting bot processing for world 1
  - Bot 'bills' (ID: 16) processed in 11.579s
  ✓ Completed in 12.964s (Barbarians: 0.951s, Bots: 11.579s, Processed: 1 bots)
[2026-06-21 13:09:49] Starting bot processing for world 1
  - Bot 'bills' (ID: 16) processed in 10.952s
  ✓ Completed in 12.316s (Barbarians: 0.91s, Bots: 10.953s, Processed: 1 bots)
[2026-06-21 13:12:49] Starting bot processing for world 1
  - Bot 'bills' (ID: 16) processed in 10.951s
  ✓ Completed in 12.311s (Barbarians: 0.881s, Bots: 10.951s, Processed: 1 bots)
[2026-06-21 13:15:49] Starting bot processing for world 1
  - Bot 'bills' (ID: 16) processed in 11.053s
  ✓ Completed in 12.418s (Barbarians: 0.902s, Bots: 11.053s, Processed: 1 bots)
[2026-06-21 13:18:49] Starting bot processing for world 1
  - Bot 'bills' (ID: 16) processed in 11.087s
  ✓ Completed in 12.433s (Barbarians: 0.91s, Bots: 11.088s, Processed: 1 bots)
[2026-06-21 13:20:49] Starting bot processing for world 1
  - Bot 'bills' (ID: 16) processed in 11.073s
  ✓ Completed in 12.489s (Barbarians: 0.918s, Bots: 11.074s, Processed: 1 bots)
[2026-06-21 13:22:49] Starting bot processing for world 1
  - Bot 'bills' (ID: 16) processed in 10.986s
  ✓ Completed in 12.53s (Barbarians: 0.925s, Bots: 10.987s, Processed: 1 bots)
[2026-06-21 13:24:49] Starting bot processing for world 1
  - Bot 'bills' (ID: 16) processed in 10.822s
  ✓ Completed in 12.139s (Barbarians: 0.885s, Bots: 10.823s, Processed: 1 bots)
[2026-06-21 13:26:49] Starting bot processing for world 1
  - Bot 'bills' (ID: 16) processed in 11.042s
  ✓ Completed in 12.38s (Barbarians: 0.906s, Bots: 11.043s, Processed: 1 bots)
[2026-06-21 13:29:49] Starting bot processing for world 1
  - Bot 'bills' (ID: 16) processed in 10.986s
  ✓ Completed in 12.344s (Barbarians: 0.899s, Bots: 10.986s, Processed: 1 bots)
[2026-06-21 13:31:49] Starting bot processing for world 1
  - Bot 'bills' (ID: 16) processed in 10.982s
  ✓ Completed in 12.326s (Barbarians: 0.909s, Bots: 10.982s, Processed: 1 bots)
[2026-06-21 13:33:49] Starting bot processing for world 1
  - Bot 'bills' (ID: 16) processed in 11.588s
  ✓ Completed in 13.02s (Barbarians: 0.929s, Bots: 11.588s, Processed: 1 bots)
[2026-06-21 13:36:49] Starting bot processing for world 1
  - Bot 'bills' (ID: 16) processed in 11.379s
  ✓ Completed in 12.796s (Barbarians: 0.968s, Bots: 11.38s, Processed: 1 bots)
[2026-06-21 13:38:49] Starting bot processing for world 1
  - Bot 'bills' (ID: 16) processed in 11.293s
  ✓ Completed in 12.69s (Barbarians: 0.955s, Bots: 11.294s, Processed: 1 bots)
[2026-06-21 13:40:49] Starting bot processing for world 1
  - Bot 'bills' (ID: 16) processed in 11.112s
  ✓ Completed in 12.747s (Barbarians: 0.96s, Bots: 11.113s, Processed: 1 bots)
[2026-06-21 13:43:49] Starting bot processing for world 1
  - Bot 'bills' (ID: 16) processed in 11.22s
  ✓ Completed in 12.688s (Barbarians: 0.925s, Bots: 11.221s, Processed: 1 bots)
[2026-06-21 13:45:49] Starting bot processing for world 1
  - Bot 'bills' (ID: 16) processed in 11.314s
  ✓ Completed in 12.719s (Barbarians: 0.956s, Bots: 11.315s, Processed: 1 bots)
[2026-06-21 13:48:49] Starting bot processing for world 1
  - Bot 'bills' (ID: 16) processed in 11.391s
  ✓ Completed in 12.822s (Barbarians: 0.977s, Bots: 11.391s, Processed: 1 bots)
[2026-06-21 13:50:49] Starting bot processing for world 1
  - Bot 'bills' (ID: 16) processed in 11.218s
  ✓ Completed in 12.632s (Barbarians: 0.932s, Bots: 11.219s, Processed: 1 bots)
[2026-06-21 13:53:49] Starting bot processing for world 1
  - Bot 'bills' (ID: 16) processed in 11.549s
  ✓ Completed in 12.905s (Barbarians: 0.898s, Bots: 11.55s, Processed: 1 bots)
[2026-06-21 13:55:49] Starting bot processing for world 1
  - Bot 'bills' (ID: 16) processed in 11.062s
  ✓ Completed in 12.485s (Barbarians: 0.95s, Bots: 11.063s, Processed: 1 bots)
[2026-06-21 13:58:49] Starting bot processing for world 1
  - Bot 'bills' (ID: 16) processed in 11.238s
  ✓ Completed in 12.61s (Barbarians: 0.932s, Bots: 11.238s, Processed: 1 bots)
[2026-06-21 14:00:49] Starting bot processing for world 1
  - Bot 'bills' (ID: 16) processed in 10.758s
  ✓ Completed in 12.077s (Barbarians: 0.892s, Bots: 10.759s, Processed: 1 bots)
[2026-06-21 14:03:49] Starting bot processing for world 1
  - Bot 'bills' (ID: 16) processed in 10.993s
  ✓ Completed in 12.488s (Barbarians: 0.912s, Bots: 10.994s, Processed: 1 bots)
[2026-06-21 14:06:49] Starting bot processing for world 1
  - Bot 'bills' (ID: 16) processed in 11.057s
  ✓ Completed in 12.387s (Barbarians: 0.899s, Bots: 11.058s, Processed: 1 bots)
[2026-06-21 14:09:49] Starting bot processing for world 1
  - Bot 'bills' (ID: 16) processed in 11.343s
  ✓ Completed in 12.707s (Barbarians: 0.92s, Bots: 11.343s, Processed: 1 bots)
[2026-06-21 14:11:49] Starting bot processing for world 1
  - Bot 'bills' (ID: 16) processed in 11.174s
  ✓ Completed in 12.589s (Barbarians: 0.916s, Bots: 11.174s, Processed: 1 bots)
[2026-06-21 14:14:49] Starting bot processing for world 1
  - Bot 'bills' (ID: 16) processed in 11.155s
  ✓ Completed in 12.508s (Barbarians: 0.905s, Bots: 11.156s, Processed: 1 bots)
[2026-06-21 14:17:49] Starting bot processing for world 1
  - Bot 'bills' (ID: 16) processed in 11.385s
  ✓ Completed in 12.856s (Barbarians: 0.948s, Bots: 11.386s, Processed: 1 bots)
[2026-06-21 14:20:49] Starting bot processing for world 1
  - Bot 'bills' (ID: 16) processed in 11.318s
  ✓ Completed in 12.734s (Barbarians: 0.948s, Bots: 11.318s, Processed: 1 bots)
[2026-06-21 14:23:49] Starting bot processing for world 1
  - Bot 'bills' (ID: 16) processed in 11.217s
  ✓ Completed in 12.573s (Barbarians: 0.919s, Bots: 11.218s, Processed: 1 bots)
[2026-06-21 14:25:49] Starting bot processing for world 1
  - Bot 'bills' (ID: 16) processed in 10.897s
  ✓ Completed in 12.324s (Barbarians: 0.913s, Bots: 10.898s, Processed: 1 bots)
[2026-06-21 14:27:49] Starting bot processing for world 1
  - Bot 'bills' (ID: 16) processed in 11.081s
  ✓ Completed in 12.455s (Barbarians: 0.906s, Bots: 11.082s, Processed: 1 bots)
[2026-06-21 14:30:49] Starting bot processing for world 1
  - Bot 'bills' (ID: 16) processed in 11.325s
  ✓ Completed in 13.05s (Barbarians: 0.953s, Bots: 11.325s, Processed: 1 bots)
[2026-06-21 14:33:49] Starting bot processing for world 1
  - Bot 'bills' (ID: 16) processed in 11.509s
  ✓ Completed in 12.918s (Barbarians: 0.934s, Bots: 11.509s, Processed: 1 bots)
[2026-06-21 14:36:49] Starting bot processing for world 1
  - Bot 'bills' (ID: 16) processed in 11.297s
  ✓ Completed in 12.694s (Barbarians: 0.962s, Bots: 11.297s, Processed: 1 bots)
[2026-06-21 14:39:49] Starting bot processing for world 1
  - Bot 'bills' (ID: 16) processed in 11.293s
  ✓ Completed in 12.709s (Barbarians: 0.931s, Bots: 11.293s, Processed: 1 bots)
[2026-06-21 14:41:49] Starting bot processing for world 1
  - Bot 'bills' (ID: 16) processed in 11.137s
  ✓ Completed in 12.538s (Barbarians: 0.944s, Bots: 11.137s, Processed: 1 bots)
[2026-06-21 14:43:49] Starting bot processing for world 1
  - Bot 'bills' (ID: 16) processed in 11.026s
  ✓ Completed in 12.415s (Barbarians: 0.922s, Bots: 11.026s, Processed: 1 bots)
[2026-06-21 14:45:49] Starting bot processing for world 1
  - Bot 'bills' (ID: 16) processed in 11.534s
  ✓ Completed in 12.989s (Barbarians: 0.933s, Bots: 11.535s, Processed: 1 bots)
[2026-06-21 14:47:07] [Daemon PID 26376] Starting bot processing for world 1
  - Bot 'bills' (ID: 16) processed in 13.66s
  ✓ Completed in 17.818s (Barbarians: 1.137s, Bots: 13.66s, Processed: 1 bots)
  ✗ ERROR: SQLSTATE[HY000] [1049] Unknown database 'lan_classico1'
[2026-06-21 14:48:25] [Daemon PID 26376] Starting bot processing for world 1
  - Bot 'bills' (ID: 16) processed in 8.556s
  ✓ Completed in 9.592s (Barbarians: 1.034s, Bots: 8.556s, Processed: 1 bots)
  ✗ ERROR: SQLSTATE[HY000] [1049] Unknown database 'lan_classico1'
[2026-06-21 14:49:35] [Daemon PID 26376] Starting bot processing for world 1
  - Bot 'bills' (ID: 16) processed in 8.373s
  ✓ Completed in 9.423s (Barbarians: 1.048s, Bots: 8.374s, Processed: 1 bots)
  ✗ ERROR: SQLSTATE[HY000] [1049] Unknown database 'lan_classico1'
[2026-06-21 14:50:44] [Daemon PID 26376] Starting bot processing for world 1
  - Bot 'bills' (ID: 16) processed in 8.556s
  ✓ Completed in 9.794s (Barbarians: 1.235s, Bots: 8.556s, Processed: 1 bots)
  ✗ ERROR: SQLSTATE[HY000] [1049] Unknown database 'lan_classico1'
[2026-06-21 14:51:54] [Daemon PID 26376] Starting bot processing for world 1
  - Bot 'bills' (ID: 16) processed in 8.353s
  ✓ Completed in 9.367s (Barbarians: 1.009s, Bots: 8.354s, Processed: 1 bots)
  ✗ ERROR: SQLSTATE[HY000] [1049] Unknown database 'lan_classico1'
[2026-06-21 14:53:03] [Daemon PID 26376] Starting bot processing for world 1
  - Bot 'bills' (ID: 16) processed in 8.614s
  ✓ Completed in 9.648s (Barbarians: 1.032s, Bots: 8.614s, Processed: 1 bots)
  ✗ ERROR: SQLSTATE[HY000] [1049] Unknown database 'lan_classico1'
[2026-06-21 14:54:13] [Daemon PID 26376] Starting bot processing for world 1
  - Bot 'bills' (ID: 16) processed in 8.771s
  ✓ Completed in 9.819s (Barbarians: 1.045s, Bots: 8.772s, Processed: 1 bots)
  ✗ ERROR: SQLSTATE[HY000] [1049] Unknown database 'lan_classico1'
[2026-06-21 14:55:23] [Daemon PID 26376] Starting bot processing for world 1
  - Bot 'bills' (ID: 16) processed in 8.295s
  ✓ Completed in 9.355s (Barbarians: 1.057s, Bots: 8.296s, Processed: 1 bots)
  ✗ ERROR: SQLSTATE[HY000] [1049] Unknown database 'lan_classico1'
[2026-06-21 14:56:32] [Daemon PID 26376] Starting bot processing for world 1
  - Bot 'bills' (ID: 16) processed in 9.011s
  ✓ Completed in 10.308s (Barbarians: 1.295s, Bots: 9.011s, Processed: 1 bots)
  ✗ ERROR: SQLSTATE[HY000] [1049] Unknown database 'lan_classico1'
[2026-06-21 14:57:42] [Daemon PID 26376] Starting bot processing for world 1
  - Bot 'bills' (ID: 16) processed in 8.472s
  ✓ Completed in 9.46s (Barbarians: 0.984s, Bots: 8.472s, Processed: 1 bots)
  ✗ ERROR: SQLSTATE[HY000] [1049] Unknown database 'lan_classico1'
[2026-06-21 14:58:52] [Daemon PID 26376] Starting bot processing for world 1
  - Bot 'bills' (ID: 16) processed in 8.253s
  ✓ Completed in 9.242s (Barbarians: 0.985s, Bots: 8.254s, Processed: 1 bots)
  ✗ ERROR: SQLSTATE[HY000] [1049] Unknown database 'lan_classico1'
[2026-06-21 15:00:01] [Daemon PID 26376] Starting bot processing for world 1
  - Bot 'bills' (ID: 16) processed in 8.271s
  ✓ Completed in 9.355s (Barbarians: 1.082s, Bots: 8.271s, Processed: 1 bots)
  ✗ ERROR: SQLSTATE[HY000] [1049] Unknown database 'lan_classico1'
[2026-06-21 15:01:11] [Daemon PID 26376] Starting bot processing for world 1
  - Bot 'bills' (ID: 16) processed in 7.803s
  ✓ Completed in 8.743s (Barbarians: 0.937s, Bots: 7.804s, Processed: 1 bots)
  ✗ ERROR: SQLSTATE[HY000] [1049] Unknown database 'lan_classico1'
[2026-06-21 15:02:19] [Daemon PID 26376] Starting bot processing for world 1
[2026-06-21 15:02:22] Starting bot processing for world 1
  - Bot 'bills' (ID: 16) processed in 5.356s
  ✓ Completed in 7.031s (Barbarians: 1.102s, Bots: 5.357s, Processed: 1 bots)
  - Bot 'bills' (ID: 16) processed in 9.002s
  ✓ Completed in 9.914s (Barbarians: 0.911s, Bots: 9.002s, Processed: 1 bots)
  ✗ ERROR: SQLSTATE[HY000] [1049] Unknown database 'lan_classico1'
[2026-06-21 15:03:29] [Daemon PID 26376] Starting bot processing for world 1
  - Bot 'bills' (ID: 16) processed in 7.225s
  ✓ Completed in 8.216s (Barbarians: 0.986s, Bots: 7.226s, Processed: 1 bots)
  ✗ ERROR: SQLSTATE[HY000] [1049] Unknown database 'lan_classico1'
[2026-06-21 15:04:38] [Daemon PID 26376] Starting bot processing for world 1
  - Bot 'bills' (ID: 16) processed in 9.088s
  ✓ Completed in 10.185s (Barbarians: 1.095s, Bots: 9.088s, Processed: 1 bots)
  ✗ ERROR: SQLSTATE[HY000] [1049] Unknown database 'lan_classico1'
[2026-06-21 15:05:48] [Daemon PID 26376] Starting bot processing for world 1
[2026-06-21 15:05:53] Starting bot processing for world 1
  - Bot 'bills' (ID: 16) processed in 8.968s
  ✓ Completed in 10.05s (Barbarians: 1.08s, Bots: 8.968s, Processed: 1 bots)
  ✗ ERROR: SQLSTATE[HY000] [1049] Unknown database 'lan_classico1'
  - Bot 'bills' (ID: 16) processed in 3.882s
  ✓ Completed in 5.615s (Barbarians: 1.2s, Bots: 3.882s, Processed: 1 bots)
[2026-06-21 15:06:58] [Daemon PID 26376] Starting bot processing for world 1
  - Bot 'bills' (ID: 16) processed in 7.75s
  ✓ Completed in 8.686s (Barbarians: 0.933s, Bots: 7.751s, Processed: 1 bots)
  ✗ ERROR: SQLSTATE[HY000] [1049] Unknown database 'lan_classico1'
[2026-06-21 15:08:07] [Daemon PID 26376] Starting bot processing for world 1
  - Bot 'bills' (ID: 16) processed in 7.521s
  ✓ Completed in 8.469s (Barbarians: 0.945s, Bots: 7.522s, Processed: 1 bots)
  ✗ ERROR: SQLSTATE[HY000] [1049] Unknown database 'lan_classico1'
[2026-06-21 15:09:15] [Daemon PID 26376] Starting bot processing for world 1
  - Bot 'bills' (ID: 16) processed in 7.832s
  ✓ Completed in 8.767s (Barbarians: 0.929s, Bots: 7.833s, Processed: 1 bots)
  ✗ ERROR: SQLSTATE[HY000] [1049] Unknown database 'lan_classico1'
[2026-06-21 15:10:24] [Daemon PID 26376] Starting bot processing for world 1
  - Bot 'bills' (ID: 16) processed in 7.419s
  ✓ Completed in 8.35s (Barbarians: 0.928s, Bots: 7.42s, Processed: 1 bots)
  ✗ ERROR: SQLSTATE[HY000] [1049] Unknown database 'lan_classico1'
[2026-06-21 15:11:32] [Daemon PID 26376] Starting bot processing for world 1
  - Bot 'bills' (ID: 16) processed in 8.574s
  ✓ Completed in 9.492s (Barbarians: 0.916s, Bots: 8.575s, Processed: 1 bots)
  ✗ ERROR: SQLSTATE[HY000] [1049] Unknown database 'lan_classico1'
[2026-06-21 15:12:42] [Daemon PID 26376] Starting bot processing for world 1
  - Bot 'bills' (ID: 16) processed in 8.537s
  ✓ Completed in 9.52s (Barbarians: 0.981s, Bots: 8.537s, Processed: 1 bots)
  ✗ ERROR: SQLSTATE[HY000] [1049] Unknown database 'lan_classico1'
[2026-06-21 15:13:51] [Daemon PID 26376] Starting bot processing for world 1
[2026-06-21 15:13:59] Starting bot processing for world 1
  - Bot 'bills' (ID: 16) processed in 7.817s
  ✓ Completed in 8.753s (Barbarians: 0.934s, Bots: 7.817s, Processed: 1 bots)
  ✗ ERROR: SQLSTATE[HY000] [1049] Unknown database 'lan_classico1'
  - Bot 'bills' (ID: 16) processed in 3.819s
  ✓ Completed in 5.41s (Barbarians: 0.966s, Bots: 3.819s, Processed: 1 bots)
[2026-06-21 15:15:00] [Daemon PID 26376] Starting bot processing for world 1
  - Bot 'bills' (ID: 16) processed in 7.153s
  ✓ Completed in 8.095s (Barbarians: 0.936s, Bots: 7.154s, Processed: 1 bots)
  ✗ ERROR: SQLSTATE[HY000] [1049] Unknown database 'lan_classico1'
[2026-06-21 15:16:08] [Daemon PID 26376] Starting bot processing for world 1
  - Bot 'bills' (ID: 16) processed in 7.722s
  ✓ Completed in 8.663s (Barbarians: 0.939s, Bots: 7.722s, Processed: 1 bots)
  ✗ ERROR: SQLSTATE[HY000] [1049] Unknown database 'lan_classico1'
[2026-06-21 15:17:17] [Daemon PID 26376] Starting bot processing for world 1
  - Bot 'bills' (ID: 16) processed in 7.358s
  ✓ Completed in 8.258s (Barbarians: 0.897s, Bots: 7.359s, Processed: 1 bots)
  ✗ ERROR: SQLSTATE[HY000] [1049] Unknown database 'lan_classico1'
[2026-06-21 15:18:25] [Daemon PID 26376] Starting bot processing for world 1
  - Bot 'bills' (ID: 16) processed in 7.372s
  ✓ Completed in 8.273s (Barbarians: 0.899s, Bots: 7.373s, Processed: 1 bots)
  ✗ ERROR: SQLSTATE[HY000] [1049] Unknown database 'lan_classico1'
[2026-06-21 15:19:33] [Daemon PID 26376] Starting bot processing for world 1
  - Bot 'bills' (ID: 16) processed in 7.408s
  ✓ Completed in 8.319s (Barbarians: 0.908s, Bots: 7.408s, Processed: 1 bots)
  ✗ ERROR: SQLSTATE[HY000] [1049] Unknown database 'lan_classico1'
[2026-06-21 15:20:42] [Daemon PID 26376] Starting bot processing for world 1
  - Bot 'bills' (ID: 16) processed in 7.779s
  ✓ Completed in 8.731s (Barbarians: 0.947s, Bots: 7.78s, Processed: 1 bots)
  ✗ ERROR: SQLSTATE[HY000] [1049] Unknown database 'lan_classico1'
[2026-06-21 15:21:50] [Daemon PID 26376] Starting bot processing for world 1
  - Bot 'bills' (ID: 16) processed in 7.794s
  ✓ Completed in 8.728s (Barbarians: 0.932s, Bots: 7.794s, Processed: 1 bots)
  ✗ ERROR: SQLSTATE[HY000] [1049] Unknown database 'lan_classico1'
[2026-06-21 15:22:59] [Daemon PID 26376] Starting bot processing for world 1
[2026-06-21 15:23:18] Starting bot processing for world 1
  - Bot 'bills' (ID: 16) processed in 18.353s
  - Bot 'bills' (ID: 16) processed in 30.645s
  ✓ Completed in 41.635s (Barbarians: 10.956s, Bots: 30.651s, Processed: 1 bots)
  ✓ Completed in 22.734s (Barbarians: 2.442s, Bots: 18.356s, Processed: 1 bots)
  ✗ ERROR: SQLSTATE[HY000] [1049] Unknown database 'lan_classico1'
[2026-06-21 15:24:41] [Daemon PID 26376] Starting bot processing for world 1
  - Bot 'bills' (ID: 16) processed in 6.108s
  ✓ Completed in 7.29s (Barbarians: 1.165s, Bots: 6.109s, Processed: 1 bots)
  ✗ ERROR: SQLSTATE[HY000] [1049] Unknown database 'lan_classico1'
[2026-06-21 15:25:48] [Daemon PID 26376] Starting bot processing for world 1
  - Bot 'bills' (ID: 16) processed in 6.893s
  ✓ Completed in 8.095s (Barbarians: 0.936s, Bots: 6.974s, Processed: 1 bots)
  ✗ ERROR: SQLSTATE[HY000] [1049] Unknown database 'lan_classico1'
[2026-06-21 15:26:56] [Daemon PID 26376] Starting bot processing for world 1
  - Bot 'bills' (ID: 16) processed in 9.099s
  ✓ Completed in 10.143s (Barbarians: 1.039s, Bots: 9.1s, Processed: 1 bots)
  ✗ ERROR: SQLSTATE[HY000] [1049] Unknown database 'lan_classico1'
[2026-06-21 15:28:07] [Daemon PID 26376] Starting bot processing for world 1
  - Bot 'bills' (ID: 16) processed in 8.189s
  ✓ Completed in 9.455s (Barbarians: 1.256s, Bots: 8.189s, Processed: 1 bots)
  ✗ ERROR: SQLSTATE[HY000] [1049] Unknown database 'lan_classico1'
[2026-06-21 15:29:16] [Daemon PID 26376] Starting bot processing for world 1
  - Bot 'bills' (ID: 16) processed in 7.894s
  ✓ Completed in 8.876s (Barbarians: 0.98s, Bots: 7.895s, Processed: 1 bots)
  ✗ ERROR: SQLSTATE[HY000] [1049] Unknown database 'lan_classico1'
[2026-06-21 15:30:25] [Daemon PID 26376] Starting bot processing for world 1
  - Bot 'bills' (ID: 16) processed in 8.187s
  ✓ Completed in 9.451s (Barbarians: 1.26s, Bots: 8.187s, Processed: 1 bots)
  ✗ ERROR: SQLSTATE[HY000] [1049] Unknown database 'lan_classico1'
[2026-06-21 15:31:34] [Daemon PID 26376] Starting bot processing for world 1
  - Bot 'bills' (ID: 16) processed in 8.859s
  ✓ Completed in 10.188s (Barbarians: 1.324s, Bots: 8.859s, Processed: 1 bots)
  ✗ ERROR: SQLSTATE[HY000] [1049] Unknown database 'lan_classico1'
[2026-06-21 15:32:45] [Daemon PID 26376] Starting bot processing for world 1
  - Bot 'bills' (ID: 16) processed in 8.599s
  ✓ Completed in 9.563s (Barbarians: 0.959s, Bots: 8.6s, Processed: 1 bots)
  ✗ ERROR: SQLSTATE[HY000] [1049] Unknown database 'lan_classico1'
[2026-06-21 15:33:54] [Daemon PID 26376] Starting bot processing for world 1
  - Bot 'bills' (ID: 16) processed in 7.921s
  ✓ Completed in 8.856s (Barbarians: 0.933s, Bots: 7.921s, Processed: 1 bots)
  ✗ ERROR: SQLSTATE[HY000] [1049] Unknown database 'lan_classico1'
[2026-06-21 15:35:03] [Daemon PID 26376] Starting bot processing for world 1
  - Bot 'bills' (ID: 16) processed in 7.597s
  ✓ Completed in 8.509s (Barbarians: 0.909s, Bots: 7.598s, Processed: 1 bots)
  ✗ ERROR: SQLSTATE[HY000] [1049] Unknown database 'lan_classico1'
[2026-06-21 15:36:12] [Daemon PID 26376] Starting bot processing for world 1
  - Bot 'bills' (ID: 16) processed in 7.538s
  ✓ Completed in 8.488s (Barbarians: 0.948s, Bots: 7.538s, Processed: 1 bots)
  ✗ ERROR: SQLSTATE[HY000] [1049] Unknown database 'lan_classico1'
[2026-06-21 15:37:20] [Daemon PID 26376] Starting bot processing for world 1
  - Bot 'bills' (ID: 16) processed in 7.482s
  ✓ Completed in 8.407s (Barbarians: 0.923s, Bots: 7.483s, Processed: 1 bots)
  ✗ ERROR: SQLSTATE[HY000] [1049] Unknown database 'lan_classico1'
[2026-06-21 15:38:29] [Daemon PID 26376] Starting bot processing for world 1
  - Bot 'bills' (ID: 16) processed in 7.527s
  ✓ Completed in 8.438s (Barbarians: 0.907s, Bots: 7.527s, Processed: 1 bots)
  ✗ ERROR: SQLSTATE[HY000] [1049] Unknown database 'lan_classico1'
[2026-06-21 15:39:37] [Daemon PID 26376] Starting bot processing for world 1
  - Bot 'bills' (ID: 16) processed in 7.814s
  ✓ Completed in 8.74s (Barbarians: 0.924s, Bots: 7.814s, Processed: 1 bots)
  ✗ ERROR: SQLSTATE[HY000] [1049] Unknown database 'lan_classico1'
[2026-06-21 15:40:46] [Daemon PID 26376] Starting bot processing for world 1
[2026-06-21 15:40:49] Starting bot processing for world 1
  - Bot 'bills' (ID: 16) processed in 9.054s
  ✓ Completed in 10.023s (Barbarians: 0.965s, Bots: 9.055s, Processed: 1 bots)
  ✗ ERROR: SQLSTATE[HY000] [1049] Unknown database 'lan_classico1'
  - Bot 'bills' (ID: 16) processed in 4.334s
  ✓ Completed in 6.482s (Barbarians: 1.164s, Bots: 4.334s, Processed: 1 bots)
[2026-06-21 15:41:56] [Daemon PID 26376] Starting bot processing for world 1
  - Bot 'bills' (ID: 16) processed in 7.443s
  ✓ Completed in 8.387s (Barbarians: 0.942s, Bots: 7.443s, Processed: 1 bots)
  ✗ ERROR: SQLSTATE[HY000] [1049] Unknown database 'lan_classico1'
[2026-06-21 15:43:04] [Daemon PID 26376] Starting bot processing for world 1
  - Bot 'bills' (ID: 16) processed in 8.704s
  ✓ Completed in 9.702s (Barbarians: 0.993s, Bots: 8.705s, Processed: 1 bots)
  ✗ ERROR: SQLSTATE[HY000] [1049] Unknown database 'lan_classico1'
[2026-06-21 15:44:14] [Daemon PID 26376] Starting bot processing for world 1
  - Bot 'bills' (ID: 16) processed in 7.668s
  ✓ Completed in 8.624s (Barbarians: 0.952s, Bots: 7.668s, Processed: 1 bots)
  ✗ ERROR: SQLSTATE[HY000] [1049] Unknown database 'lan_classico1'
[2026-06-21 15:45:23] [Daemon PID 26376] Starting bot processing for world 1
  - Bot 'bills' (ID: 16) processed in 7.674s
  ✓ Completed in 8.589s (Barbarians: 0.913s, Bots: 7.674s, Processed: 1 bots)
  ✗ ERROR: SQLSTATE[HY000] [1049] Unknown database 'lan_classico1'
[2026-06-21 15:46:31] [Daemon PID 26376] Starting bot processing for world 1
  - Bot 'bills' (ID: 16) processed in 8.474s
  ✓ Completed in 9.611s (Barbarians: 1.135s, Bots: 8.475s, Processed: 1 bots)
  ✗ ERROR: SQLSTATE[HY000] [1049] Unknown database 'lan_classico1'
[2026-06-21 15:47:41] [Daemon PID 26376] Starting bot processing for world 1
[2026-06-21 15:47:49] Starting bot processing for world 1
  - Bot 'bills' (ID: 16) processed in 7.703s
  ✓ Completed in 8.646s (Barbarians: 0.94s, Bots: 7.704s, Processed: 1 bots)
  ✗ ERROR: SQLSTATE[HY000] [1049] Unknown database 'lan_classico1'
  - Bot 'bills' (ID: 16) processed in 3.555s
  ✓ Completed in 5.029s (Barbarians: 0.893s, Bots: 3.555s, Processed: 1 bots)
[2026-06-21 15:48:49] [Daemon PID 26376] Starting bot processing for world 1
  - Bot 'bills' (ID: 16) processed in 6.992s
  ✓ Completed in 7.921s (Barbarians: 0.927s, Bots: 6.993s, Processed: 1 bots)
  ✗ ERROR: SQLSTATE[HY000] [1049] Unknown database 'lan_classico1'
[2026-06-21 15:49:57] [Daemon PID 26376] Starting bot processing for world 1
  - Bot 'bills' (ID: 16) processed in 7.583s
  ✓ Completed in 8.527s (Barbarians: 0.938s, Bots: 7.583s, Processed: 1 bots)
  ✗ ERROR: SQLSTATE[HY000] [1049] Unknown database 'lan_classico1'
[2026-06-21 15:51:06] [Daemon PID 26376] Starting bot processing for world 1
  - Bot 'bills' (ID: 16) processed in 7.933s
  ✓ Completed in 8.847s (Barbarians: 0.912s, Bots: 7.934s, Processed: 1 bots)
  ✗ ERROR: SQLSTATE[HY000] [1049] Unknown database 'lan_classico1'
[2026-06-21 15:52:15] [Daemon PID 26376] Starting bot processing for world 1
  - Bot 'bills' (ID: 16) processed in 7.614s
  ✓ Completed in 8.546s (Barbarians: 0.93s, Bots: 7.614s, Processed: 1 bots)
  ✗ ERROR: SQLSTATE[HY000] [1049] Unknown database 'lan_classico1'
[2026-06-21 15:53:23] [Daemon PID 26376] Starting bot processing for world 1
  - Bot 'bills' (ID: 16) processed in 7.828s
  ✓ Completed in 8.783s (Barbarians: 0.953s, Bots: 7.829s, Processed: 1 bots)
  ✗ ERROR: SQLSTATE[HY000] [1049] Unknown database 'lan_classico1'
[2026-06-21 15:54:32] [Daemon PID 26376] Starting bot processing for world 1
  - Bot 'bills' (ID: 16) processed in 7.559s
  ✓ Completed in 8.503s (Barbarians: 0.942s, Bots: 7.559s, Processed: 1 bots)
  ✗ ERROR: SQLSTATE[HY000] [1049] Unknown database 'lan_classico1'
[2026-06-21 15:55:41] [Daemon PID 26376] Starting bot processing for world 1
  ✗ ERROR: SQLSTATE[HY000]: General error: 2006 MySQL server has gone away
  ✗ ERROR: SQLSTATE[HY000] [2002] Nenhuma ligação pôde ser feita porque o computador de destino
as recusou ativamente
[2026-06-21 15:56:45] [Daemon PID 26376] Starting bot processing for world 1
  ✗ ERROR: SQLSTATE[HY000]: General error: 2006 MySQL server has gone away
  ✗ ERROR: SQLSTATE[HY000] [2002] Nenhuma ligação pôde ser feita porque o computador de destino
as recusou ativamente
[2026-06-21 15:57:49] [Daemon PID 26376] Starting bot processing for world 1
  ✗ ERROR: SQLSTATE[HY000]: General error: 2006 MySQL server has gone away
  ✗ ERROR: SQLSTATE[HY000] [2002] Nenhuma ligação pôde ser feita porque o computador de destino
as recusou ativamente
[2026-06-21 15:58:53] [Daemon PID 26376] Starting bot processing for world 1
  ✗ ERROR: SQLSTATE[HY000]: General error: 2006 MySQL server has gone away
  ✗ ERROR: SQLSTATE[HY000] [2002] Nenhuma ligação pôde ser feita porque o computador de destino
as recusou ativamente
[2026-06-21 15:59:57] [Daemon PID 26376] Starting bot processing for world 1
  ✗ ERROR: SQLSTATE[HY000]: General error: 2006 MySQL server has gone away
  ✗ ERROR: SQLSTATE[HY000] [1049] Unknown database 'lan_classico1'
[2026-06-21 16:00:57] [Daemon PID 26376] Starting bot processing for world 1
  ✗ ERROR: SQLSTATE[HY000]: General error: 2006 MySQL server has gone away
  ✗ ERROR: SQLSTATE[HY000] [1049] Unknown database 'lan_classico1'
[2026-06-21 16:01:57] [Daemon PID 26376] Starting bot processing for world 1
  ✗ ERROR: SQLSTATE[HY000]: General error: 2006 MySQL server has gone away
  ✗ ERROR: SQLSTATE[HY000] [1049] Unknown database 'lan_classico1'
[2026-06-21 16:02:57] [Daemon PID 26376] Starting bot processing for world 1
  ✗ ERROR: SQLSTATE[HY000]: General error: 2006 MySQL server has gone away
  ✗ ERROR: SQLSTATE[HY000] [1049] Unknown database 'lan_classico1'
[2026-06-21 16:03:57] [Daemon PID 26376] Starting bot processing for world 1
  ✗ ERROR: SQLSTATE[HY000]: General error: 2006 MySQL server has gone away
  ✗ ERROR: SQLSTATE[HY000] [1049] Unknown database 'lan_classico1'
[2026-06-21 16:04:57] [Daemon PID 26376] Starting bot processing for world 1
  ✗ ERROR: SQLSTATE[HY000]: General error: 2006 MySQL server has gone away
  ✗ ERROR: SQLSTATE[HY000] [1049] Unknown database 'lan_classico1'
[2026-06-21 16:05:57] [Daemon PID 26376] Starting bot processing for world 1
  ✗ ERROR: SQLSTATE[HY000]: General error: 2006 MySQL server has gone away
  ✗ ERROR: SQLSTATE[HY000] [1049] Unknown database 'lan_classico1'
[2026-06-21 16:06:57] [Daemon PID 26376] Starting bot processing for world 1
  ✗ ERROR: SQLSTATE[HY000]: General error: 2006 MySQL server has gone away
  ✗ ERROR: SQLSTATE[HY000] [1049] Unknown database 'lan_classico1'
[2026-06-21 16:07:57] [Daemon PID 26376] Starting bot processing for world 1
  ✗ ERROR: SQLSTATE[HY000]: General error: 2006 MySQL server has gone away
  ✗ ERROR: SQLSTATE[HY000] [1049] Unknown database 'lan_classico1'
[2026-06-21 16:08:57] [Daemon PID 26376] Starting bot processing for world 1
  ✗ ERROR: SQLSTATE[HY000]: General error: 2006 MySQL server has gone away
  ✗ ERROR: SQLSTATE[HY000] [1049] Unknown database 'lan_classico1'
[2026-06-21 16:09:57] [Daemon PID 26376] Starting bot processing for world 1
  ✗ ERROR: SQLSTATE[HY000]: General error: 2006 MySQL server has gone away
  ✗ ERROR: SQLSTATE[HY000] [1049] Unknown database 'lan_classico1'
[2026-06-21 16:10:57] [Daemon PID 26376] Starting bot processing for world 1
  ✗ ERROR: SQLSTATE[HY000]: General error: 2006 MySQL server has gone away
  ✗ ERROR: SQLSTATE[HY000] [1049] Unknown database 'lan_classico1'
[2026-06-21 16:11:57] [Daemon PID 26376] Starting bot processing for world 1
  ✗ ERROR: SQLSTATE[HY000]: General error: 2006 MySQL server has gone away
  ✗ ERROR: SQLSTATE[HY000] [1049] Unknown database 'lan_classico1'
[2026-06-21 16:12:57] [Daemon PID 26376] Starting bot processing for world 1
  ✗ ERROR: SQLSTATE[HY000]: General error: 2006 MySQL server has gone away
  ✗ ERROR: SQLSTATE[HY000] [1049] Unknown database 'lan_classico1'
[2026-06-21 16:13:57] [Daemon PID 26376] Starting bot processing for world 1
  ✗ ERROR: SQLSTATE[HY000]: General error: 2006 MySQL server has gone away
  ✗ ERROR: SQLSTATE[HY000] [1049] Unknown database 'lan_classico1'
[2026-06-21 16:14:57] [Daemon PID 26376] Starting bot processing for world 1
  ✗ ERROR: SQLSTATE[HY000]: General error: 2006 MySQL server has gone away
  ✗ ERROR: SQLSTATE[HY000] [1049] Unknown database 'lan_classico1'
[2026-06-21 16:15:57] [Daemon PID 26376] Starting bot processing for world 1
  ✗ ERROR: SQLSTATE[HY000]: General error: 2006 MySQL server has gone away
  ✗ ERROR: SQLSTATE[HY000] [1049] Unknown database 'lan_classico1'
[2026-06-21 16:16:57] [Daemon PID 26376] Starting bot processing for world 1
  ✗ ERROR: SQLSTATE[HY000]: General error: 2006 MySQL server has gone away
  ✗ ERROR: SQLSTATE[HY000] [1049] Unknown database 'lan_classico1'
[2026-06-21 16:17:57] [Daemon PID 26376] Starting bot processing for world 1
  ✗ ERROR: SQLSTATE[HY000]: General error: 2006 MySQL server has gone away
  ✗ ERROR: SQLSTATE[HY000] [1049] Unknown database 'lan_classico1'
[2026-06-21 16:18:57] [Daemon PID 26376] Starting bot processing for world 1
  ✗ ERROR: SQLSTATE[HY000]: General error: 2006 MySQL server has gone away
  ✗ ERROR: SQLSTATE[HY000] [1049] Unknown database 'lan_classico1'
[2026-06-21 16:19:57] [Daemon PID 26376] Starting bot processing for world 1
  ✗ ERROR: SQLSTATE[HY000]: General error: 2006 MySQL server has gone away
  ✗ ERROR: SQLSTATE[HY000] [1049] Unknown database 'lan_classico1'
[2026-06-21 16:20:57] [Daemon PID 26376] Starting bot processing for world 1
  ✗ ERROR: SQLSTATE[HY000]: General error: 2006 MySQL server has gone away
  ✗ ERROR: SQLSTATE[HY000] [1049] Unknown database 'lan_classico1'
[2026-06-21 16:21:57] [Daemon PID 26376] Starting bot processing for world 1
  ✗ ERROR: SQLSTATE[HY000]: General error: 2006 MySQL server has gone away
  ✗ ERROR: SQLSTATE[HY000] [1049] Unknown database 'lan_classico1'
[2026-06-21 16:22:57] [Daemon PID 26376] Starting bot processing for world 1
  ✗ ERROR: SQLSTATE[HY000]: General error: 2006 MySQL server has gone away
  ✗ ERROR: SQLSTATE[HY000] [1049] Unknown database 'lan_classico1'
[2026-06-21 16:23:58] [Daemon PID 26376] Starting bot processing for world 1
  ✗ ERROR: SQLSTATE[HY000]: General error: 2006 MySQL server has gone away
  ✗ ERROR: SQLSTATE[HY000] [1049] Unknown database 'lan_classico1'
[2026-06-21 16:24:58] [Daemon PID 26376] Starting bot processing for world 1
  ✗ ERROR: SQLSTATE[HY000]: General error: 2006 MySQL server has gone away
  ✗ ERROR: SQLSTATE[HY000] [1049] Unknown database 'lan_classico1'
[2026-06-21 16:25:58] [Daemon PID 26376] Starting bot processing for world 1
  ✗ ERROR: SQLSTATE[HY000]: General error: 2006 MySQL server has gone away
  ✗ ERROR: SQLSTATE[HY000] [1049] Unknown database 'lan_classico1'
[2026-06-21 16:26:58] [Daemon PID 26376] Starting bot processing for world 1
  ✗ ERROR: SQLSTATE[HY000]: General error: 2006 MySQL server has gone away
  ✗ ERROR: SQLSTATE[HY000] [1049] Unknown database 'lan_classico1'
[2026-06-21 16:27:58] [Daemon PID 26376] Starting bot processing for world 1
  ✗ ERROR: SQLSTATE[HY000]: General error: 2006 MySQL server has gone away
  ✗ ERROR: SQLSTATE[HY000] [1049] Unknown database 'lan_classico1'
[2026-06-21 16:28:58] [Daemon PID 26376] Starting bot processing for world 1
  ✗ ERROR: SQLSTATE[HY000]: General error: 2006 MySQL server has gone away
  ✗ ERROR: SQLSTATE[HY000] [1049] Unknown database 'lan_classico1'
[2026-06-21 16:29:58] [Daemon PID 26376] Starting bot processing for world 1
  ✗ ERROR: SQLSTATE[HY000]: General error: 2006 MySQL server has gone away
  ✗ ERROR: SQLSTATE[HY000] [1049] Unknown database 'lan_classico1'
[2026-06-21 16:30:58] [Daemon PID 26376] Starting bot processing for world 1
  ✗ ERROR: SQLSTATE[HY000]: General error: 2006 MySQL server has gone away
  ✗ ERROR: SQLSTATE[HY000] [1049] Unknown database 'lan_classico1'
[2026-06-21 16:31:58] [Daemon PID 26376] Starting bot processing for world 1
  ✗ ERROR: SQLSTATE[HY000]: General error: 2006 MySQL server has gone away
  ✗ ERROR: SQLSTATE[HY000] [1049] Unknown database 'lan_classico1'
[2026-06-21 16:32:58] [Daemon PID 26376] Starting bot processing for world 1
  ✗ ERROR: SQLSTATE[HY000]: General error: 2006 MySQL server has gone away
  ✗ ERROR: SQLSTATE[HY000] [1049] Unknown database 'lan_classico1'
[2026-06-21 16:33:58] [Daemon PID 26376] Starting bot processing for world 1
  ✗ ERROR: SQLSTATE[HY000]: General error: 2006 MySQL server has gone away
  ✗ ERROR: SQLSTATE[HY000] [1049] Unknown database 'lan_classico1'
[2026-06-21 16:34:58] [Daemon PID 26376] Starting bot processing for world 1
  ✗ ERROR: SQLSTATE[HY000]: General error: 2006 MySQL server has gone away
  ✗ ERROR: SQLSTATE[HY000] [1049] Unknown database 'lan_classico1'
[2026-06-21 16:35:58] [Daemon PID 26376] Starting bot processing for world 1
  ✗ ERROR: SQLSTATE[HY000]: General error: 2006 MySQL server has gone away
  ✗ ERROR: SQLSTATE[HY000] [1049] Unknown database 'lan_classico1'
[2026-06-21 20:07:41] [Daemon PID 36760] Starting bot processing for world 1
  - Bot 'bills' (ID: 16) processed in 12.721s
  ✓ Completed in 17.262s (Barbarians: 0.993s, Bots: 12.722s, Processed: 1 bots)
  ✗ ERROR: SQLSTATE[HY000] [1049] Unknown database 'lan_classico1'
[2026-06-21 20:08:59] [Daemon PID 36760] Starting bot processing for world 1
  - Bot 'bills' (ID: 16) processed in 9.403s
  ✓ Completed in 10.487s (Barbarians: 1.057s, Bots: 9.403s, Processed: 1 bots)
  ✗ ERROR: SQLSTATE[HY000] [1049] Unknown database 'lan_classico1'
[2026-06-21 20:10:09] [Daemon PID 36760] Starting bot processing for world 1
  - Bot 'bills' (ID: 16) processed in 7.971s
  ✓ Completed in 8.876s (Barbarians: 0.903s, Bots: 7.971s, Processed: 1 bots)
  ✗ ERROR: SQLSTATE[HY000] [1049] Unknown database 'lan_classico1'
[2026-06-21 20:11:18] [Daemon PID 36760] Starting bot processing for world 1
  - Bot 'bills' (ID: 16) processed in 7.874s
  ✓ Completed in 8.789s (Barbarians: 0.913s, Bots: 7.875s, Processed: 1 bots)
  ✗ ERROR: SQLSTATE[HY000] [1049] Unknown database 'lan_classico1'
[2026-06-21 20:12:27] [Daemon PID 36760] Starting bot processing for world 1
  - Bot 'bills' (ID: 16) processed in 7.978s
  ✓ Completed in 8.91s (Barbarians: 0.927s, Bots: 7.978s, Processed: 1 bots)
  ✗ ERROR: SQLSTATE[HY000] [1049] Unknown database 'lan_classico1'
[2026-06-21 20:13:36] [Daemon PID 36760] Starting bot processing for world 1
[2026-06-21 20:13:45] Starting bot processing for world 1
  - Bot 'bills' (ID: 16) processed in 8.476s
  ✓ Completed in 9.516s (Barbarians: 1.038s, Bots: 8.477s, Processed: 1 bots)
  ✗ ERROR: SQLSTATE[HY000] [1049] Unknown database 'lan_classico1'
  - Bot 'bills' (ID: 16) processed in 3.76s
  ✓ Completed in 5.373s (Barbarians: 1.023s, Bots: 3.76s, Processed: 1 bots)
[2026-06-21 20:14:45] [Daemon PID 36760] Starting bot processing for world 1
  - Bot 'bills' (ID: 16) processed in 8.15s
  ✓ Completed in 9.158s (Barbarians: 1.005s, Bots: 8.15s, Processed: 1 bots)
  ✗ ERROR: SQLSTATE[HY000] [1049] Unknown database 'lan_classico1'
[2026-06-21 20:15:55] [Daemon PID 36760] Starting bot processing for world 1
  - Bot 'bills' (ID: 16) processed in 7.921s
  ✓ Completed in 8.979s (Barbarians: 1.056s, Bots: 7.921s, Processed: 1 bots)
  ✗ ERROR: SQLSTATE[HY000] [1049] Unknown database 'lan_classico1'
[2026-06-21 20:17:04] [Daemon PID 36760] Starting bot processing for world 1
  - Bot 'bills' (ID: 16) processed in 7.699s
  ✓ Completed in 8.692s (Barbarians: 0.991s, Bots: 7.699s, Processed: 1 bots)
  ✗ ERROR: SQLSTATE[HY000] [1049] Unknown database 'lan_classico1'
[2026-06-21 20:18:12] [Daemon PID 36760] Starting bot processing for world 1
  - Bot 'bills' (ID: 16) processed in 8.832s
  ✓ Completed in 9.824s (Barbarians: 0.985s, Bots: 8.833s, Processed: 1 bots)
  ✗ ERROR: SQLSTATE[HY000] [1049] Unknown database 'lan_classico1'
[2026-06-21 20:19:22] [Daemon PID 36760] Starting bot processing for world 1
  - Bot 'bills' (ID: 16) processed in 7.784s
  ✓ Completed in 8.742s (Barbarians: 0.956s, Bots: 7.785s, Processed: 1 bots)
  ✗ ERROR: SQLSTATE[HY000] [1049] Unknown database 'lan_classico1'
[2026-06-21 20:20:31] [Daemon PID 36760] Starting bot processing for world 1
  - Bot 'bills' (ID: 16) processed in 7.477s
  ✓ Completed in 8.394s (Barbarians: 0.915s, Bots: 7.477s, Processed: 1 bots)
  ✗ ERROR: SQLSTATE[HY000] [1049] Unknown database 'lan_classico1'
[2026-06-21 20:21:39] [Daemon PID 36760] Starting bot processing for world 1
  - Bot 'bills' (ID: 16) processed in 7.452s
  ✓ Completed in 8.398s (Barbarians: 0.944s, Bots: 7.452s, Processed: 1 bots)
  ✗ ERROR: SQLSTATE[HY000] [1049] Unknown database 'lan_classico1'
[2026-06-21 20:22:48] [Daemon PID 36760] Starting bot processing for world 1
  - Bot 'bills' (ID: 16) processed in 7.455s
  ✓ Completed in 8.388s (Barbarians: 0.931s, Bots: 7.456s, Processed: 1 bots)
  ✗ ERROR: SQLSTATE[HY000] [1049] Unknown database 'lan_classico1'
[2026-06-21 20:23:56] [Daemon PID 36760] Starting bot processing for world 1
  - Bot 'bills' (ID: 16) processed in 7.494s
  ✓ Completed in 8.424s (Barbarians: 0.925s, Bots: 7.495s, Processed: 1 bots)
  ✗ ERROR: SQLSTATE[HY000] [1049] Unknown database 'lan_classico1'
[2026-06-21 20:25:05] [Daemon PID 36760] Starting bot processing for world 1
  - Bot 'bills' (ID: 16) processed in 7.557s
  ✓ Completed in 8.483s (Barbarians: 0.923s, Bots: 7.558s, Processed: 1 bots)
  ✗ ERROR: SQLSTATE[HY000] [1049] Unknown database 'lan_classico1'
[2026-06-21 20:26:13] [Daemon PID 36760] Starting bot processing for world 1
  - Bot 'bills' (ID: 16) processed in 7.558s
  ✓ Completed in 8.473s (Barbarians: 0.913s, Bots: 7.558s, Processed: 1 bots)
  ✗ ERROR: SQLSTATE[HY000] [1049] Unknown database 'lan_classico1'
[2026-06-21 20:27:22] [Daemon PID 36760] Starting bot processing for world 1
  - Bot 'bills' (ID: 16) processed in 7.571s
  ✓ Completed in 8.504s (Barbarians: 0.931s, Bots: 7.572s, Processed: 1 bots)
  ✗ ERROR: SQLSTATE[HY000] [1049] Unknown database 'lan_classico1'
[2026-06-21 20:28:30] [Daemon PID 36760] Starting bot processing for world 1
  - Bot 'bills' (ID: 16) processed in 7.669s
  ✓ Completed in 8.589s (Barbarians: 0.918s, Bots: 7.669s, Processed: 1 bots)
  ✗ ERROR: SQLSTATE[HY000] [1049] Unknown database 'lan_classico1'
[2026-06-21 20:29:39] [Daemon PID 36760] Starting bot processing for world 1
  - Bot 'bills' (ID: 16) processed in 7.684s
  ✓ Completed in 8.62s (Barbarians: 0.931s, Bots: 7.684s, Processed: 1 bots)
  ✗ ERROR: SQLSTATE[HY000] [1049] Unknown database 'lan_classico1'
[2026-06-21 20:30:47] [Daemon PID 36760] Starting bot processing for world 1
[2026-06-21 20:30:48] Starting bot processing for world 1
  - Bot 'bills' (ID: 16) processed in 9.231s
  - Bot 'bills' (ID: 16) processed in 7.921s
  ✓ Completed in 10.19s (Barbarians: 0.957s, Bots: 9.231s, Processed: 1 bots)
  ✓ Completed in 9.45s (Barbarians: 1.008s, Bots: 7.922s, Processed: 1 bots)
  ✗ ERROR: SQLSTATE[HY000] [1049] Unknown database 'lan_classico1'
[2026-06-21 20:31:58] [Daemon PID 36760] Starting bot processing for world 1
  - Bot 'bills' (ID: 16) processed in 4.435s
  ✓ Completed in 5.36s (Barbarians: 0.923s, Bots: 4.435s, Processed: 1 bots)
  ✗ ERROR: SQLSTATE[HY000] [1049] Unknown database 'lan_classico1'
[2026-06-21 20:33:03] [Daemon PID 36760] Starting bot processing for world 1
  - Bot 'bills' (ID: 16) processed in 7.615s
  ✓ Completed in 8.533s (Barbarians: 0.915s, Bots: 7.616s, Processed: 1 bots)
  ✗ ERROR: SQLSTATE[HY000] [1049] Unknown database 'lan_classico1'
[2026-06-21 20:34:11] [Daemon PID 36760] Starting bot processing for world 1
  - Bot 'bills' (ID: 16) processed in 7.583s
  ✓ Completed in 8.512s (Barbarians: 0.927s, Bots: 7.583s, Processed: 1 bots)
  ✗ ERROR: SQLSTATE[HY000] [1049] Unknown database 'lan_classico1'
[2026-06-21 20:35:20] [Daemon PID 36760] Starting bot processing for world 1
  - Bot 'bills' (ID: 16) processed in 7.638s
  ✓ Completed in 8.568s (Barbarians: 0.925s, Bots: 7.638s, Processed: 1 bots)
  ✗ ERROR: SQLSTATE[HY000] [1049] Unknown database 'lan_classico1'
[2026-06-21 20:36:29] [Daemon PID 36760] Starting bot processing for world 1
  - Bot 'bills' (ID: 16) processed in 7.617s
  ✓ Completed in 8.567s (Barbarians: 0.948s, Bots: 7.618s, Processed: 1 bots)
  ✗ ERROR: SQLSTATE[HY000] [1049] Unknown database 'lan_classico1'
[2026-06-21 20:37:37] [Daemon PID 36760] Starting bot processing for world 1
  - Bot 'bills' (ID: 16) processed in 7.579s
  ✓ Completed in 8.522s (Barbarians: 0.941s, Bots: 7.579s, Processed: 1 bots)
  ✗ ERROR: SQLSTATE[HY000] [1049] Unknown database 'lan_classico1'
[2026-06-21 20:38:46] [Daemon PID 36760] Starting bot processing for world 1
[2026-06-21 20:38:48] Starting bot processing for world 1
  - Bot 'bills' (ID: 16) processed in 6.216s
  - Bot 'bills' (ID: 16) processed in 9.212s
  ✓ Completed in 10.202s (Barbarians: 0.988s, Bots: 9.212s, Processed: 1 bots)
  ✓ Completed in 7.784s (Barbarians: 1.001s, Bots: 6.217s, Processed: 1 bots)
  ✗ ERROR: SQLSTATE[HY000] [1049] Unknown database 'lan_classico1'
[2026-06-21 20:39:56] [Daemon PID 36760] Starting bot processing for world 1
  - Bot 'bills' (ID: 16) processed in 5.796s
  ✓ Completed in 6.776s (Barbarians: 0.976s, Bots: 5.797s, Processed: 1 bots)
  ✗ ERROR: SQLSTATE[HY000] [1049] Unknown database 'lan_classico1'
[2026-06-21 20:41:03] [Daemon PID 36760] Starting bot processing for world 1
  - Bot 'bills' (ID: 16) processed in 7.67s
  ✓ Completed in 8.653s (Barbarians: 0.975s, Bots: 7.671s, Processed: 1 bots)
  ✗ ERROR: SQLSTATE[HY000] [1049] Unknown database 'lan_classico1'
[2026-06-21 20:42:11] [Daemon PID 36760] Starting bot processing for world 1
  - Bot 'bills' (ID: 16) processed in 8.469s
  ✓ Completed in 9.699s (Barbarians: 1.226s, Bots: 8.47s, Processed: 1 bots)
  ✗ ERROR: SQLSTATE[HY000] [1049] Unknown database 'lan_classico1'
[2026-06-21 20:43:21] [Daemon PID 36760] Starting bot processing for world 1
  - Bot 'bills' (ID: 16) processed in 8.126s
  ✓ Completed in 9.105s (Barbarians: 0.977s, Bots: 8.126s, Processed: 1 bots)
  ✗ ERROR: SQLSTATE[HY000] [1049] Unknown database 'lan_classico1'
[2026-06-21 20:44:30] [Daemon PID 36760] Starting bot processing for world 1
  - Bot 'bills' (ID: 16) processed in 7.894s
  ✓ Completed in 8.856s (Barbarians: 0.959s, Bots: 7.895s, Processed: 1 bots)
  ✗ ERROR: SQLSTATE[HY000] [1049] Unknown database 'lan_classico1'
[2026-06-21 20:45:39] [Daemon PID 36760] Starting bot processing for world 1
  - Bot 'bills' (ID: 16) processed in 7.748s
  ✓ Completed in 8.713s (Barbarians: 0.962s, Bots: 7.749s, Processed: 1 bots)
  ✗ ERROR: SQLSTATE[HY000] [1049] Unknown database 'lan_classico1'
[2026-06-21 20:46:48] [Daemon PID 36760] Starting bot processing for world 1
[2026-06-21 20:46:48] Starting bot processing for world 1
  - Bot 'bills' (ID: 16) processed in 9.772s
  - Bot 'bills' (ID: 16) processed in 8.35s
  ✓ Completed in 10.892s (Barbarians: 1.114s, Bots: 9.773s, Processed: 1 bots)
  ✓ Completed in 10.575s (Barbarians: 1.041s, Bots: 8.351s, Processed: 1 bots)
  ✗ ERROR: SQLSTATE[HY000] [1049] Unknown database 'lan_classico1'
[2026-06-21 20:47:59] [Daemon PID 36760] Starting bot processing for world 1
  - Bot 'bills' (ID: 16) processed in 4.533s
  ✓ Completed in 5.462s (Barbarians: 0.926s, Bots: 4.534s, Processed: 1 bots)
  ✗ ERROR: SQLSTATE[HY000] [1049] Unknown database 'lan_classico1'
[2026-06-21 20:49:04] [Daemon PID 36760] Starting bot processing for world 1
  - Bot 'bills' (ID: 16) processed in 7.117s
  ✓ Completed in 8.142s (Barbarians: 1.022s, Bots: 7.118s, Processed: 1 bots)
  ✗ ERROR: SQLSTATE[HY000] [1049] Unknown database 'lan_classico1'
[2026-06-21 20:50:12] [Daemon PID 36760] Starting bot processing for world 1
  - Bot 'bills' (ID: 16) processed in 8.229s
  ✓ Completed in 9.239s (Barbarians: 1.008s, Bots: 8.23s, Processed: 1 bots)
  ✗ ERROR: SQLSTATE[HY000] [1049] Unknown database 'lan_classico1'
[2026-06-21 20:51:22] [Daemon PID 36760] Starting bot processing for world 1
  - Bot 'bills' (ID: 16) processed in 8.537s
  ✓ Completed in 9.572s (Barbarians: 1.032s, Bots: 8.538s, Processed: 1 bots)
  ✗ ERROR: SQLSTATE[HY000] [1049] Unknown database 'lan_classico1'
[2026-06-21 20:52:31] [Daemon PID 36760] Starting bot processing for world 1
  - Bot 'bills' (ID: 16) processed in 8.143s
  ✓ Completed in 9.155s (Barbarians: 1.008s, Bots: 8.143s, Processed: 1 bots)
  ✗ ERROR: SQLSTATE[HY000] [1049] Unknown database 'lan_classico1'
[2026-06-21 20:53:40] [Daemon PID 36760] Starting bot processing for world 1
[2026-06-21 20:53:48] Starting bot processing for world 1
  - Bot 'bills' (ID: 16) processed in 7.867s
  ✓ Completed in 8.849s (Barbarians: 0.971s, Bots: 7.868s, Processed: 1 bots)
  ✗ ERROR: SQLSTATE[HY000] [1049] Unknown database 'lan_classico1'
  - Bot 'bills' (ID: 16) processed in 3.816s
  ✓ Completed in 5.583s (Barbarians: 0.961s, Bots: 3.817s, Processed: 1 bots)
[2026-06-21 20:54:49] [Daemon PID 36760] Starting bot processing for world 1
  - Bot 'bills' (ID: 16) processed in 7.108s
  ✓ Completed in 8.074s (Barbarians: 0.963s, Bots: 7.109s, Processed: 1 bots)
  ✗ ERROR: SQLSTATE[HY000] [1049] Unknown database 'lan_classico1'
[2026-06-21 20:55:57] [Daemon PID 36760] Starting bot processing for world 1
  - Bot 'bills' (ID: 16) processed in 7.843s
  ✓ Completed in 8.766s (Barbarians: 0.92s, Bots: 7.844s, Processed: 1 bots)
  ✗ ERROR: SQLSTATE[HY000] [1049] Unknown database 'lan_classico1'
[2026-06-21 20:57:06] [Daemon PID 36760] Starting bot processing for world 1
  - Bot 'bills' (ID: 16) processed in 7.899s
  ✓ Completed in 8.836s (Barbarians: 0.934s, Bots: 7.9s, Processed: 1 bots)
  ✗ ERROR: SQLSTATE[HY000] [1049] Unknown database 'lan_classico1'
[2026-06-21 20:58:15] [Daemon PID 36760] Starting bot processing for world 1
  - Bot 'bills' (ID: 16) processed in 7.792s
  ✓ Completed in 8.757s (Barbarians: 0.958s, Bots: 7.792s, Processed: 1 bots)
  ✗ ERROR: SQLSTATE[HY000] [1049] Unknown database 'lan_classico1'
[2026-06-21 20:59:24] [Daemon PID 36760] Starting bot processing for world 1
  - Bot 'bills' (ID: 16) processed in 7.765s
  ✓ Completed in 8.729s (Barbarians: 0.961s, Bots: 7.766s, Processed: 1 bots)
  ✗ ERROR: SQLSTATE[HY000] [1049] Unknown database 'lan_classico1'
[2026-06-21 21:00:32] [Daemon PID 36760] Starting bot processing for world 1
  - Bot 'bills' (ID: 16) processed in 7.828s
  ✓ Completed in 8.807s (Barbarians: 0.977s, Bots: 7.829s, Processed: 1 bots)
  ✗ ERROR: SQLSTATE[HY000] [1049] Unknown database 'lan_classico1'
[2026-06-21 21:01:41] [Daemon PID 36760] Starting bot processing for world 1
[2026-06-21 21:01:48] Starting bot processing for world 1
  - Bot 'bills' (ID: 16) processed in 7.932s
  ✓ Completed in 8.865s (Barbarians: 0.93s, Bots: 7.933s, Processed: 1 bots)
  ✗ ERROR: SQLSTATE[HY000] [1049] Unknown database 'lan_classico1'
  - Bot 'bills' (ID: 16) processed in 3.638s
  ✓ Completed in 5.309s (Barbarians: 1.12s, Bots: 3.639s, Processed: 1 bots)
[2026-06-21 21:02:50] [Daemon PID 36760] Starting bot processing for world 1
  - Bot 'bills' (ID: 16) processed in 7.337s
  ✓ Completed in 8.297s (Barbarians: 0.958s, Bots: 7.337s, Processed: 1 bots)
  ✗ ERROR: SQLSTATE[HY000] [1049] Unknown database 'lan_classico1'
[2026-06-21 21:03:58] [Daemon PID 36760] Starting bot processing for world 1
  - Bot 'bills' (ID: 16) processed in 7.951s
  ✓ Completed in 8.917s (Barbarians: 0.961s, Bots: 7.951s, Processed: 1 bots)
  ✗ ERROR: SQLSTATE[HY000] [1049] Unknown database 'lan_classico1'
[2026-06-21 21:05:07] [Daemon PID 36760] Starting bot processing for world 1
  - Bot 'bills' (ID: 16) processed in 7.886s
  ✓ Completed in 8.872s (Barbarians: 0.982s, Bots: 7.887s, Processed: 1 bots)
  ✗ ERROR: SQLSTATE[HY000] [1049] Unknown database 'lan_classico1'
[2026-06-21 21:06:16] [Daemon PID 36760] Starting bot processing for world 1
  - Bot 'bills' (ID: 16) processed in 7.913s
  ✓ Completed in 8.906s (Barbarians: 0.991s, Bots: 7.914s, Processed: 1 bots)
  ✗ ERROR: SQLSTATE[HY000] [1049] Unknown database 'lan_classico1'
[2026-06-21 21:07:25] [Daemon PID 36760] Starting bot processing for world 1
  - Bot 'bills' (ID: 16) processed in 7.832s
  ✓ Completed in 8.773s (Barbarians: 0.938s, Bots: 7.833s, Processed: 1 bots)
  ✗ ERROR: SQLSTATE[HY000] [1049] Unknown database 'lan_classico1'
[2026-06-21 21:08:34] [Daemon PID 36760] Starting bot processing for world 1
  - Bot 'bills' (ID: 16) processed in 7.85s
  ✓ Completed in 8.795s (Barbarians: 0.943s, Bots: 7.851s, Processed: 1 bots)
  ✗ ERROR: SQLSTATE[HY000] [1049] Unknown database 'lan_classico1'
[2026-06-21 21:09:43] [Daemon PID 36760] Starting bot processing for world 1
[2026-06-21 21:09:48] Starting bot processing for world 1
  - Bot 'bills' (ID: 16) processed in 8.149s
  ✓ Completed in 9.092s (Barbarians: 0.938s, Bots: 8.15s, Processed: 1 bots)
  ✗ ERROR: SQLSTATE[HY000] [1049] Unknown database 'lan_classico1'
  - Bot 'bills' (ID: 16) processed in 3.748s
  ✓ Completed in 5.389s (Barbarians: 1.102s, Bots: 3.749s, Processed: 1 bots)
[2026-06-21 21:10:52] [Daemon PID 36760] Starting bot processing for world 1
  - Bot 'bills' (ID: 16) processed in 7.526s
  ✓ Completed in 8.517s (Barbarians: 0.989s, Bots: 7.527s, Processed: 1 bots)
  ✗ ERROR: SQLSTATE[HY000] [1049] Unknown database 'lan_classico1'
[2026-06-21 21:12:00] [Daemon PID 36760] Starting bot processing for world 1
  - Bot 'bills' (ID: 16) processed in 7.992s
  ✓ Completed in 8.917s (Barbarians: 0.923s, Bots: 7.993s, Processed: 1 bots)
  ✗ ERROR: SQLSTATE[HY000] [1049] Unknown database 'lan_classico1'
[2026-06-21 21:13:09] [Daemon PID 36760] Starting bot processing for world 1
  - Bot 'bills' (ID: 16) processed in 7.887s
  ✓ Completed in 8.905s (Barbarians: 1.016s, Bots: 7.887s, Processed: 1 bots)
  ✗ ERROR: SQLSTATE[HY000] [1049] Unknown database 'lan_classico1'
[2026-06-21 21:14:18] [Daemon PID 36760] Starting bot processing for world 1
  - Bot 'bills' (ID: 16) processed in 7.882s
  ✓ Completed in 8.865s (Barbarians: 0.981s, Bots: 7.882s, Processed: 1 bots)
  ✗ ERROR: SQLSTATE[HY000] [1049] Unknown database 'lan_classico1'
[2026-06-21 21:15:27] [Daemon PID 36760] Starting bot processing for world 1
  - Bot 'bills' (ID: 16) processed in 7.851s
  ✓ Completed in 8.839s (Barbarians: 0.984s, Bots: 7.851s, Processed: 1 bots)
  ✗ ERROR: SQLSTATE[HY000] [1049] Unknown database 'lan_classico1'
[2026-06-21 21:16:36] [Daemon PID 36760] Starting bot processing for world 1
  - Bot 'bills' (ID: 16) processed in 7.847s
  ✓ Completed in 8.788s (Barbarians: 0.939s, Bots: 7.847s, Processed: 1 bots)
  ✗ ERROR: SQLSTATE[HY000] [1049] Unknown database 'lan_classico1'
[2026-06-21 21:17:45] [Daemon PID 36760] Starting bot processing for world 1
[2026-06-21 21:17:48] Starting bot processing for world 1
  - Bot 'bills' (ID: 16) processed in 4.749s
  - Bot 'bills' (ID: 16) processed in 8.646s
  ✓ Completed in 9.593s (Barbarians: 0.945s, Bots: 8.646s, Processed: 1 bots)
  ✓ Completed in 6.376s (Barbarians: 1.083s, Bots: 4.75s, Processed: 1 bots)
  ✗ ERROR: SQLSTATE[HY000] [1049] Unknown database 'lan_classico1'
[2026-06-21 21:18:54] [Daemon PID 36760] Starting bot processing for world 1
  - Bot 'bills' (ID: 16) processed in 6.948s
  ✓ Completed in 7.863s (Barbarians: 0.913s, Bots: 6.948s, Processed: 1 bots)
  ✗ ERROR: SQLSTATE[HY000] [1049] Unknown database 'lan_classico1'
[2026-06-21 21:20:02] [Daemon PID 36760] Starting bot processing for world 1
  - Bot 'bills' (ID: 16) processed in 8.229s
  ✓ Completed in 9.284s (Barbarians: 1.053s, Bots: 8.229s, Processed: 1 bots)
  ✗ ERROR: SQLSTATE[HY000] [1049] Unknown database 'lan_classico1'
[2026-06-21 21:21:12] [Daemon PID 36760] Starting bot processing for world 1
  - Bot 'bills' (ID: 16) processed in 7.807s
  ✓ Completed in 8.732s (Barbarians: 0.92s, Bots: 7.808s, Processed: 1 bots)
  ✗ ERROR: SQLSTATE[HY000] [1049] Unknown database 'lan_classico1'
[2026-06-21 21:22:20] [Daemon PID 36760] Starting bot processing for world 1
  - Bot 'bills' (ID: 16) processed in 7.721s
  ✓ Completed in 8.648s (Barbarians: 0.924s, Bots: 7.722s, Processed: 1 bots)
  ✗ ERROR: SQLSTATE[HY000] [1049] Unknown database 'lan_classico1'
[2026-06-21 21:23:29] [Daemon PID 36760] Starting bot processing for world 1
  - Bot 'bills' (ID: 16) processed in 7.622s
  ✓ Completed in 8.6s (Barbarians: 0.975s, Bots: 7.622s, Processed: 1 bots)
  ✗ ERROR: SQLSTATE[HY000] [1049] Unknown database 'lan_classico1'
[2026-06-21 21:24:38] [Daemon PID 36760] Starting bot processing for world 1
  - Bot 'bills' (ID: 16) processed in 7.423s
  ✓ Completed in 8.327s (Barbarians: 0.902s, Bots: 7.423s, Processed: 1 bots)
  ✗ ERROR: SQLSTATE[HY000] [1049] Unknown database 'lan_classico1'
[2026-06-21 21:25:46] [Daemon PID 36760] Starting bot processing for world 1
[2026-06-21 21:25:48] Starting bot processing for world 1
  - Bot 'bills' (ID: 16) processed in 6.063s
  - Bot 'bills' (ID: 16) processed in 8.671s
  ✓ Completed in 9.566s (Barbarians: 0.892s, Bots: 8.672s, Processed: 1 bots)
  ✓ Completed in 7.563s (Barbarians: 0.993s, Bots: 6.064s, Processed: 1 bots)
  ✗ ERROR: SQLSTATE[HY000] [1049] Unknown database 'lan_classico1'
[2026-06-21 21:26:56] [Daemon PID 36760] Starting bot processing for world 1
  - Bot 'bills' (ID: 16) processed in 5.418s
  ✓ Completed in 6.348s (Barbarians: 0.925s, Bots: 5.419s, Processed: 1 bots)
  ✗ ERROR: SQLSTATE[HY000] [1049] Unknown database 'lan_classico1'
[2026-06-21 21:28:02] [Daemon PID 36760] Starting bot processing for world 1
  - Bot 'bills' (ID: 16) processed in 7.131s
  ✓ Completed in 8.025s (Barbarians: 0.891s, Bots: 7.132s, Processed: 1 bots)
  ✗ ERROR: SQLSTATE[HY000] [1049] Unknown database 'lan_classico1'
[2026-06-21 21:29:10] [Daemon PID 36760] Starting bot processing for world 1
  - Bot 'bills' (ID: 16) processed in 7.402s
  ✓ Completed in 8.292s (Barbarians: 0.888s, Bots: 7.403s, Processed: 1 bots)
  ✗ ERROR: SQLSTATE[HY000] [1049] Unknown database 'lan_classico1'
[2026-06-21 21:30:18] [Daemon PID 36760] Starting bot processing for world 1
  - Bot 'bills' (ID: 16) processed in 7.356s
  ✓ Completed in 8.27s (Barbarians: 0.912s, Bots: 7.357s, Processed: 1 bots)
  ✗ ERROR: SQLSTATE[HY000] [1049] Unknown database 'lan_classico1'
[2026-06-21 21:31:27] [Daemon PID 36760] Starting bot processing for world 1
  - Bot 'bills' (ID: 16) processed in 7.413s
  ✓ Completed in 8.315s (Barbarians: 0.9s, Bots: 7.413s, Processed: 1 bots)
  ✗ ERROR: SQLSTATE[HY000] [1049] Unknown database 'lan_classico1'
[2026-06-21 21:32:35] [Daemon PID 36760] Starting bot processing for world 1
  - Bot 'bills' (ID: 16) processed in 7.481s
  ✓ Completed in 8.377s (Barbarians: 0.89s, Bots: 7.482s, Processed: 1 bots)
  ✗ ERROR: SQLSTATE[HY000] [1049] Unknown database 'lan_classico1'
[2026-06-21 21:33:43] [Daemon PID 36760] Starting bot processing for world 1
[2026-06-21 21:33:48] Starting bot processing for world 1
  - Bot 'bills' (ID: 16) processed in 8.023s
  ✓ Completed in 8.931s (Barbarians: 0.906s, Bots: 8.023s, Processed: 1 bots)
  ✗ ERROR: SQLSTATE[HY000] [1049] Unknown database 'lan_classico1'
  - Bot 'bills' (ID: 16) processed in 3.622s
  ✓ Completed in 5.184s (Barbarians: 0.977s, Bots: 3.623s, Processed: 1 bots)
[2026-06-21 21:34:52] [Daemon PID 36760] Starting bot processing for world 1
  - Bot 'bills' (ID: 16) processed in 7.253s
  ✓ Completed in 8.179s (Barbarians: 0.923s, Bots: 7.254s, Processed: 1 bots)
  ✗ ERROR: SQLSTATE[HY000] [1049] Unknown database 'lan_classico1'
[2026-06-21 21:36:01] [Daemon PID 36760] Starting bot processing for world 1
  - Bot 'bills' (ID: 16) processed in 7.511s
  ✓ Completed in 8.416s (Barbarians: 0.903s, Bots: 7.511s, Processed: 1 bots)
  ✗ ERROR: SQLSTATE[HY000] [1049] Unknown database 'lan_classico1'
[2026-06-21 21:37:09] [Daemon PID 36760] Starting bot processing for world 1
  - Bot 'bills' (ID: 16) processed in 7.516s
  ✓ Completed in 8.5s (Barbarians: 0.982s, Bots: 7.516s, Processed: 1 bots)
  ✗ ERROR: SQLSTATE[HY000] [1049] Unknown database 'lan_classico1'
[2026-06-21 21:38:18] [Daemon PID 36760] Starting bot processing for world 1
  - Bot 'bills' (ID: 16) processed in 7.42s
  ✓ Completed in 8.346s (Barbarians: 0.921s, Bots: 7.42s, Processed: 1 bots)
  ✗ ERROR: SQLSTATE[HY000] [1049] Unknown database 'lan_classico1'
[2026-06-21 21:39:26] [Daemon PID 36760] Starting bot processing for world 1
  - Bot 'bills' (ID: 16) processed in 7.422s
  ✓ Completed in 8.346s (Barbarians: 0.921s, Bots: 7.423s, Processed: 1 bots)
  ✗ ERROR: SQLSTATE[HY000] [1049] Unknown database 'lan_classico1'
[2026-06-21 21:40:34] [Daemon PID 36760] Starting bot processing for world 1
  - Bot 'bills' (ID: 16) processed in 7.395s
  ✓ Completed in 8.285s (Barbarians: 0.889s, Bots: 7.395s, Processed: 1 bots)
  ✗ ERROR: SQLSTATE[HY000] [1049] Unknown database 'lan_classico1'
[2026-06-21 21:41:43] [Daemon PID 36760] Starting bot processing for world 1
[2026-06-21 21:41:48] Starting bot processing for world 1
  - Bot 'bills' (ID: 16) processed in 7.72s
  ✓ Completed in 8.631s (Barbarians: 0.908s, Bots: 7.721s, Processed: 1 bots)
  ✗ ERROR: SQLSTATE[HY000] [1049] Unknown database 'lan_classico1'
  - Bot 'bills' (ID: 16) processed in 3.564s
  ✓ Completed in 5.307s (Barbarians: 0.997s, Bots: 3.564s, Processed: 1 bots)
[2026-06-21 21:42:51] [Daemon PID 36760] Starting bot processing for world 1
  - Bot 'bills' (ID: 16) processed in 7.021s
  ✓ Completed in 7.939s (Barbarians: 0.915s, Bots: 7.022s, Processed: 1 bots)
  ✗ ERROR: SQLSTATE[HY000] [1049] Unknown database 'lan_classico1'
[2026-06-21 21:43:59] [Daemon PID 36760] Starting bot processing for world 1
  - Bot 'bills' (ID: 16) processed in 7.487s
  ✓ Completed in 8.451s (Barbarians: 0.958s, Bots: 7.488s, Processed: 1 bots)
  ✗ ERROR: SQLSTATE[HY000] [1049] Unknown database 'lan_classico1'
[2026-06-21 21:45:08] [Daemon PID 36760] Starting bot processing for world 1
  - Bot 'bills' (ID: 16) processed in 7.569s
  ✓ Completed in 8.463s (Barbarians: 0.892s, Bots: 7.569s, Processed: 1 bots)
  ✗ ERROR: SQLSTATE[HY000] [1049] Unknown database 'lan_classico1'
[2026-06-21 21:46:16] [Daemon PID 36760] Starting bot processing for world 1
  - Bot 'bills' (ID: 16) processed in 7.801s
  ✓ Completed in 8.697s (Barbarians: 0.893s, Bots: 7.802s, Processed: 1 bots)
  ✗ ERROR: SQLSTATE[HY000] [1049] Unknown database 'lan_classico1'
[2026-06-21 21:47:25] [Daemon PID 36760] Starting bot processing for world 1
  - Bot 'bills' (ID: 16) processed in 7.862s
  ✓ Completed in 8.823s (Barbarians: 0.959s, Bots: 7.862s, Processed: 1 bots)
  ✗ ERROR: SQLSTATE[HY000] [1049] Unknown database 'lan_classico1'
[2026-06-21 21:48:34] [Daemon PID 36760] Starting bot processing for world 1
  - Bot 'bills' (ID: 16) processed in 7.711s
  ✓ Completed in 8.638s (Barbarians: 0.925s, Bots: 7.712s, Processed: 1 bots)
  ✗ ERROR: SQLSTATE[HY000] [1049] Unknown database 'lan_classico1'
[2026-06-21 21:49:42] [Daemon PID 36760] Starting bot processing for world 1
[2026-06-21 21:49:48] Starting bot processing for world 1
  - Bot 'bills' (ID: 16) processed in 7.969s
  ✓ Completed in 8.894s (Barbarians: 0.92s, Bots: 7.969s, Processed: 1 bots)
  ✗ ERROR: SQLSTATE[HY000] [1049] Unknown database 'lan_classico1'
  - Bot 'bills' (ID: 16) processed in 3.665s
  ✓ Completed in 5.217s (Barbarians: 1.028s, Bots: 3.665s, Processed: 1 bots)
[2026-06-21 21:50:51] [Daemon PID 36760] Starting bot processing for world 1
  - Bot 'bills' (ID: 16) processed in 7.344s
  ✓ Completed in 8.262s (Barbarians: 0.915s, Bots: 7.344s, Processed: 1 bots)
  ✗ ERROR: SQLSTATE[HY000] [1049] Unknown database 'lan_classico1'
[2026-06-21 21:52:00] [Daemon PID 36760] Starting bot processing for world 1
  - Bot 'bills' (ID: 16) processed in 7.659s
  ✓ Completed in 8.599s (Barbarians: 0.937s, Bots: 7.66s, Processed: 1 bots)
  ✗ ERROR: SQLSTATE[HY000] [1049] Unknown database 'lan_classico1'
[2026-06-21 21:53:08] [Daemon PID 36760] Starting bot processing for world 1
  - Bot 'bills' (ID: 16) processed in 7.741s
  ✓ Completed in 8.689s (Barbarians: 0.945s, Bots: 7.741s, Processed: 1 bots)
  ✗ ERROR: SQLSTATE[HY000] [1049] Unknown database 'lan_classico1'
[2026-06-21 21:54:17] [Daemon PID 36760] Starting bot processing for world 1
  - Bot 'bills' (ID: 16) processed in 7.67s
  ✓ Completed in 8.594s (Barbarians: 0.922s, Bots: 7.67s, Processed: 1 bots)
  ✗ ERROR: SQLSTATE[HY000] [1049] Unknown database 'lan_classico1'
[2026-06-21 21:55:25] [Daemon PID 36760] Starting bot processing for world 1
  - Bot 'bills' (ID: 16) processed in 7.66s
  ✓ Completed in 8.574s (Barbarians: 0.909s, Bots: 7.66s, Processed: 1 bots)
  ✗ ERROR: SQLSTATE[HY000] [1049] Unknown database 'lan_classico1'
[2026-06-21 21:56:34] [Daemon PID 36760] Starting bot processing for world 1
  - Bot 'bills' (ID: 16) processed in 7.936s
  ✓ Completed in 8.852s (Barbarians: 0.914s, Bots: 7.936s, Processed: 1 bots)
  ✗ ERROR: SQLSTATE[HY000] [1049] Unknown database 'lan_classico1'
[2026-06-21 21:57:43] [Daemon PID 36760] Starting bot processing for world 1
[2026-06-21 21:57:48] Starting bot processing for world 1
  - Bot 'bills' (ID: 16) processed in 7.938s
  ✓ Completed in 8.843s (Barbarians: 0.903s, Bots: 7.938s, Processed: 1 bots)
  ✗ ERROR: SQLSTATE[HY000] [1049] Unknown database 'lan_classico1'
  - Bot 'bills' (ID: 16) processed in 3.563s
  ✓ Completed in 5.37s (Barbarians: 1.053s, Bots: 3.564s, Processed: 1 bots)
[2026-06-21 21:58:52] [Daemon PID 36760] Starting bot processing for world 1
  - Bot 'bills' (ID: 16) processed in 7.385s
  ✓ Completed in 8.305s (Barbarians: 0.918s, Bots: 7.386s, Processed: 1 bots)
  ✗ ERROR: SQLSTATE[HY000] [1049] Unknown database 'lan_classico1'
[2026-06-21 22:00:00] [Daemon PID 36760] Starting bot processing for world 1
  - Bot 'bills' (ID: 16) processed in 7.509s
  ✓ Completed in 8.411s (Barbarians: 0.899s, Bots: 7.51s, Processed: 1 bots)
  ✗ ERROR: SQLSTATE[HY000] [1049] Unknown database 'lan_classico1'
[2026-06-21 22:01:09] [Daemon PID 36760] Starting bot processing for world 1
  - Bot 'bills' (ID: 16) processed in 7.882s
  ✓ Completed in 8.805s (Barbarians: 0.919s, Bots: 7.882s, Processed: 1 bots)
  ✗ ERROR: SQLSTATE[HY000] [1049] Unknown database 'lan_classico1'
[2026-06-21 22:03:59] Starting bot processing for world 1
  - Bot 'bills' (ID: 16) processed in 11.156s
  ✓ Completed in 12.568s (Barbarians: 0.897s, Bots: 11.157s, Processed: 1 bots)
[2026-06-21 22:05:58] [Daemon PID 31544] Starting bot processing for world 1
  - Bot 'bills' (ID: 16) processed in 12.119s
  ✓ Completed in 16.854s (Barbarians: 1.174s, Bots: 12.12s, Processed: 1 bots)
  ✗ ERROR: SQLSTATE[HY000] [1049] Unknown database 'lan_classico1'
[2026-06-21 22:07:15] [Daemon PID 31544] Starting bot processing for world 1
  - Bot 'bills' (ID: 16) processed in 10.954s
  ✓ Completed in 12.228s (Barbarians: 1.27s, Bots: 10.955s, Processed: 1 bots)
  ✗ ERROR: SQLSTATE[HY000] [1049] Unknown database 'lan_classico1'
[2026-06-21 22:08:27] [Daemon PID 31544] Starting bot processing for world 1
  - Bot 'bills' (ID: 16) processed in 8.967s
  ✓ Completed in 9.921s (Barbarians: 0.952s, Bots: 8.967s, Processed: 1 bots)
  ✗ ERROR: SQLSTATE[HY000] [1049] Unknown database 'lan_classico1'
[2026-06-21 22:09:37] [Daemon PID 31544] Starting bot processing for world 1
[2026-06-21 22:09:42] Starting bot processing for world 1
  - Bot 'bills' (ID: 16) processed in 8.865s
  ✓ Completed in 9.818s (Barbarians: 0.951s, Bots: 8.866s, Processed: 1 bots)
  ✗ ERROR: SQLSTATE[HY000] [1049] Unknown database 'lan_classico1'
  - Bot 'bills' (ID: 16) processed in 3.909s
  ✓ Completed in 5.944s (Barbarians: 1.171s, Bots: 3.91s, Processed: 1 bots)
[2026-06-21 22:10:47] [Daemon PID 31544] Starting bot processing for world 1
  - Bot 'bills' (ID: 16) processed in 7.8s
  ✓ Completed in 8.73s (Barbarians: 0.925s, Bots: 7.8s, Processed: 1 bots)
  ✗ ERROR: SQLSTATE[HY000] [1049] Unknown database 'lan_classico1'
[2026-06-21 22:11:56] [Daemon PID 31544] Starting bot processing for world 1
  - Bot 'bills' (ID: 16) processed in 8.587s
  ✓ Completed in 9.571s (Barbarians: 0.982s, Bots: 8.587s, Processed: 1 bots)
  ✗ ERROR: SQLSTATE[HY000] [1049] Unknown database 'lan_classico1'
[2026-06-21 22:13:05] [Daemon PID 31544] Starting bot processing for world 1
  - Bot 'bills' (ID: 16) processed in 10.614s
  ✓ Completed in 11.958s (Barbarians: 1.341s, Bots: 10.615s, Processed: 1 bots)
  ✗ ERROR: SQLSTATE[HY000] [1049] Unknown database 'lan_classico1'
[2026-06-21 22:14:17] [Daemon PID 31544] Starting bot processing for world 1
  - Bot 'bills' (ID: 16) processed in 8.102s
  ✓ Completed in 9.236s (Barbarians: 1.131s, Bots: 8.102s, Processed: 1 bots)
  ✗ ERROR: SQLSTATE[HY000] [1049] Unknown database 'lan_classico1'
[2026-06-21 22:15:27] [Daemon PID 31544] Starting bot processing for world 1
  - Bot 'bills' (ID: 16) processed in 7.547s
  ✓ Completed in 8.439s (Barbarians: 0.889s, Bots: 7.547s, Processed: 1 bots)
  ✗ ERROR: SQLSTATE[HY000] [1049] Unknown database 'lan_classico1'
[2026-06-21 22:16:35] [Daemon PID 31544] Starting bot processing for world 1
  - Bot 'bills' (ID: 16) processed in 7.458s
  ✓ Completed in 8.39s (Barbarians: 0.927s, Bots: 7.459s, Processed: 1 bots)
  ✗ ERROR: SQLSTATE[HY000] [1049] Unknown database 'lan_classico1'
[2026-06-21 22:17:44] [Daemon PID 31544] Starting bot processing for world 1
  - Bot 'bills' (ID: 16) processed in 7.453s
  ✓ Completed in 8.342s (Barbarians: 0.887s, Bots: 7.453s, Processed: 1 bots)
  ✗ ERROR: SQLSTATE[HY000] [1049] Unknown database 'lan_classico1'
[2026-06-21 22:18:52] [Daemon PID 31544] Starting bot processing for world 1
  - Bot 'bills' (ID: 16) processed in 7.461s
  ✓ Completed in 8.384s (Barbarians: 0.921s, Bots: 7.461s, Processed: 1 bots)
  ✗ ERROR: SQLSTATE[HY000] [1049] Unknown database 'lan_classico1'
[2026-06-21 22:20:00] [Daemon PID 31544] Starting bot processing for world 1
  - Bot 'bills' (ID: 16) processed in 7.436s
  ✓ Completed in 8.357s (Barbarians: 0.919s, Bots: 7.437s, Processed: 1 bots)
  ✗ ERROR: SQLSTATE[HY000] [1049] Unknown database 'lan_classico1'
[2026-06-21 22:21:09] [Daemon PID 31544] Starting bot processing for world 1
[2026-06-21 22:21:13] Starting bot processing for world 1
  - Bot 'bills' (ID: 16) processed in 8.053s
  ✓ Completed in 8.948s (Barbarians: 0.893s, Bots: 8.054s, Processed: 1 bots)
  ✗ ERROR: SQLSTATE[HY000] [1049] Unknown database 'lan_classico1'
  - Bot 'bills' (ID: 16) processed in 3.681s
  ✓ Completed in 5.215s (Barbarians: 0.994s, Bots: 3.681s, Processed: 1 bots)
[2026-06-21 22:22:18] [Daemon PID 31544] Starting bot processing for world 1
  - Bot 'bills' (ID: 16) processed in 7.187s
  ✓ Completed in 8.087s (Barbarians: 0.895s, Bots: 7.187s, Processed: 1 bots)
  ✗ ERROR: SQLSTATE[HY000] [1049] Unknown database 'lan_classico1'
[2026-06-21 22:23:26] [Daemon PID 31544] Starting bot processing for world 1
  - Bot 'bills' (ID: 16) processed in 7.419s
  ✓ Completed in 8.308s (Barbarians: 0.887s, Bots: 7.419s, Processed: 1 bots)
  ✗ ERROR: SQLSTATE[HY000] [1049] Unknown database 'lan_classico1'
[2026-06-21 22:24:34] [Daemon PID 31544] Starting bot processing for world 1
  - Bot 'bills' (ID: 16) processed in 7.464s
  ✓ Completed in 8.357s (Barbarians: 0.89s, Bots: 7.465s, Processed: 1 bots)
  ✗ ERROR: SQLSTATE[HY000] [1049] Unknown database 'lan_classico1'
[2026-06-21 22:25:42] [Daemon PID 31544] Starting bot processing for world 1
  - Bot 'bills' (ID: 16) processed in 7.504s
  ✓ Completed in 8.428s (Barbarians: 0.921s, Bots: 7.505s, Processed: 1 bots)
  ✗ ERROR: SQLSTATE[HY000] [1049] Unknown database 'lan_classico1'
[2026-06-21 22:26:51] [Daemon PID 31544] Starting bot processing for world 1
  - Bot 'bills' (ID: 16) processed in 7.539s
  ✓ Completed in 8.447s (Barbarians: 0.906s, Bots: 7.539s, Processed: 1 bots)
  ✗ ERROR: SQLSTATE[HY000] [1049] Unknown database 'lan_classico1'
[2026-06-21 22:27:59] [Daemon PID 31544] Starting bot processing for world 1
  - Bot 'bills' (ID: 16) processed in 7.488s
  ✓ Completed in 8.427s (Barbarians: 0.934s, Bots: 7.489s, Processed: 1 bots)
  ✗ ERROR: SQLSTATE[HY000] [1049] Unknown database 'lan_classico1'
[2026-06-21 22:29:08] [Daemon PID 31544] Starting bot processing for world 1
  - Bot 'bills' (ID: 16) processed in 7.484s
  ✓ Completed in 8.373s (Barbarians: 0.887s, Bots: 7.484s, Processed: 1 bots)
  ✗ ERROR: SQLSTATE[HY000] [1049] Unknown database 'lan_classico1'
[2026-06-21 22:30:16] [Daemon PID 31544] Starting bot processing for world 1
  - Bot 'bills' (ID: 16) processed in 7.543s
  ✓ Completed in 8.499s (Barbarians: 0.954s, Bots: 7.543s, Processed: 1 bots)
  ✗ ERROR: SQLSTATE[HY000] [1049] Unknown database 'lan_classico1'
[2026-06-21 22:31:25] [Daemon PID 31544] Starting bot processing for world 1
  - Bot 'bills' (ID: 16) processed in 7.474s
  ✓ Completed in 8.386s (Barbarians: 0.91s, Bots: 7.475s, Processed: 1 bots)
  ✗ ERROR: SQLSTATE[HY000] [1049] Unknown database 'lan_classico1'
[2026-06-21 22:32:33] [Daemon PID 31544] Starting bot processing for world 1
  - Bot 'bills' (ID: 16) processed in 7.74s
  ✓ Completed in 8.67s (Barbarians: 0.927s, Bots: 7.741s, Processed: 1 bots)
  ✗ ERROR: SQLSTATE[HY000] [1049] Unknown database 'lan_classico1'
[2026-06-21 22:33:42] [Daemon PID 31544] Starting bot processing for world 1
  - Bot 'bills' (ID: 16) processed in 7.641s
  ✓ Completed in 8.618s (Barbarians: 0.971s, Bots: 7.642s, Processed: 1 bots)
  ✗ ERROR: SQLSTATE[HY000] [1049] Unknown database 'lan_classico1'
[2026-06-21 22:34:51] [Daemon PID 31544] Starting bot processing for world 1
[2026-06-21 22:34:54] Starting bot processing for world 1
  - Bot 'bills' (ID: 16) processed in 8.294s
  ✓ Completed in 9.206s (Barbarians: 0.91s, Bots: 8.295s, Processed: 1 bots)
  ✗ ERROR: SQLSTATE[HY000] [1049] Unknown database 'lan_classico1'
  - Bot 'bills' (ID: 16) processed in 4.1s
  ✓ Completed in 5.696s (Barbarians: 1.076s, Bots: 4.101s, Processed: 1 bots)
[2026-06-21 22:36:00] [Daemon PID 31544] Starting bot processing for world 1
  - Bot 'bills' (ID: 16) processed in 7.128s
  ✓ Completed in 8.064s (Barbarians: 0.933s, Bots: 7.129s, Processed: 1 bots)
  ✗ ERROR: SQLSTATE[HY000] [1049] Unknown database 'lan_classico1'
[2026-06-21 22:37:08] [Daemon PID 31544] Starting bot processing for world 1
  - Bot 'bills' (ID: 16) processed in 8.288s
  ✓ Completed in 9.25s (Barbarians: 0.96s, Bots: 8.288s, Processed: 1 bots)
  ✗ ERROR: SQLSTATE[HY000] [1049] Unknown database 'lan_classico1'
[2026-06-21 22:38:17] [Daemon PID 31544] Starting bot processing for world 1
  - Bot 'bills' (ID: 16) processed in 8.061s
  ✓ Completed in 9.058s (Barbarians: 0.994s, Bots: 8.062s, Processed: 1 bots)
  ✗ ERROR: SQLSTATE[HY000] [1049] Unknown database 'lan_classico1'
[2026-06-21 22:39:26] [Daemon PID 31544] Starting bot processing for world 1
  - Bot 'bills' (ID: 16) processed in 8.241s
  ✓ Completed in 9.357s (Barbarians: 1.111s, Bots: 8.242s, Processed: 1 bots)
  ✗ ERROR: SQLSTATE[HY000] [1049] Unknown database 'lan_classico1'
[2026-06-21 22:40:36] [Daemon PID 31544] Starting bot processing for world 1
  - Bot 'bills' (ID: 16) processed in 8.934s
  ✓ Completed in 10.109s (Barbarians: 1.171s, Bots: 8.935s, Processed: 1 bots)
  ✗ ERROR: SQLSTATE[HY000] [1049] Unknown database 'lan_classico1'
[2026-06-21 22:41:46] [Daemon PID 31544] Starting bot processing for world 1
  - Bot 'bills' (ID: 16) processed in 8.765s
  ✓ Completed in 9.773s (Barbarians: 1.005s, Bots: 8.766s, Processed: 1 bots)
  ✗ ERROR: SQLSTATE[HY000] [1049] Unknown database 'lan_classico1'
[2026-06-21 22:42:55] [Daemon PID 31544] Starting bot processing for world 1
  - Bot 'bills' (ID: 16) processed in 8.318s
  ✓ Completed in 9.31s (Barbarians: 0.99s, Bots: 8.318s, Processed: 1 bots)
  ✗ ERROR: SQLSTATE[HY000] [1049] Unknown database 'lan_classico1'
[2026-06-21 22:44:05] [Daemon PID 31544] Starting bot processing for world 1
  - Bot 'bills' (ID: 16) processed in 8.67s
  ✓ Completed in 9.651s (Barbarians: 0.979s, Bots: 8.671s, Processed: 1 bots)
  ✗ ERROR: SQLSTATE[HY000] [1049] Unknown database 'lan_classico1'
[2026-06-21 22:45:14] [Daemon PID 31544] Starting bot processing for world 1
  - Bot 'bills' (ID: 16) processed in 8.305s
  ✓ Completed in 9.23s (Barbarians: 0.917s, Bots: 8.306s, Processed: 1 bots)
  ✗ ERROR: SQLSTATE[HY000] [1049] Unknown database 'lan_classico1'
[2026-06-21 22:46:24] [Daemon PID 31544] Starting bot processing for world 1
  - Bot 'bills' (ID: 16) processed in 8.217s
  ✓ Completed in 9.135s (Barbarians: 0.916s, Bots: 8.218s, Processed: 1 bots)
  ✗ ERROR: SQLSTATE[HY000] [1049] Unknown database 'lan_classico1'
[2026-06-21 22:47:33] [Daemon PID 31544] Starting bot processing for world 1
  - Bot 'bills' (ID: 16) processed in 8.257s
  ✓ Completed in 9.233s (Barbarians: 0.974s, Bots: 8.257s, Processed: 1 bots)
  ✗ ERROR: SQLSTATE[HY000] [1049] Unknown database 'lan_classico1'
[2026-06-21 22:48:42] [Daemon PID 31544] Starting bot processing for world 1
  - Bot 'bills' (ID: 16) processed in 8.278s
  ✓ Completed in 9.269s (Barbarians: 0.989s, Bots: 8.278s, Processed: 1 bots)
  ✗ ERROR: SQLSTATE[HY000] [1049] Unknown database 'lan_classico1'
[2026-06-21 22:49:51] [Daemon PID 31544] Starting bot processing for world 1
[2026-06-21 22:50:01] Starting bot processing for world 1
  - Bot 'bills' (ID: 16) processed in 8.47s
  ✓ Completed in 9.426s (Barbarians: 0.953s, Bots: 8.471s, Processed: 1 bots)
  ✗ ERROR: SQLSTATE[HY000] [1049] Unknown database 'lan_classico1'
  - Bot 'bills' (ID: 16) processed in 3.569s
  ✓ Completed in 4.616s (Barbarians: 0.958s, Bots: 3.57s, Processed: 1 bots)
[2026-06-21 22:51:01] [Daemon PID 31544] Starting bot processing for world 1
  - Bot 'bills' (ID: 16) processed in 8.735s
  ✓ Completed in 9.774s (Barbarians: 1.033s, Bots: 8.735s, Processed: 1 bots)
  ✗ ERROR: SQLSTATE[HY000] [1049] Unknown database 'lan_classico1'
[2026-06-21 22:52:11] [Daemon PID 31544] Starting bot processing for world 1
  - Bot 'bills' (ID: 16) processed in 7.785s
  ✓ Completed in 8.715s (Barbarians: 0.927s, Bots: 7.786s, Processed: 1 bots)
  ✗ ERROR: SQLSTATE[HY000] [1049] Unknown database 'lan_classico1'
[2026-06-21 22:53:19] [Daemon PID 31544] Starting bot processing for world 1
  - Bot 'bills' (ID: 16) processed in 7.788s
  ✓ Completed in 8.731s (Barbarians: 0.94s, Bots: 7.789s, Processed: 1 bots)
  ✗ ERROR: SQLSTATE[HY000] [1049] Unknown database 'lan_classico1'
[2026-06-21 22:54:28] [Daemon PID 31544] Starting bot processing for world 1
  - Bot 'bills' (ID: 16) processed in 7.854s
  ✓ Completed in 8.778s (Barbarians: 0.922s, Bots: 7.854s, Processed: 1 bots)
  ✗ ERROR: SQLSTATE[HY000] [1049] Unknown database 'lan_classico1'
[2026-06-21 22:55:37] [Daemon PID 31544] Starting bot processing for world 1
  ✗ ERROR: SQLSTATE[08S01]: Communication link failure: 1053 Server shutdown in progress
  ✗ ERROR: SQLSTATE[HY000] [2002] Nenhuma ligação pôde ser feita porque o computador de destino
as recusou ativamente
[2026-06-21 22:56:01] Starting bot processing for world 1
  ✗ ERROR: SQLSTATE[HY000] [1045] Access denied for user 'root'@'localhost' (using password: NO)
[2026-06-21 22:56:42] [Daemon PID 31544] Starting bot processing for world 1
  ✗ ERROR: SQLSTATE[HY000]: General error: 2006 MySQL server has gone away
  ✗ ERROR: SQLSTATE[HY000] [1045] Access denied for user 'root'@'localhost' (using password: NO)
[2026-06-21 22:57:44] [Daemon PID 31544] Starting bot processing for world 1
  ✗ ERROR: SQLSTATE[HY000]: General error: 2006 MySQL server has gone away
  ✗ ERROR: SQLSTATE[HY000] [1045] Access denied for user 'root'@'localhost' (using password: NO)
[2026-06-21 22:58:27] Starting bot processing for world 1
  ✗ ERROR: SQLSTATE[HY000] [1045] Access denied for user 'root'@'localhost' (using password: NO)
[2026-06-21 22:58:46] [Daemon PID 31544] Starting bot processing for world 1
  ✗ ERROR: SQLSTATE[HY000]: General error: 2006 MySQL server has gone away
  ✗ ERROR: SQLSTATE[HY000] [1045] Access denied for user 'root'@'localhost' (using password: NO)
[2026-06-21 22:58:50] Starting bot processing for world 1
  ✗ ERROR: SQLSTATE[HY000] [1045] Access denied for user 'root'@'localhost' (using password: NO)
[2026-06-21 22:59:48] [Daemon PID 31544] Starting bot processing for world 1
  ✗ ERROR: SQLSTATE[HY000]: General error: 2006 MySQL server has gone away
  ✗ ERROR: SQLSTATE[HY000] [1045] Access denied for user 'root'@'localhost' (using password: NO)
[2026-06-21 22:59:52] Starting bot processing for world 1
  ✗ ERROR: SQLSTATE[HY000] [1045] Access denied for user 'root'@'localhost' (using password: NO)
[2026-06-21 23:00:50] [Daemon PID 31544] Starting bot processing for world 1
  ✗ ERROR: SQLSTATE[HY000]: General error: 2006 MySQL server has gone away
  ✗ ERROR: SQLSTATE[HY000] [1049] Unknown database 'lan_classico1'
[2026-06-21 23:01:50] [Daemon PID 31544] Starting bot processing for world 1
  ✗ ERROR: SQLSTATE[HY000]: General error: 2006 MySQL server has gone away
  ✗ ERROR: SQLSTATE[HY000] [1049] Unknown database 'lan_classico1'
[2026-06-21 23:02:50] [Daemon PID 31544] Starting bot processing for world 1
  ✗ ERROR: SQLSTATE[HY000]: General error: 2006 MySQL server has gone away
  ✗ ERROR: SQLSTATE[HY000] [1049] Unknown database 'lan_classico1'
[2026-06-21 23:03:50] [Daemon PID 31544] Starting bot processing for world 1
  ✗ ERROR: SQLSTATE[HY000]: General error: 2006 MySQL server has gone away
  ✗ ERROR: SQLSTATE[HY000] [1049] Unknown database 'lan_classico1'
[2026-06-21 23:04:50] [Daemon PID 31544] Starting bot processing for world 1
  ✗ ERROR: SQLSTATE[HY000]: General error: 2006 MySQL server has gone away
  ✗ ERROR: SQLSTATE[HY000] [1049] Unknown database 'lan_classico1'
[2026-06-21 23:05:50] [Daemon PID 31544] Starting bot processing for world 1
  ✗ ERROR: SQLSTATE[HY000]: General error: 2006 MySQL server has gone away
  ✗ ERROR: SQLSTATE[HY000] [1049] Unknown database 'lan_classico1'
[2026-06-21 23:06:50] [Daemon PID 31544] Starting bot processing for world 1
  ✗ ERROR: SQLSTATE[HY000]: General error: 2006 MySQL server has gone away
  ✗ ERROR: SQLSTATE[HY000] [1049] Unknown database 'lan_classico1'
[2026-06-21 23:07:50] [Daemon PID 31544] Starting bot processing for world 1
  ✗ ERROR: SQLSTATE[HY000]: General error: 2006 MySQL server has gone away
  ✗ ERROR: SQLSTATE[HY000] [1049] Unknown database 'lan_classico1'
[2026-06-21 23:08:50] [Daemon PID 31544] Starting bot processing for world 1
  ✗ ERROR: SQLSTATE[HY000]: General error: 2006 MySQL server has gone away
  ✗ ERROR: SQLSTATE[HY000] [2002] Nenhuma ligação pôde ser feita porque o computador de destino
as recusou ativamente
[2026-06-21 23:09:55] [Daemon PID 31544] Starting bot processing for world 1
  ✗ ERROR: SQLSTATE[HY000]: General error: 2006 MySQL server has gone away
  ✗ ERROR: SQLSTATE[HY000] [2002] Nenhuma ligação pôde ser feita porque o computador de destino
as recusou ativamente
[2026-06-21 23:10:59] [Daemon PID 31544] Starting bot processing for world 1
  ✗ ERROR: SQLSTATE[HY000]: General error: 2006 MySQL server has gone away
  ✗ ERROR: SQLSTATE[HY000] [1049] Unknown database 'lan_classico1'
[2026-06-21 23:11:59] [Daemon PID 31544] Starting bot processing for world 1
  ✗ ERROR: SQLSTATE[HY000]: General error: 2006 MySQL server has gone away
  ✗ ERROR: SQLSTATE[HY000] [1049] Unknown database 'lan_classico1'
[2026-06-21 23:12:59] [Daemon PID 31544] Starting bot processing for world 1
  ✗ ERROR: SQLSTATE[HY000]: General error: 2006 MySQL server has gone away
  ✗ ERROR: SQLSTATE[HY000] [1049] Unknown database 'lan_classico1'
[2026-06-21 23:13:59] [Daemon PID 31544] Starting bot processing for world 1
  ✗ ERROR: SQLSTATE[HY000]: General error: 2006 MySQL server has gone away
  ✗ ERROR: SQLSTATE[HY000] [1049] Unknown database 'lan_classico1'
[2026-06-21 23:14:59] [Daemon PID 31544] Starting bot processing for world 1
  ✗ ERROR: SQLSTATE[HY000]: General error: 2006 MySQL server has gone away
  ✗ ERROR: SQLSTATE[HY000] [1049] Unknown database 'lan_classico1'
[2026-06-21 23:16:02] [Daemon PID 31544] Starting bot processing for world 1
  ✗ ERROR: SQLSTATE[HY000]: General error: 2006 MySQL server has gone away
  ✗ ERROR: SQLSTATE[HY000] [1049] Unknown database 'lan_classico1'
[2026-06-21 23:17:02] [Daemon PID 31544] Starting bot processing for world 1
  ✗ ERROR: SQLSTATE[HY000]: General error: 2006 MySQL server has gone away
  ✗ ERROR: SQLSTATE[HY000] [1049] Unknown database 'lan_classico1'
[2026-06-21 23:18:02] [Daemon PID 31544] Starting bot processing for world 1
  ✗ ERROR: SQLSTATE[HY000]: General error: 2006 MySQL server has gone away
  ✗ ERROR: SQLSTATE[HY000] [1049] Unknown database 'lan_classico1'
[2026-06-21 23:19:02] [Daemon PID 31544] Starting bot processing for world 1
  ✗ ERROR: SQLSTATE[HY000]: General error: 2006 MySQL server has gone away
  ✗ ERROR: SQLSTATE[HY000] [1049] Unknown database 'lan_classico1'
[2026-06-21 23:20:02] [Daemon PID 31544] Starting bot processing for world 1
  ✗ ERROR: SQLSTATE[HY000]: General error: 2006 MySQL server has gone away
  ✗ ERROR: SQLSTATE[HY000] [1049] Unknown database 'lan_classico1'
[2026-06-21 23:21:02] [Daemon PID 31544] Starting bot processing for world 1
  ✗ ERROR: SQLSTATE[HY000]: General error: 2006 MySQL server has gone away
  ✗ ERROR: SQLSTATE[HY000] [1049] Unknown database 'lan_classico1'
[2026-06-21 23:22:02] [Daemon PID 31544] Starting bot processing for world 1
  ✗ ERROR: SQLSTATE[HY000]: General error: 2006 MySQL server has gone away
  ✗ ERROR: SQLSTATE[HY000] [1049] Unknown database 'lan_classico1'
[2026-06-21 23:23:02] [Daemon PID 31544] Starting bot processing for world 1
  ✗ ERROR: SQLSTATE[HY000]: General error: 2006 MySQL server has gone away
  ✗ ERROR: SQLSTATE[HY000] [1049] Unknown database 'lan_classico1'
[2026-06-21 23:24:02] [Daemon PID 31544] Starting bot processing for world 1
  ✗ ERROR: SQLSTATE[HY000]: General error: 2006 MySQL server has gone away
  ✗ ERROR: SQLSTATE[HY000] [1049] Unknown database 'lan_classico1'
[2026-06-21 23:25:02] [Daemon PID 31544] Starting bot processing for world 1
  ✗ ERROR: SQLSTATE[HY000]: General error: 2006 MySQL server has gone away
  ✗ ERROR: SQLSTATE[HY000] [1049] Unknown database 'lan_classico1'
[2026-06-21 23:26:02] [Daemon PID 31544] Starting bot processing for world 1
  ✗ ERROR: SQLSTATE[HY000]: General error: 2006 MySQL server has gone away
  ✗ ERROR: SQLSTATE[HY000] [1049] Unknown database 'lan_classico1'
[2026-06-21 23:27:02] [Daemon PID 31544] Starting bot processing for world 1
  ✗ ERROR: SQLSTATE[HY000]: General error: 2006 MySQL server has gone away
  ✗ ERROR: SQLSTATE[HY000] [1049] Unknown database 'lan_classico1'
[2026-06-21 23:28:02] [Daemon PID 31544] Starting bot processing for world 1
  ✗ ERROR: SQLSTATE[HY000]: General error: 2006 MySQL server has gone away
  ✗ ERROR: SQLSTATE[HY000] [1049] Unknown database 'lan_classico1'
[2026-06-21 23:29:02] [Daemon PID 31544] Starting bot processing for world 1
  ✗ ERROR: SQLSTATE[HY000]: General error: 2006 MySQL server has gone away
  ✗ ERROR: SQLSTATE[HY000] [1049] Unknown database 'lan_classico1'
[2026-06-21 23:30:02] [Daemon PID 31544] Starting bot processing for world 1
  ✗ ERROR: SQLSTATE[HY000]: General error: 2006 MySQL server has gone away
  ✗ ERROR: SQLSTATE[HY000] [1049] Unknown database 'lan_classico1'
[2026-06-21 23:31:02] [Daemon PID 31544] Starting bot processing for world 1
  ✗ ERROR: SQLSTATE[HY000]: General error: 2006 MySQL server has gone away
  ✗ ERROR: SQLSTATE[HY000] [1049] Unknown database 'lan_classico1'
[2026-06-21 23:32:02] [Daemon PID 31544] Starting bot processing for world 1
  ✗ ERROR: SQLSTATE[HY000]: General error: 2006 MySQL server has gone away
  ✗ ERROR: SQLSTATE[HY000] [1049] Unknown database 'lan_classico1'
[2026-06-21 23:33:02] [Daemon PID 31544] Starting bot processing for world 1
  ✗ ERROR: SQLSTATE[HY000]: General error: 2006 MySQL server has gone away
  ✗ ERROR: SQLSTATE[HY000] [1049] Unknown database 'lan_classico1'
[2026-06-21 23:34:02] [Daemon PID 31544] Starting bot processing for world 1
  ✗ ERROR: SQLSTATE[HY000]: General error: 2006 MySQL server has gone away
  ✗ ERROR: SQLSTATE[HY000] [1049] Unknown database 'lan_classico1'
[2026-06-21 23:35:02] [Daemon PID 31544] Starting bot processing for world 1
  ✗ ERROR: SQLSTATE[HY000]: General error: 2006 MySQL server has gone away
  ✗ ERROR: SQLSTATE[HY000] [1049] Unknown database 'lan_classico1'
[2026-06-21 23:36:02] [Daemon PID 31544] Starting bot processing for world 1
  ✗ ERROR: SQLSTATE[HY000]: General error: 2006 MySQL server has gone away
  ✗ ERROR: SQLSTATE[HY000] [1049] Unknown database 'lan_classico1'
[2026-06-21 23:37:02] [Daemon PID 31544] Starting bot processing for world 1
  ✗ ERROR: SQLSTATE[HY000]: General error: 2006 MySQL server has gone away
  ✗ ERROR: SQLSTATE[HY000] [1049] Unknown database 'lan_classico1'
[2026-06-21 23:38:02] [Daemon PID 31544] Starting bot processing for world 1
  ✗ ERROR: SQLSTATE[HY000]: General error: 2006 MySQL server has gone away
  ✗ ERROR: SQLSTATE[HY000] [1049] Unknown database 'lan_classico1'
[2026-06-21 23:39:02] [Daemon PID 31544] Starting bot processing for world 1
  ✗ ERROR: SQLSTATE[HY000]: General error: 2006 MySQL server has gone away
  ✗ ERROR: SQLSTATE[HY000] [1049] Unknown database 'lan_classico1'
[2026-06-21 23:40:02] [Daemon PID 31544] Starting bot processing for world 1
  ✗ ERROR: SQLSTATE[HY000]: General error: 2006 MySQL server has gone away
  ✗ ERROR: SQLSTATE[HY000] [1049] Unknown database 'lan_classico1'
[2026-06-21 23:41:02] [Daemon PID 31544] Starting bot processing for world 1
  ✗ ERROR: SQLSTATE[HY000]: General error: 2006 MySQL server has gone away
  ✗ ERROR: SQLSTATE[HY000] [1049] Unknown database 'lan_classico1'
[2026-06-21 23:42:02] [Daemon PID 31544] Starting bot processing for world 1
  ✗ ERROR: SQLSTATE[HY000]: General error: 2006 MySQL server has gone away
  ✗ ERROR: SQLSTATE[HY000] [1049] Unknown database 'lan_classico1'
[2026-06-21 23:43:02] [Daemon PID 31544] Starting bot processing for world 1
  ✗ ERROR: SQLSTATE[HY000]: General error: 2006 MySQL server has gone away
  ✗ ERROR: SQLSTATE[HY000] [1049] Unknown database 'lan_classico1'
[2026-06-21 23:44:02] [Daemon PID 31544] Starting bot processing for world 1
  ✗ ERROR: SQLSTATE[HY000]: General error: 2006 MySQL server has gone away
  ✗ ERROR: SQLSTATE[HY000] [1049] Unknown database 'lan_classico1'
[2026-06-21 23:45:02] [Daemon PID 31544] Starting bot processing for world 1
  ✗ ERROR: SQLSTATE[HY000]: General error: 2006 MySQL server has gone away
  ✗ ERROR: SQLSTATE[HY000] [1049] Unknown database 'lan_classico1'
[2026-06-21 23:46:02] [Daemon PID 31544] Starting bot processing for world 1
  ✗ ERROR: SQLSTATE[HY000]: General error: 2006 MySQL server has gone away
  ✗ ERROR: SQLSTATE[HY000] [1049] Unknown database 'lan_classico1'
[2026-06-21 23:47:02] [Daemon PID 31544] Starting bot processing for world 1
  ✗ ERROR: SQLSTATE[HY000]: General error: 2006 MySQL server has gone away
  ✗ ERROR: SQLSTATE[HY000] [1049] Unknown database 'lan_classico1'
[2026-06-21 23:48:02] [Daemon PID 31544] Starting bot processing for world 1
  ✗ ERROR: SQLSTATE[HY000]: General error: 2006 MySQL server has gone away
  ✗ ERROR: SQLSTATE[HY000] [1049] Unknown database 'lan_classico1'
[2026-06-21 23:49:03] [Daemon PID 31544] Starting bot processing for world 1
  ✗ ERROR: SQLSTATE[HY000]: General error: 2006 MySQL server has gone away
  ✗ ERROR: SQLSTATE[HY000] [1049] Unknown database 'lan_classico1'
[2026-06-21 23:50:03] [Daemon PID 31544] Starting bot processing for world 1
  ✗ ERROR: SQLSTATE[HY000]: General error: 2006 MySQL server has gone away
  ✗ ERROR: SQLSTATE[HY000] [1049] Unknown database 'lan_classico1'
[2026-06-21 23:51:03] [Daemon PID 31544] Starting bot processing for world 1
  ✗ ERROR: SQLSTATE[HY000]: General error: 2006 MySQL server has gone away
  ✗ ERROR: SQLSTATE[HY000] [1049] Unknown database 'lan_classico1'
[2026-06-21 23:52:03] [Daemon PID 31544] Starting bot processing for world 1
  ✗ ERROR: SQLSTATE[HY000]: General error: 2006 MySQL server has gone away
  ✗ ERROR: SQLSTATE[HY000] [1049] Unknown database 'lan_classico1'
[2026-06-25 01:25:15] Starting bot processing for world 1
  ✓ Completed in 0.047s (Barbarians: 0.013s, Bots: 0.001s, Processed: 0 bots)
[2026-06-25 01:27:15] Starting bot processing for world 1
  ✓ Completed in 0.058s (Barbarians: 0.013s, Bots: 0.001s, Processed: 0 bots)
[2026-06-25 01:29:15] Starting bot processing for world 1
  ✓ Completed in 0.049s (Barbarians: 0.013s, Bots: 0.001s, Processed: 0 bots)
[2026-06-25 01:30:15] Starting bot processing for world 1
  ✓ Completed in 0.036s (Barbarians: 0.013s, Bots: 0.001s, Processed: 0 bots)
[2026-06-25 01:31:58] Starting bot processing for world 1
  ✓ Completed in 0.042s (Barbarians: 0.009s, Bots: 0s, Processed: 0 bots)
[2026-06-25 01:33:58] Starting bot processing for world 1
  ✓ Completed in 0.05s (Barbarians: 0.017s, Bots: 0.001s, Processed: 0 bots)
[2026-06-25 01:34:58] Starting bot processing for world 1
  ✓ Completed in 0.031s (Barbarians: 0.009s, Bots: 0.001s, Processed: 0 bots)
[2026-06-25 01:36:58] Starting bot processing for world 1
  ✓ Completed in 0.046s (Barbarians: 0.01s, Bots: 0s, Processed: 0 bots)
[2026-06-24 23:51:14] Starting bot processing for world 1
  - Bot 'bills' (ID: 16) processed in 12.094s
  ✓ Completed in 13.851s (Barbarians: 0.969s, Bots: 12.095s, Processed: 1 bots)
[2026-06-24 23:54:37] Starting bot processing for world 1
  - Bot 'bills' (ID: 16) processed in 12.048s
  ✓ Completed in 13.772s (Barbarians: 0.95s, Bots: 12.049s, Processed: 1 bots)
[2026-06-24 23:56:36] Starting bot processing for world 1
  - Bot 'bills' (ID: 16) processed in 11.6s
  ✓ Completed in 13.363s (Barbarians: 0.932s, Bots: 11.6s, Processed: 1 bots)
[2026-06-24 23:57:54] Starting bot processing for world 1
  - Bot 'bills' (ID: 16) processed in 9.462s
  ✓ Completed in 11.523s (Barbarians: 1.087s, Bots: 9.462s, Processed: 1 bots)
[2026-06-24 23:59:57] Starting bot processing for world 1
  - Bot 'bills' (ID: 16) processed in 11.379s
  ✓ Completed in 13.027s (Barbarians: 0.91s, Bots: 11.38s, Processed: 1 bots)
[2026-06-25 00:01:57] Starting bot processing for world 1
  - Bot 'bills' (ID: 16) processed in 10.856s
  ✓ Completed in 12.548s (Barbarians: 0.923s, Bots: 10.856s, Processed: 1 bots)
[2026-06-25 00:04:57] Starting bot processing for world 1
  - Bot 'bills' (ID: 16) processed in 11.672s
  ✓ Completed in 13.475s (Barbarians: 0.959s, Bots: 11.673s, Processed: 1 bots)
[2026-06-25 00:06:47] Starting bot processing for world 1
  - Bot 'bills' (ID: 16) processed in 10.785s
  ✓ Completed in 12.37s (Barbarians: 0.865s, Bots: 10.786s, Processed: 1 bots)
[2026-06-25 00:08:47] Starting bot processing for world 1
  - Bot 'bills' (ID: 16) processed in 11.015s
  ✓ Completed in 12.797s (Barbarians: 1.019s, Bots: 11.017s, Processed: 1 bots)
[2026-06-25 00:10:47] Starting bot processing for world 1
  - Bot 'bills' (ID: 16) processed in 10.715s
  ✓ Completed in 12.44s (Barbarians: 0.983s, Bots: 10.716s, Processed: 1 bots)
[2026-06-25 00:12:47] Starting bot processing for world 1
  - Bot 'bills' (ID: 16) processed in 11.907s
  ✓ Completed in 13.56s (Barbarians: 0.907s, Bots: 11.908s, Processed: 1 bots)
[2026-06-25 00:14:47] Starting bot processing for world 1
  - Bot 'bills' (ID: 16) processed in 11.162s
  ✓ Completed in 12.895s (Barbarians: 0.996s, Bots: 11.163s, Processed: 1 bots)
