[2026-06-18 20:52:07] Scout (ATT WINS): att=0, def=0, losses=, spy_level=0, only_spies=false
[2026-06-18 20:52:07] Scout (ATT WINS): att=0, def=0, losses=, spy_level=0, only_spies=false
[2026-06-18 20:52:07] Scout (ATT WINS): att=0, def=0, losses=, spy_level=0, only_spies=false
[2026-06-18 20:52:07] Scout (ATT WINS): att=0, def=0, losses=, spy_level=0, only_spies=false
[2026-06-18 20:52:07] Scout (ATT WINS): att=0, def=0, losses=, spy_level=0, only_spies=false
[2026-06-18 20:52:07] Scout (ATT WINS): att=0, def=0, losses=, spy_level=0, only_spies=false
[2026-06-18 20:52:07] Scout (ATT WINS): att=0, def=0, losses=, spy_level=0, only_spies=false
[2026-06-18 20:52:07] Scout (ATT WINS): att=0, def=0, losses=, spy_level=0, only_spies=false
[2026-06-18 20:52:07] Scout (ATT WINS): att=0, def=0, losses=, spy_level=0, only_spies=false
[2026-06-18 20:52:07] Scout (ATT WINS): att=0, def=0, losses=, spy_level=0, only_spies=false
[2026-06-18 20:52:07] Scout (ATT WINS): att=0, def=0, losses=, spy_level=0, only_spies=false
[2026-06-18 20:53:25] Scout (ATT WINS): att=24, def=0, losses=0, spy_level=4, only_spies=true
[2026-06-18 20:53:25] Scout (ATT WINS): att=144, def=0, losses=0, spy_level=4, only_spies=true
[2026-06-18 20:53:25] Scout (ATT WINS): att=35, def=0, losses=0, spy_level=4, only_spies=true
[2026-06-18 20:53:25] Scout (ATT WINS): att=87, def=0, losses=0, spy_level=4, only_spies=true
[2026-06-18 20:53:25] Scout (ATT WINS): att=39, def=0, losses=0, spy_level=4, only_spies=true
[2026-06-18 20:53:25] Scout (ATT WINS): att=77, def=0, losses=0, spy_level=4, only_spies=true
[2026-06-18 20:53:25] Scout (ATT WINS): att=0, def=0, losses=, spy_level=0, only_spies=false
[2026-06-18 20:53:26] Scout (ATT WINS): att=0, def=0, losses=, spy_level=0, only_spies=false
[2026-06-18 20:53:26] Scout (ATT WINS): att=99, def=0, losses=0, spy_level=4, only_spies=true
[2026-06-18 20:53:26] Scout (ATT WINS): att=10, def=0, losses=0, spy_level=4, only_spies=false
[2026-06-18 20:53:26] Scout (ATT WINS): att=10, def=0, losses=0, spy_level=4, only_spies=false
[2026-06-18 20:53:26] Scout (ATT WINS): att=10, def=0, losses=0, spy_level=4, only_spies=false
[2026-06-18 20:53:26] Scout (ATT WINS): att=10, def=0, losses=0, spy_level=4, only_spies=false
[2026-06-18 20:53:26] Scout (ATT WINS): att=10, def=0, losses=0, spy_level=4, only_spies=false
[2026-06-18 20:53:26] Scout (ATT WINS): att=12, def=0, losses=0, spy_level=4, only_spies=true
[2026-06-18 20:53:26] Scout (ATT WINS): att=74, def=0, losses=0, spy_level=4, only_spies=true
[2026-06-18 20:53:26] Scout (ATT WINS): att=13, def=0, losses=0, spy_level=4, only_spies=true
[2026-06-18 20:53:26] Scout (ATT WINS): att=39, def=0, losses=0, spy_level=4, only_spies=true
[2026-06-18 20:53:26] Scout (ATT WINS): att=87, def=0, losses=0, spy_level=4, only_spies=true
[2026-06-18 20:53:26] Scout (ATT WINS): att=35, def=0, losses=0, spy_level=4, only_spies=true
[2026-06-18 20:53:26] Scout (ATT WINS): att=343, def=0, losses=0, spy_level=4, only_spies=true
[2026-06-18 20:53:26] Scout (ATT WINS): att=80, def=0, losses=0, spy_level=4, only_spies=true
[2026-06-18 20:53:26] Scout (ATT WINS): att=297, def=0, losses=0, spy_level=4, only_spies=true
[2026-06-18 20:53:26] Scout (ATT WINS): att=17, def=0, losses=0, spy_level=4, only_spies=true
[2026-06-18 20:53:26] Scout (ATT WINS): att=14, def=0, losses=0, spy_level=4, only_spies=true
[2026-06-18 20:53:27] Scout (ATT WINS): att=49, def=0, losses=0, spy_level=4, only_spies=true
[2026-06-18 20:53:27] Scout (ATT WINS): att=33, def=0, losses=0, spy_level=4, only_spies=true
[2026-06-18 20:53:27] Scout (ATT WINS): att=10, def=0, losses=0, spy_level=4, only_spies=false
[2026-06-18 20:53:27] Scout (ATT WINS): att=10, def=0, losses=0, spy_level=4, only_spies=false
[2026-06-18 20:53:27] Scout (ATT WINS): att=10, def=0, losses=0, spy_level=4, only_spies=false
[2026-06-18 20:53:27] Scout (ATT WINS): att=10, def=0, losses=0, spy_level=4, only_spies=false
[2026-06-18 20:53:27] Scout (ATT WINS): att=10, def=0, losses=0, spy_level=4, only_spies=false
[2026-06-18 20:53:27] Scout (ATT WINS): att=60, def=0, losses=0, spy_level=4, only_spies=true
[2026-06-18 20:53:27] Scout (ATT WINS): att=0, def=0, losses=, spy_level=0, only_spies=false
[2026-06-18 20:53:27] Scout (ATT WINS): att=0, def=0, losses=, spy_level=0, only_spies=false
[2026-06-18 20:53:27] Scout (ATT WINS): att=0, def=0, losses=, spy_level=0, only_spies=false
[2026-06-18 20:53:27] Scout (ATT WINS): att=0, def=0, losses=, spy_level=0, only_spies=false
[2026-06-18 20:53:27] Scout (ATT WINS): att=0, def=0, losses=, spy_level=0, only_spies=false
[2026-06-18 20:53:27] Scout (ATT WINS): att=16, def=0, losses=0, spy_level=4, only_spies=true
[2026-06-18 20:53:27] Scout (ATT WINS): att=17, def=0, losses=0, spy_level=4, only_spies=true
[2026-06-18 20:53:27] Scout (ATT WINS): att=294, def=0, losses=0, spy_level=4, only_spies=true
[2026-06-18 20:53:27] Scout (ATT WINS): att=38, def=0, losses=0, spy_level=4, only_spies=true
[2026-06-18 20:53:27] Scout (ATT WINS): att=33, def=0, losses=0, spy_level=4, only_spies=true
[2026-06-18 20:53:27] Scout (ATT WINS): att=25, def=0, losses=0, spy_level=4, only_spies=false
[2026-06-18 20:53:27] Scout (ATT WINS): att=25, def=0, losses=0, spy_level=4, only_spies=false
[2026-06-18 20:53:27] Scout (ATT WINS): att=12, def=0, losses=0, spy_level=4, only_spies=true
[2026-06-18 20:53:27] Scout (ATT WINS): att=0, def=0, losses=, spy_level=0, only_spies=false
[2026-06-18 20:53:27] Scout (ATT WINS): att=0, def=0, losses=, spy_level=0, only_spies=false
[2026-06-18 20:53:27] Scout (ATT WINS): att=0, def=0, losses=, spy_level=0, only_spies=false
[2026-06-18 20:53:27] Scout (ATT WINS): att=0, def=0, losses=, spy_level=0, only_spies=false
[2026-06-18 20:53:27] Scout (ATT WINS): att=0, def=0, losses=, spy_level=0, only_spies=false
[2026-06-18 20:53:29] Scout (ATT WINS): att=57, def=0, losses=0, spy_level=4, only_spies=true
[2026-06-18 20:53:29] Scout (ATT WINS): att=48, def=0, losses=0, spy_level=4, only_spies=true
[2026-06-18 20:53:29] Scout (ATT WINS): att=165, def=0, losses=0, spy_level=4, only_spies=true
[2026-06-18 20:53:29] Scout (ATT WINS): att=25, def=0, losses=0, spy_level=4, only_spies=false
[2026-06-18 20:53:29] Scout (ATT WINS): att=105, def=0, losses=0, spy_level=4, only_spies=true
[2026-06-18 20:53:30] Scout (ATT WINS): att=174, def=0, losses=0, spy_level=4, only_spies=true
[2026-06-18 20:53:30] Scout (ATT WINS): att=39, def=0, losses=0, spy_level=4, only_spies=true
[2026-06-18 20:53:30] Scout (ATT WINS): att=25, def=0, losses=0, spy_level=4, only_spies=false
[2026-06-18 20:53:30] Scout (ATT WINS): att=0, def=0, losses=, spy_level=0, only_spies=false
[2026-06-18 20:53:30] Scout (ATT WINS): att=0, def=0, losses=, spy_level=0, only_spies=false
[2026-06-18 20:53:30] Scout (ATT WINS): att=0, def=0, losses=, spy_level=0, only_spies=false
[2026-06-18 20:53:30] Scout (ATT WINS): att=0, def=0, losses=, spy_level=0, only_spies=false
[2026-06-18 20:53:34] Scout (ATT WINS): att=98, def=0, losses=0, spy_level=4, only_spies=true
[2026-06-18 20:53:34] Scout (ATT WINS): att=19, def=0, losses=0, spy_level=4, only_spies=true
[2026-06-18 20:53:34] Scout (ATT WINS): att=0, def=0, losses=, spy_level=0, only_spies=false
[2026-06-18 20:53:35] Scout (ATT WINS): att=0, def=0, losses=, spy_level=0, only_spies=false
[2026-06-18 20:53:35] Scout (ATT WINS): att=0, def=0, losses=, spy_level=0, only_spies=false
[2026-06-18 20:53:35] Scout (ATT WINS): att=0, def=0, losses=, spy_level=0, only_spies=false
[2026-06-18 20:53:35] Scout (ATT WINS): att=0, def=0, losses=, spy_level=0, only_spies=false
[2026-06-18 20:53:35] Scout (ATT WINS): att=0, def=0, losses=, spy_level=0, only_spies=false
[2026-06-18 20:53:36] Scout (ATT WINS): att=12, def=0, losses=0, spy_level=4, only_spies=true
[2026-06-18 20:53:36] Scout (ATT WINS): att=34, def=0, losses=0, spy_level=4, only_spies=true
[2026-06-18 20:53:36] Scout (ATT WINS): att=199, def=0, losses=0, spy_level=4, only_spies=true
[2026-06-18 20:53:36] Scout (ATT WINS): att=66, def=0, losses=0, spy_level=4, only_spies=true
[2026-06-18 20:53:36] Scout (ATT WINS): att=16, def=0, losses=0, spy_level=4, only_spies=true
[2026-06-18 20:53:36] Scout (ATT WINS): att=297, def=0, losses=0, spy_level=4, only_spies=true
[2026-06-18 20:53:36] Scout (ATT WINS): att=13, def=0, losses=0, spy_level=4, only_spies=true
[2026-06-18 20:53:36] Scout (ATT WINS): att=0, def=0, losses=, spy_level=0, only_spies=false
[2026-06-18 20:53:36] Scout (ATT WINS): att=0, def=0, losses=, spy_level=0, only_spies=false
[2026-06-18 20:53:36] Scout (ATT WINS): att=0, def=0, losses=, spy_level=0, only_spies=false
[2026-06-18 20:53:37] Scout (ATT WINS): att=0, def=0, losses=, spy_level=0, only_spies=false
[2026-06-18 20:53:37] Scout (ATT WINS): att=0, def=0, losses=, spy_level=0, only_spies=false
[2026-06-18 20:53:37] Scout (ATT WINS): att=0, def=0, losses=, spy_level=0, only_spies=false
[2026-06-18 20:53:37] Scout (ATT WINS): att=0, def=0, losses=, spy_level=0, only_spies=false
[2026-06-18 20:53:37] Scout (ATT WINS): att=0, def=0, losses=, spy_level=0, only_spies=false
[2026-06-18 20:53:43] Scout (ATT WINS): att=51, def=0, losses=0, spy_level=4, only_spies=true
[2026-06-18 20:53:44] Scout (ATT WINS): att=199, def=0, losses=0, spy_level=4, only_spies=true
[2026-06-18 20:53:44] Scout (ATT WINS): att=16, def=0, losses=0, spy_level=4, only_spies=true
[2026-06-18 20:53:44] Scout (ATT WINS): att=99, def=0, losses=0, spy_level=4, only_spies=true
[2026-06-18 20:53:44] Scout (ATT WINS): att=0, def=0, losses=, spy_level=0, only_spies=false
[2026-06-18 20:53:44] Scout (ATT WINS): att=0, def=0, losses=, spy_level=0, only_spies=false
[2026-06-18 20:53:44] Scout (ATT WINS): att=0, def=0, losses=, spy_level=0, only_spies=false
[2026-06-18 20:53:44] Scout (ATT WINS): att=0, def=0, losses=, spy_level=0, only_spies=false
[2026-06-18 20:53:44] Scout (ATT WINS): att=0, def=0, losses=, spy_level=0, only_spies=false
[2026-06-18 20:53:44] Scout (ATT WINS): att=0, def=0, losses=, spy_level=0, only_spies=false
[2026-06-18 20:53:44] Scout (ATT WINS): att=0, def=0, losses=, spy_level=0, only_spies=false
[2026-06-18 20:53:48] Scout (ATT WINS): att=24, def=0, losses=0, spy_level=4, only_spies=true
[2026-06-18 20:53:48] Scout (ATT WINS): att=17, def=0, losses=0, spy_level=4, only_spies=true
[2026-06-18 20:53:48] Scout (ATT WINS): att=0, def=0, losses=, spy_level=0, only_spies=false
[2026-06-18 20:53:48] Scout (ATT WINS): att=0, def=0, losses=, spy_level=0, only_spies=false
[2026-06-18 20:53:48] Scout (ATT WINS): att=0, def=0, losses=, spy_level=0, only_spies=false
[2026-06-18 20:53:48] Scout (ATT WINS): att=0, def=0, losses=, spy_level=0, only_spies=false
[2026-06-18 20:53:48] Scout (DEF WINS): att=12, def=0, losses=0, spy_fails
[2026-06-18 20:53:48] Scout (ATT WINS): att=12, def=0, losses=0, spy_level=4, only_spies=false
[2026-06-18 20:53:48] Scout (ATT WINS): att=12, def=0, losses=0, spy_level=4, only_spies=false
[2026-06-18 20:53:48] Scout (ATT WINS): att=98, def=0, losses=0, spy_level=4, only_spies=true
[2026-06-18 20:53:48] Scout (ATT WINS): att=19, def=0, losses=0, spy_level=4, only_spies=true
[2026-06-18 20:53:48] Scout (ATT WINS): att=39, def=0, losses=0, spy_level=4, only_spies=true
[2026-06-18 20:53:48] Scout (ATT WINS): att=199, def=0, losses=0, spy_level=4, only_spies=true
[2026-06-18 20:53:48] Scout (ATT WINS): att=105, def=0, losses=0, spy_level=4, only_spies=true
[2026-06-18 20:53:48] Scout (ATT WINS): att=261, def=0, losses=0, spy_level=4, only_spies=true
[2026-06-18 20:53:48] Scout (ATT WINS): att=78, def=0, losses=0, spy_level=4, only_spies=true
[2026-06-18 20:53:48] Scout (ATT WINS): att=0, def=0, losses=, spy_level=0, only_spies=false
[2026-06-18 20:53:48] Scout (ATT WINS): att=0, def=0, losses=, spy_level=0, only_spies=false
[2026-06-18 20:53:48] Scout (ATT WINS): att=0, def=0, losses=, spy_level=0, only_spies=false
[2026-06-18 20:53:49] Scout (ATT WINS): att=0, def=0, losses=, spy_level=0, only_spies=false
[2026-06-18 20:53:49] Scout (ATT WINS): att=0, def=0, losses=, spy_level=0, only_spies=false
[2026-06-18 20:53:49] Scout (ATT WINS): att=0, def=0, losses=, spy_level=0, only_spies=false
[2026-06-18 20:53:49] Scout (ATT WINS): att=0, def=0, losses=, spy_level=0, only_spies=false
[2026-06-18 20:53:49] Scout (ATT WINS): att=0, def=0, losses=, spy_level=0, only_spies=false
[2026-06-18 20:53:49] Scout (ATT WINS): att=0, def=0, losses=, spy_level=0, only_spies=false
[2026-06-18 20:53:49] Scout (ATT WINS): att=0, def=0, losses=, spy_level=0, only_spies=false
[2026-06-18 20:53:49] Scout (ATT WINS): att=0, def=0, losses=, spy_level=0, only_spies=false
[2026-06-18 20:53:49] Scout (ATT WINS): att=0, def=0, losses=, spy_level=0, only_spies=false
[2026-06-18 20:53:49] Scout (ATT WINS): att=0, def=0, losses=, spy_level=0, only_spies=false
[2026-06-18 20:53:49] Scout (ATT WINS): att=0, def=0, losses=, spy_level=0, only_spies=false
[2026-06-18 20:53:49] Scout (ATT WINS): att=0, def=0, losses=, spy_level=0, only_spies=false
[2026-06-18 20:53:49] Scout (ATT WINS): att=0, def=0, losses=, spy_level=0, only_spies=false
[2026-06-18 20:53:49] Scout (ATT WINS): att=0, def=0, losses=, spy_level=0, only_spies=false
[2026-06-18 20:53:56] Scout (ATT WINS): att=51, def=0, losses=0, spy_level=4, only_spies=true
[2026-06-18 20:53:56] Scout (ATT WINS): att=49, def=0, losses=0, spy_level=4, only_spies=true
[2026-06-18 20:53:56] Scout (ATT WINS): att=16, def=0, losses=0, spy_level=4, only_spies=false
[2026-06-18 20:53:56] Scout (ATT WINS): att=33, def=0, losses=0, spy_level=4, only_spies=true
[2026-06-18 20:53:56] Scout (ATT WINS): att=0, def=0, losses=, spy_level=0, only_spies=false
[2026-06-18 20:53:56] Scout (ATT WINS): att=0, def=0, losses=, spy_level=0, only_spies=false
[2026-06-18 20:53:58] Scout (ATT WINS): att=12, def=0, losses=0, spy_level=4, only_spies=true
[2026-06-18 20:53:58] Scout (ATT WINS): att=147, def=0, losses=0, spy_level=4, only_spies=true
[2026-06-18 20:53:58] Scout (ATT WINS): att=19, def=0, losses=0, spy_level=4, only_spies=true
[2026-06-18 20:53:58] Scout (ATT WINS): att=13, def=0, losses=0, spy_level=4, only_spies=true
[2026-06-18 20:53:58] Scout (ATT WINS): att=199, def=0, losses=0, spy_level=4, only_spies=true
[2026-06-18 20:53:58] Scout (ATT WINS): att=35, def=0, losses=0, spy_level=4, only_spies=true
[2026-06-18 20:53:58] Scout (ATT WINS): att=87, def=0, losses=0, spy_level=4, only_spies=true
[2026-06-18 20:53:58] Scout (ATT WINS): att=39, def=0, losses=0, spy_level=4, only_spies=true
[2026-06-18 20:53:58] Scout (ATT WINS): att=64, def=0, losses=0, spy_level=4, only_spies=true
[2026-06-18 20:53:58] Scout (ATT WINS): att=0, def=0, losses=, spy_level=0, only_spies=false
[2026-06-18 20:53:58] Scout (ATT WINS): att=0, def=0, losses=, spy_level=0, only_spies=false
[2026-06-18 20:53:58] Scout (ATT WINS): att=0, def=0, losses=, spy_level=0, only_spies=false
[2026-06-18 20:53:58] Scout (ATT WINS): att=0, def=0, losses=, spy_level=0, only_spies=false
[2026-06-18 20:53:59] Scout (ATT WINS): att=10, def=0, losses=0, spy_level=4, only_spies=false
[2026-06-18 20:53:59] Scout (ATT WINS): att=10, def=0, losses=0, spy_level=4, only_spies=false
[2026-06-18 20:53:59] Scout (ATT WINS): att=10, def=0, losses=0, spy_level=4, only_spies=false
[2026-06-18 20:53:59] Scout (ATT WINS): att=10, def=0, losses=0, spy_level=4, only_spies=false
[2026-06-18 20:54:00] Scout (ATT WINS): att=13, def=0, losses=0, spy_level=4, only_spies=true
[2026-06-18 20:54:00] Scout (ATT WINS): att=57, def=0, losses=0, spy_level=4, only_spies=true
[2026-06-18 20:54:00] Scout (ATT WINS): att=87, def=0, losses=0, spy_level=4, only_spies=true
[2026-06-18 20:54:00] Scout (ATT WINS): att=35, def=0, losses=0, spy_level=4, only_spies=true
[2026-06-18 20:54:00] Scout (ATT WINS): att=39, def=0, losses=0, spy_level=4, only_spies=true
[2026-06-18 20:54:00] Scout (ATT WINS): att=72, def=0, losses=0, spy_level=4, only_spies=true
[2026-06-18 20:54:00] Scout (ATT WINS): att=16, def=0, losses=0, spy_level=4, only_spies=true
[2026-06-18 20:54:00] Scout (ATT WINS): att=0, def=0, losses=, spy_level=0, only_spies=false
[2026-06-18 20:54:00] Scout (ATT WINS): att=0, def=0, losses=, spy_level=0, only_spies=false
[2026-06-18 20:54:00] Scout (ATT WINS): att=0, def=0, losses=, spy_level=0, only_spies=false
[2026-06-18 20:54:01] Scout (ATT WINS): att=0, def=0, losses=, spy_level=0, only_spies=false
[2026-06-18 20:54:01] Scout (ATT WINS): att=147, def=0, losses=0, spy_level=4, only_spies=true
[2026-06-18 20:54:01] Scout (ATT WINS): att=33, def=0, losses=0, spy_level=4, only_spies=true
[2026-06-18 20:54:01] Scout (ATT WINS): att=16, def=0, losses=0, spy_level=4, only_spies=false
[2026-06-18 20:54:01] Scout (ATT WINS): att=16, def=0, losses=0, spy_level=4, only_spies=false
[2026-06-18 20:54:01] Scout (ATT WINS): att=16, def=0, losses=0, spy_level=4, only_spies=false
[2026-06-18 20:54:01] Scout (ATT WINS): att=0, def=0, losses=, spy_level=0, only_spies=false
[2026-06-18 20:54:01] Scout (ATT WINS): att=0, def=0, losses=, spy_level=0, only_spies=false
[2026-06-18 20:54:01] Scout (ATT WINS): att=0, def=0, losses=, spy_level=0, only_spies=false
[2026-06-18 20:54:01] Scout (ATT WINS): att=0, def=0, losses=, spy_level=0, only_spies=false
[2026-06-18 20:54:01] Scout (ATT WINS): att=0, def=0, losses=, spy_level=0, only_spies=false
[2026-06-18 20:54:03] Scout (ATT WINS): att=12, def=0, losses=0, spy_level=4, only_spies=true
[2026-06-18 20:54:03] Scout (ATT WINS): att=49, def=0, losses=0, spy_level=4, only_spies=true
[2026-06-18 20:54:03] Scout (ATT WINS): att=17, def=0, losses=0, spy_level=4, only_spies=true
[2026-06-18 20:54:03] Scout (ATT WINS): att=76, def=0, losses=0, spy_level=4, only_spies=true
[2026-06-18 20:54:03] Scout (ATT WINS): att=33, def=0, losses=0, spy_level=4, only_spies=true
[2026-06-18 20:54:03] Scout (ATT WINS): att=25, def=0, losses=0, spy_level=4, only_spies=false
[2026-06-18 20:54:03] Scout (ATT WINS): att=80, def=0, losses=0, spy_level=4, only_spies=true
[2026-06-18 20:54:03] Scout (ATT WINS): att=25, def=0, losses=0, spy_level=4, only_spies=false
[2026-06-18 20:54:03] Scout (ATT WINS): att=0, def=0, losses=, spy_level=0, only_spies=false
[2026-06-18 20:54:03] Scout (ATT WINS): att=0, def=0, losses=, spy_level=0, only_spies=false
[2026-06-18 20:54:04] Scout (ATT WINS): att=12, def=0, losses=0, spy_level=4, only_spies=true
[2026-06-18 20:54:04] Scout (ATT WINS): att=51, def=0, losses=0, spy_level=4, only_spies=true
[2026-06-18 20:54:04] Scout (ATT WINS): att=19, def=0, losses=0, spy_level=4, only_spies=true
[2026-06-18 20:54:04] Scout (ATT WINS): att=52, def=0, losses=0, spy_level=4, only_spies=true
[2026-06-18 20:54:04] Scout (ATT WINS): att=25, def=0, losses=0, spy_level=4, only_spies=false
[2026-06-18 20:54:04] Scout (ATT WINS): att=25, def=0, losses=0, spy_level=4, only_spies=false
[2026-06-18 20:54:04] Scout (ATT WINS): att=99, def=0, losses=0, spy_level=4, only_spies=true
[2026-06-18 20:54:04] Scout (ATT WINS): att=175, def=0, losses=0, spy_level=4, only_spies=true
[2026-06-18 20:54:05] Scout (ATT WINS): att=199, def=0, losses=0, spy_level=4, only_spies=true
[2026-06-18 20:54:05] Scout (ATT WINS): att=272, def=0, losses=0, spy_level=4, only_spies=true
[2026-06-18 20:54:06] Scout (ATT WINS): att=49, def=0, losses=0, spy_level=4, only_spies=true
[2026-06-18 20:54:06] Scout (ATT WINS): att=98, def=0, losses=0, spy_level=4, only_spies=true
[2026-06-18 20:54:06] Scout (ATT WINS): att=199, def=0, losses=0, spy_level=4, only_spies=true
[2026-06-18 20:54:06] Scout (ATT WINS): att=0, def=0, losses=, spy_level=0, only_spies=false
[2026-06-18 20:54:06] Scout (ATT WINS): att=0, def=0, losses=, spy_level=0, only_spies=false
[2026-06-18 20:54:06] Scout (ATT WINS): att=0, def=0, losses=, spy_level=0, only_spies=false
[2026-06-18 20:54:06] Scout (ATT WINS): att=0, def=0, losses=, spy_level=0, only_spies=false
[2026-06-18 20:54:06] Scout (ATT WINS): att=0, def=0, losses=, spy_level=0, only_spies=false
[2026-06-18 20:54:06] Scout (ATT WINS): att=0, def=0, losses=, spy_level=0, only_spies=false
[2026-06-18 20:54:06] Scout (ATT WINS): att=0, def=0, losses=, spy_level=0, only_spies=false
[2026-06-18 20:54:06] Scout (ATT WINS): att=0, def=0, losses=, spy_level=0, only_spies=false
[2026-06-18 20:54:08] Scout (ATT WINS): att=245, def=0, losses=0, spy_level=4, only_spies=true
[2026-06-18 20:54:08] Scout (ATT WINS): att=72, def=0, losses=0, spy_level=4, only_spies=true
[2026-06-18 20:54:08] Scout (ATT WINS): att=76, def=0, losses=0, spy_level=4, only_spies=true
[2026-06-18 20:54:08] Scout (ATT WINS): att=165, def=0, losses=0, spy_level=4, only_spies=true
[2026-06-18 20:54:08] Scout (ATT WINS): att=12, def=0, losses=0, spy_level=4, only_spies=true
[2026-06-18 20:54:08] Scout (ATT WINS): att=0, def=0, losses=, spy_level=0, only_spies=false
[2026-06-18 20:54:08] Scout (ATT WINS): att=0, def=0, losses=, spy_level=0, only_spies=false
[2026-06-18 20:54:08] Scout (ATT WINS): att=0, def=0, losses=, spy_level=0, only_spies=false
[2026-06-18 20:54:08] Scout (ATT WINS): att=0, def=0, losses=, spy_level=0, only_spies=false
[2026-06-18 20:54:09] Scout (DEF WINS): att=12, def=0, losses=0, spy_fails
[2026-06-18 20:54:09] Scout (ATT WINS): att=12, def=0, losses=0, spy_level=4, only_spies=false
[2026-06-18 20:54:09] Scout (ATT WINS): att=12, def=0, losses=0, spy_level=4, only_spies=false
[2026-06-18 20:54:09] Scout (ATT WINS): att=49, def=0, losses=0, spy_level=4, only_spies=true
[2026-06-18 20:54:09] Scout (ATT WINS): att=34, def=0, losses=0, spy_level=4, only_spies=true
[2026-06-18 20:54:09] Scout (ATT WINS): att=38, def=0, losses=0, spy_level=4, only_spies=true
[2026-06-18 20:54:09] Scout (ATT WINS): att=13, def=0, losses=0, spy_level=4, only_spies=true
[2026-06-18 20:54:09] Scout (ATT WINS): att=66, def=0, losses=0, spy_level=4, only_spies=true
[2026-06-18 20:54:09] Scout (ATT WINS): att=70, def=0, losses=0, spy_level=4, only_spies=true
[2026-06-18 20:54:09] Scout (ATT WINS): att=174, def=0, losses=0, spy_level=4, only_spies=true
[2026-06-18 20:54:10] Scout (ATT WINS): att=78, def=0, losses=0, spy_level=4, only_spies=true
[2026-06-18 20:54:10] Scout (ATT WINS): att=0, def=0, losses=, spy_level=0, only_spies=false
[2026-06-18 20:54:10] Scout (ATT WINS): att=0, def=0, losses=, spy_level=0, only_spies=false
[2026-06-18 20:54:10] Scout (ATT WINS): att=0, def=0, losses=, spy_level=0, only_spies=false
[2026-06-18 20:54:10] Scout (ATT WINS): att=0, def=0, losses=, spy_level=0, only_spies=false
[2026-06-18 20:54:11] Scout (ATT WINS): att=49, def=0, losses=0, spy_level=4, only_spies=true
[2026-06-18 20:54:11] Scout (ATT WINS): att=19, def=0, losses=0, spy_level=4, only_spies=true
[2026-06-18 20:54:11] Scout (ATT WINS): att=13, def=0, losses=0, spy_level=4, only_spies=true
[2026-06-18 20:54:11] Scout (ATT WINS): att=35, def=0, losses=0, spy_level=4, only_spies=true
[2026-06-18 20:54:11] Scout (ATT WINS): att=87, def=0, losses=0, spy_level=4, only_spies=true
[2026-06-18 20:54:11] Scout (ATT WINS): att=39, def=0, losses=0, spy_level=4, only_spies=true
[2026-06-18 20:54:11] Scout (ATT WINS): att=50, def=0, losses=0, spy_level=4, only_spies=false
[2026-06-18 20:54:11] Scout (ATT WINS): att=0, def=0, losses=, spy_level=0, only_spies=false
[2026-06-18 20:54:11] Scout (ATT WINS): att=0, def=0, losses=, spy_level=0, only_spies=false
[2026-06-18 20:54:11] Scout (ATT WINS): att=0, def=0, losses=, spy_level=0, only_spies=false
[2026-06-18 20:54:11] Scout (ATT WINS): att=0, def=0, losses=, spy_level=0, only_spies=false
[2026-06-18 20:54:11] Scout (ATT WINS): att=0, def=0, losses=, spy_level=0, only_spies=false
[2026-06-18 20:54:13] Scout (ATT WINS): att=34, def=0, losses=0, spy_level=4, only_spies=true
[2026-06-18 20:54:13] Scout (ATT WINS): att=49, def=0, losses=0, spy_level=4, only_spies=true
[2026-06-18 20:54:13] Scout (ATT WINS): att=33, def=0, losses=0, spy_level=4, only_spies=true
[2026-06-18 20:54:13] Scout (ATT WINS): att=16, def=0, losses=0, spy_level=4, only_spies=true
[2026-06-18 20:54:13] Scout (ATT WINS): att=48, def=0, losses=0, spy_level=4, only_spies=true
[2026-06-18 20:54:13] Scout (ATT WINS): att=49, def=0, losses=0, spy_level=4, only_spies=true
[2026-06-18 20:54:13] Scout (ATT WINS): att=13, def=0, losses=0, spy_level=4, only_spies=true
[2026-06-18 20:54:13] Scout (ATT WINS): att=0, def=0, losses=, spy_level=0, only_spies=false
[2026-06-18 20:54:13] Scout (ATT WINS): att=0, def=0, losses=, spy_level=0, only_spies=false
[2026-06-18 20:54:13] Scout (ATT WINS): att=0, def=0, losses=, spy_level=0, only_spies=false
[2026-06-18 20:54:13] Scout (ATT WINS): att=0, def=0, losses=, spy_level=0, only_spies=false
[2026-06-18 20:54:13] Scout (ATT WINS): att=0, def=0, losses=, spy_level=0, only_spies=false
[2026-06-18 20:54:13] Scout (ATT WINS): att=0, def=0, losses=, spy_level=0, only_spies=false
[2026-06-18 20:54:13] Scout (ATT WINS): att=0, def=0, losses=, spy_level=0, only_spies=false
[2026-06-18 20:54:14] Scout (ATT WINS): att=16, def=0, losses=0, spy_level=4, only_spies=false
[2026-06-18 20:54:14] Scout (ATT WINS): att=16, def=0, losses=0, spy_level=4, only_spies=false
[2026-06-18 20:54:14] Scout (ATT WINS): att=30, def=0, losses=0, spy_level=4, only_spies=true
[2026-06-18 20:54:15] Scout (ATT WINS): att=147, def=0, losses=0, spy_level=4, only_spies=true
[2026-06-18 20:54:15] Scout (ATT WINS): att=66, def=0, losses=0, spy_level=4, only_spies=true
[2026-06-18 20:54:15] Scout (ATT WINS): att=0, def=0, losses=, spy_level=0, only_spies=false
[2026-06-18 20:54:15] Scout (ATT WINS): att=0, def=0, losses=, spy_level=0, only_spies=false
[2026-06-18 20:54:16] Scout (ATT WINS): att=76, def=0, losses=0, spy_level=4, only_spies=true
[2026-06-18 20:54:16] Scout (ATT WINS): att=26, def=0, losses=0, spy_level=4, only_spies=true
[2026-06-18 20:54:16] Scout (ATT WINS): att=39, def=0, losses=0, spy_level=4, only_spies=true
[2026-06-18 20:54:16] Scout (ATT WINS): att=87, def=0, losses=0, spy_level=4, only_spies=true
[2026-06-18 20:54:16] Scout (ATT WINS): att=35, def=0, losses=0, spy_level=4, only_spies=true
[2026-06-18 20:54:16] Scout (ATT WINS): att=72, def=0, losses=0, spy_level=4, only_spies=true
[2026-06-18 20:54:16] Scout (ATT WINS): att=48, def=0, losses=0, spy_level=4, only_spies=true
[2026-06-18 20:54:17] Scout (ATT WINS): att=0, def=0, losses=, spy_level=0, only_spies=false
[2026-06-18 20:54:17] Scout (ATT WINS): att=0, def=0, losses=, spy_level=0, only_spies=false
[2026-06-18 20:54:17] Scout (ATT WINS): att=0, def=0, losses=, spy_level=0, only_spies=false
[2026-06-18 20:54:18] Scout (ATT WINS): att=13, def=0, losses=0, spy_level=4, only_spies=true
[2026-06-18 20:54:18] Scout (ATT WINS): att=19, def=0, losses=0, spy_level=4, only_spies=true
[2026-06-18 20:54:18] Scout (ATT WINS): att=72, def=0, losses=0, spy_level=4, only_spies=true
[2026-06-18 20:54:18] Scout (ATT WINS): att=70, def=0, losses=0, spy_level=4, only_spies=true
[2026-06-18 20:54:18] Scout (ATT WINS): att=174, def=0, losses=0, spy_level=4, only_spies=true
[2026-06-18 20:54:18] Scout (ATT WINS): att=78, def=0, losses=0, spy_level=4, only_spies=true
[2026-06-18 20:54:18] Scout (ATT WINS): att=93, def=0, losses=0, spy_level=4, only_spies=true
[2026-06-18 20:54:18] Scout (ATT WINS): att=24, def=0, losses=0, spy_level=4, only_spies=true
[2026-06-18 20:54:18] Scout (ATT WINS): att=147, def=0, losses=0, spy_level=4, only_spies=true
[2026-06-18 20:54:18] Scout (ATT WINS): att=17, def=0, losses=0, spy_level=4, only_spies=true
[2026-06-18 20:54:18] Scout (ATT WINS): att=33, def=0, losses=0, spy_level=4, only_spies=true
[2026-06-18 20:54:18] Scout (ATT WINS): att=199, def=0, losses=0, spy_level=4, only_spies=true
[2026-06-18 20:54:18] Scout (ATT WINS): att=0, def=0, losses=, spy_level=0, only_spies=false
[2026-06-18 20:54:18] Scout (ATT WINS): att=0, def=0, losses=, spy_level=0, only_spies=false
[2026-06-18 20:54:18] Scout (ATT WINS): att=0, def=0, losses=, spy_level=0, only_spies=false
[2026-06-18 20:54:18] Scout (ATT WINS): att=0, def=0, losses=, spy_level=0, only_spies=false
[2026-06-18 20:54:18] Scout (ATT WINS): att=0, def=0, losses=, spy_level=0, only_spies=false
[2026-06-18 20:54:19] Scout (ATT WINS): att=49, def=0, losses=0, spy_level=4, only_spies=true
[2026-06-18 20:54:19] Scout (ATT WINS): att=17, def=0, losses=0, spy_level=4, only_spies=true
[2026-06-18 20:54:19] Scout (ATT WINS): att=38, def=0, losses=0, spy_level=4, only_spies=true
[2026-06-18 20:54:19] Scout (ATT WINS): att=28, def=0, losses=0, spy_level=4, only_spies=true
[2026-06-18 20:54:19] Scout (ATT WINS): att=66, def=0, losses=0, spy_level=4, only_spies=true
[2026-06-18 20:54:19] Scout (ATT WINS): att=96, def=0, losses=0, spy_level=4, only_spies=true
[2026-06-18 20:54:19] Scout (ATT WINS): att=12, def=0, losses=0, spy_level=4, only_spies=true
[2026-06-18 20:54:19] Scout (ATT WINS): att=72, def=0, losses=0, spy_level=4, only_spies=true
[2026-06-18 20:54:19] Scout (ATT WINS): att=199, def=0, losses=0, spy_level=4, only_spies=true
[2026-06-18 20:54:19] Scout (ATT WINS): att=0, def=0, losses=, spy_level=0, only_spies=false
[2026-06-18 20:54:19] Scout (ATT WINS): att=0, def=0, losses=, spy_level=0, only_spies=false
[2026-06-18 20:54:19] Scout (ATT WINS): att=0, def=0, losses=, spy_level=0, only_spies=false
[2026-06-18 20:54:19] Scout (ATT WINS): att=0, def=0, losses=, spy_level=0, only_spies=false
[2026-06-18 20:54:19] Scout (ATT WINS): att=0, def=0, losses=, spy_level=0, only_spies=false
[2026-06-18 20:54:19] Scout (ATT WINS): att=0, def=0, losses=, spy_level=0, only_spies=false
[2026-06-18 20:54:19] Scout (ATT WINS): att=0, def=0, losses=, spy_level=0, only_spies=false
[2026-06-18 20:54:19] Scout (ATT WINS): att=0, def=0, losses=, spy_level=0, only_spies=false
[2026-06-18 20:54:19] Scout (ATT WINS): att=0, def=0, losses=, spy_level=0, only_spies=false
[2026-06-18 20:54:19] Scout (ATT WINS): att=0, def=0, losses=, spy_level=0, only_spies=false
[2026-06-18 20:54:19] Scout (ATT WINS): att=0, def=0, losses=, spy_level=0, only_spies=false
[2026-06-18 20:54:19] Scout (ATT WINS): att=0, def=0, losses=, spy_level=0, only_spies=false
[2026-06-18 20:54:19] Scout (ATT WINS): att=0, def=0, losses=, spy_level=0, only_spies=false
[2026-06-18 20:54:19] Scout (ATT WINS): att=0, def=0, losses=, spy_level=0, only_spies=false
[2026-06-18 20:54:20] Scout (ATT WINS): att=0, def=0, losses=, spy_level=0, only_spies=false
[2026-06-18 20:54:22] Scout (ATT WINS): att=10, def=0, losses=0, spy_level=4, only_spies=false
[2026-06-18 20:54:22] Scout (ATT WINS): att=16, def=0, losses=0, spy_level=4, only_spies=true
[2026-06-18 20:54:22] Scout (ATT WINS): att=10, def=0, losses=0, spy_level=4, only_spies=false
[2026-06-18 20:54:22] Scout (ATT WINS): att=10, def=0, losses=0, spy_level=4, only_spies=false
[2026-06-18 20:54:22] Scout (ATT WINS): att=10, def=0, losses=0, spy_level=4, only_spies=false
[2026-06-18 20:54:22] Scout (ATT WINS): att=10, def=0, losses=0, spy_level=4, only_spies=false
[2026-06-18 20:54:22] Scout (ATT WINS): att=13, def=0, losses=0, spy_level=4, only_spies=true
[2026-06-18 20:54:22] Scout (ATT WINS): att=0, def=0, losses=, spy_level=0, only_spies=false
[2026-06-18 20:54:22] Scout (ATT WINS): att=0, def=0, losses=, spy_level=0, only_spies=false
[2026-06-18 20:54:22] Scout (ATT WINS): att=0, def=0, losses=, spy_level=0, only_spies=false
[2026-06-18 20:54:22] Scout (ATT WINS): att=0, def=0, losses=, spy_level=0, only_spies=false
[2026-06-18 20:54:22] Scout (ATT WINS): att=0, def=0, losses=, spy_level=0, only_spies=false
[2026-06-18 20:54:26] Scout (ATT WINS): att=12, def=0, losses=0, spy_level=4, only_spies=true
[2026-06-18 20:54:26] Scout (ATT WINS): att=68, def=0, losses=0, spy_level=4, only_spies=true
[2026-06-18 20:54:26] Scout (ATT WINS): att=19, def=0, losses=0, spy_level=4, only_spies=true
[2026-06-18 20:54:26] Scout (ATT WINS): att=25, def=0, losses=0, spy_level=4, only_spies=false
[2026-06-18 20:54:26] Scout (ATT WINS): att=132, def=0, losses=0, spy_level=4, only_spies=true
[2026-06-18 20:54:26] Scout (ATT WINS): att=48, def=0, losses=0, spy_level=4, only_spies=true
[2026-06-18 20:54:26] Scout (ATT WINS): att=25, def=0, losses=0, spy_level=4, only_spies=false
[2026-06-18 20:54:27] Scout (ATT WINS): att=0, def=0, losses=, spy_level=0, only_spies=false
[2026-06-18 20:54:27] Scout (ATT WINS): att=199, def=0, losses=0, spy_level=4, only_spies=true
[2026-06-18 20:54:27] Scout (ATT WINS): att=10, def=0, losses=0, spy_level=4, only_spies=false
[2026-06-18 20:54:27] Scout (ATT WINS): att=199, def=0, losses=0, spy_level=4, only_spies=true
[2026-06-18 20:54:27] Scout (ATT WINS): att=10, def=0, losses=0, spy_level=4, only_spies=false
[2026-06-18 20:54:27] Scout (ATT WINS): att=10, def=0, losses=0, spy_level=4, only_spies=false
[2026-06-18 20:54:27] Scout (ATT WINS): att=10, def=0, losses=0, spy_level=4, only_spies=false
[2026-06-18 20:54:27] Scout (ATT WINS): att=10, def=0, losses=0, spy_level=4, only_spies=false
[2026-06-18 20:54:27] Scout (ATT WINS): att=0, def=0, losses=, spy_level=0, only_spies=false
[2026-06-18 20:54:27] Scout (ATT WINS): att=0, def=0, losses=, spy_level=0, only_spies=false
[2026-06-18 20:54:27] Scout (ATT WINS): att=0, def=0, losses=, spy_level=0, only_spies=false
[2026-06-18 20:54:27] Scout (ATT WINS): att=0, def=0, losses=, spy_level=0, only_spies=false
[2026-06-18 20:54:27] Scout (ATT WINS): att=0, def=0, losses=, spy_level=0, only_spies=false
[2026-06-18 20:54:27] Scout (ATT WINS): att=0, def=0, losses=, spy_level=0, only_spies=false
[2026-06-18 20:54:27] Scout (ATT WINS): att=0, def=0, losses=, spy_level=0, only_spies=false
[2026-06-18 20:54:27] Scout (ATT WINS): att=0, def=0, losses=, spy_level=0, only_spies=false
[2026-06-18 20:54:27] Scout (ATT WINS): att=0, def=0, losses=, spy_level=0, only_spies=false
[2026-06-18 20:54:27] Scout (ATT WINS): att=0, def=0, losses=, spy_level=0, only_spies=false
[2026-06-18 20:54:27] Scout (ATT WINS): att=0, def=0, losses=, spy_level=0, only_spies=false
[2026-06-18 20:54:27] Scout (ATT WINS): att=0, def=0, losses=, spy_level=0, only_spies=false
[2026-06-18 20:54:27] Scout (ATT WINS): att=0, def=0, losses=, spy_level=0, only_spies=false
[2026-06-18 20:54:34] Scout (ATT WINS): att=36, def=0, losses=0, spy_level=4, only_spies=true
[2026-06-18 20:54:34] Scout (ATT WINS): att=16, def=0, losses=0, spy_level=4, only_spies=true
[2026-06-18 20:54:34] Scout (ATT WINS): att=0, def=0, losses=, spy_level=0, only_spies=false
[2026-06-18 20:54:34] Scout (ATT WINS): att=0, def=0, losses=, spy_level=0, only_spies=false
[2026-06-18 20:54:34] Scout (ATT WINS): att=0, def=0, losses=, spy_level=0, only_spies=false
[2026-06-18 20:54:34] Scout (ATT WINS): att=0, def=0, losses=, spy_level=0, only_spies=false
[2026-06-18 20:54:34] Scout (ATT WINS): att=0, def=0, losses=, spy_level=0, only_spies=false
[2026-06-18 20:54:34] Scout (ATT WINS): att=0, def=0, losses=, spy_level=0, only_spies=false
[2026-06-18 20:54:35] Scout (ATT WINS): att=49, def=0, losses=0, spy_level=4, only_spies=true
[2026-06-18 20:54:35] Scout (ATT WINS): att=32, def=0, losses=0, spy_level=4, only_spies=true
[2026-06-18 20:54:35] Scout (ATT WINS): att=13, def=0, losses=0, spy_level=4, only_spies=true
[2026-06-18 20:54:35] Scout (ATT WINS): att=19, def=0, losses=0, spy_level=4, only_spies=true
[2026-06-18 20:54:35] Scout (ATT WINS): att=66, def=0, losses=0, spy_level=4, only_spies=true
[2026-06-18 20:54:35] Scout (ATT WINS): att=35, def=0, losses=0, spy_level=4, only_spies=true
[2026-06-18 20:54:35] Scout (ATT WINS): att=87, def=0, losses=0, spy_level=4, only_spies=true
[2026-06-18 20:54:35] Scout (ATT WINS): att=39, def=0, losses=0, spy_level=4, only_spies=true
[2026-06-18 20:54:35] Scout (ATT WINS): att=48, def=0, losses=0, spy_level=4, only_spies=true
[2026-06-18 20:54:37] Scout (ATT WINS): att=199, def=0, losses=0, spy_level=4, only_spies=true
[2026-06-18 20:54:37] Scout (ATT WINS): att=152, def=0, losses=0, spy_level=4, only_spies=true
[2026-06-18 20:54:37] Scout (ATT WINS): att=12, def=0, losses=0, spy_level=4, only_spies=false
[2026-06-18 20:54:37] Scout (ATT WINS): att=48, def=0, losses=0, spy_level=4, only_spies=true
[2026-06-18 20:54:37] Scout (ATT WINS): att=12, def=0, losses=0, spy_level=4, only_spies=false
[2026-06-18 20:54:37] Scout (ATT WINS): att=12, def=0, losses=0, spy_level=4, only_spies=false
[2026-06-18 20:54:37] Scout (ATT WINS): att=12, def=0, losses=0, spy_level=4, only_spies=false
[2026-06-18 20:54:37] Scout (ATT WINS): att=49, def=0, losses=0, spy_level=4, only_spies=true
[2026-06-18 20:54:37] Scout (ATT WINS): att=19, def=0, losses=0, spy_level=4, only_spies=true
[2026-06-18 20:54:37] Scout (ATT WINS): att=0, def=0, losses=, spy_level=0, only_spies=false
[2026-06-18 20:54:37] Scout (ATT WINS): att=0, def=0, losses=, spy_level=0, only_spies=false
[2026-06-18 20:54:37] Scout (ATT WINS): att=0, def=0, losses=, spy_level=0, only_spies=false
[2026-06-18 20:54:37] Scout (ATT WINS): att=0, def=0, losses=, spy_level=0, only_spies=false
[2026-06-18 20:54:39] Scout (ATT WINS): att=17, def=0, losses=0, spy_level=4, only_spies=true
[2026-06-18 20:54:39] Scout (ATT WINS): att=33, def=0, losses=0, spy_level=4, only_spies=true
[2026-06-18 20:54:39] Scout (ATT WINS): att=147, def=0, losses=0, spy_level=4, only_spies=true
[2026-06-18 20:54:39] Scout (ATT WINS): att=16, def=0, losses=0, spy_level=4, only_spies=true
[2026-06-18 20:54:39] Scout (ATT WINS): att=0, def=0, losses=, spy_level=0, only_spies=false
[2026-06-18 20:54:39] Scout (ATT WINS): att=0, def=0, losses=, spy_level=0, only_spies=false
[2026-06-18 20:54:39] Scout (ATT WINS): att=0, def=0, losses=, spy_level=0, only_spies=false
[2026-06-18 20:54:39] Scout (ATT WINS): att=0, def=0, losses=, spy_level=0, only_spies=false
[2026-06-18 20:54:39] Scout (ATT WINS): att=0, def=0, losses=, spy_level=0, only_spies=false
[2026-06-18 20:54:39] Scout (ATT WINS): att=0, def=0, losses=, spy_level=0, only_spies=false
[2026-06-18 20:54:39] Scout (ATT WINS): att=0, def=0, losses=, spy_level=0, only_spies=false
[2026-06-18 20:54:39] Scout (ATT WINS): att=0, def=0, losses=, spy_level=0, only_spies=false
[2026-06-18 20:54:40] Scout (ATT WINS): att=25, def=0, losses=0, spy_level=4, only_spies=false
[2026-06-18 20:54:40] Scout (ATT WINS): att=25, def=0, losses=0, spy_level=4, only_spies=false
[2026-06-18 20:54:40] Scout (ATT WINS): att=17, def=0, losses=0, spy_level=4, only_spies=true
[2026-06-18 20:54:40] Scout (ATT WINS): att=0, def=0, losses=, spy_level=0, only_spies=false
[2026-06-18 20:54:40] Scout (ATT WINS): att=0, def=0, losses=, spy_level=0, only_spies=false
[2026-06-18 20:54:42] Scout (ATT WINS): att=36, def=0, losses=0, spy_level=4, only_spies=true
[2026-06-18 20:54:42] Scout (ATT WINS): att=98, def=0, losses=0, spy_level=4, only_spies=true
[2026-06-18 20:54:42] Scout (ATT WINS): att=65, def=0, losses=0, spy_level=4, only_spies=true
[2026-06-18 20:54:42] Scout (ATT WINS): att=199, def=0, losses=0, spy_level=4, only_spies=true
[2026-06-18 20:54:42] Scout (ATT WINS): att=35, def=0, losses=0, spy_level=4, only_spies=true
[2026-06-18 20:54:42] Scout (ATT WINS): att=87, def=0, losses=0, spy_level=4, only_spies=true
[2026-06-18 20:54:42] Scout (ATT WINS): att=39, def=0, losses=0, spy_level=4, only_spies=true
[2026-06-18 20:54:42] Scout (ATT WINS): att=199, def=0, losses=0, spy_level=4, only_spies=true
[2026-06-18 20:54:42] Scout (ATT WINS): att=32, def=0, losses=0, spy_level=4, only_spies=true
[2026-06-18 20:54:42] Scout (ATT WINS): att=0, def=0, losses=, spy_level=0, only_spies=false
[2026-06-18 20:54:42] Scout (ATT WINS): att=0, def=0, losses=, spy_level=0, only_spies=false
[2026-06-18 20:54:43] Scout (ATT WINS): att=199, def=0, losses=0, spy_level=4, only_spies=true
[2026-06-18 20:54:43] Scout (ATT WINS): att=33, def=0, losses=0, spy_level=4, only_spies=true
[2026-06-18 20:54:43] Scout (ATT WINS): att=25, def=0, losses=0, spy_level=4, only_spies=false
[2026-06-18 20:54:43] Scout (ATT WINS): att=25, def=0, losses=0, spy_level=4, only_spies=false
[2026-06-18 20:54:43] Scout (ATT WINS): att=199, def=0, losses=0, spy_level=4, only_spies=true
[2026-06-18 20:54:43] Scout (ATT WINS): att=0, def=0, losses=, spy_level=0, only_spies=false
[2026-06-18 20:54:44] Scout (ATT WINS): att=0, def=0, losses=, spy_level=0, only_spies=false
[2026-06-18 20:54:44] Scout (ATT WINS): att=0, def=0, losses=, spy_level=0, only_spies=false
[2026-06-18 20:54:44] Scout (ATT WINS): att=0, def=0, losses=, spy_level=0, only_spies=false
[2026-06-18 20:54:44] Scout (ATT WINS): att=0, def=0, losses=, spy_level=0, only_spies=false
[2026-06-18 20:54:44] Scout (ATT WINS): att=0, def=0, losses=, spy_level=0, only_spies=false
[2026-06-18 20:54:44] Scout (ATT WINS): att=0, def=0, losses=, spy_level=0, only_spies=false
[2026-06-18 20:54:45] Scout (ATT WINS): att=49, def=0, losses=0, spy_level=4, only_spies=true
[2026-06-18 20:54:45] Scout (ATT WINS): att=17, def=0, losses=0, spy_level=4, only_spies=true
[2026-06-18 20:54:45] Scout (ATT WINS): att=33, def=0, losses=0, spy_level=4, only_spies=true
[2026-06-18 20:54:45] Scout (ATT WINS): att=199, def=0, losses=0, spy_level=4, only_spies=true
[2026-06-18 20:54:45] Scout (ATT WINS): att=16, def=0, losses=0, spy_level=4, only_spies=false
[2026-06-18 20:54:45] Scout (ATT WINS): att=0, def=0, losses=, spy_level=0, only_spies=false
[2026-06-18 20:54:45] Scout (ATT WINS): att=0, def=0, losses=, spy_level=0, only_spies=false
[2026-06-18 20:54:46] Scout (ATT WINS): att=72, def=0, losses=0, spy_level=4, only_spies=true
[2026-06-18 20:54:46] Scout (ATT WINS): att=199, def=0, losses=0, spy_level=4, only_spies=true
[2026-06-18 20:54:47] Scout (ATT WINS): att=78, def=0, losses=0, spy_level=4, only_spies=true
[2026-06-18 20:54:47] Scout (ATT WINS): att=24, def=0, losses=0, spy_level=4, only_spies=true
[2026-06-18 20:54:47] Scout (ATT WINS): att=68, def=0, losses=0, spy_level=4, only_spies=true
[2026-06-18 20:54:47] Scout (ATT WINS): att=49, def=0, losses=0, spy_level=4, only_spies=true
[2026-06-18 20:54:47] Scout (ATT WINS): att=197, def=0, losses=0, spy_level=4, only_spies=true
[2026-06-18 20:54:47] Scout (ATT WINS): att=25, def=0, losses=0, spy_level=4, only_spies=false
[2026-06-18 20:54:47] Scout (ATT WINS): att=99, def=0, losses=0, spy_level=4, only_spies=true
[2026-06-18 20:54:47] Scout (ATT WINS): att=16, def=0, losses=0, spy_level=4, only_spies=true
[2026-06-18 20:54:47] Scout (ATT WINS): att=25, def=0, losses=0, spy_level=4, only_spies=false
[2026-06-18 20:54:47] Scout (ATT WINS): att=0, def=0, losses=, spy_level=0, only_spies=false
[2026-06-18 20:54:47] Scout (ATT WINS): att=0, def=0, losses=, spy_level=0, only_spies=false
[2026-06-18 20:54:47] Scout (ATT WINS): att=0, def=0, losses=, spy_level=0, only_spies=false
[2026-06-18 20:54:47] Scout (ATT WINS): att=0, def=0, losses=, spy_level=0, only_spies=false
[2026-06-18 20:54:48] Scout (ATT WINS): att=12, def=0, losses=0, spy_level=4, only_spies=true
[2026-06-18 20:54:48] Scout (ATT WINS): att=68, def=0, losses=0, spy_level=4, only_spies=true
[2026-06-18 20:54:48] Scout (ATT WINS): att=57, def=0, losses=0, spy_level=4, only_spies=true
[2026-06-18 20:54:48] Scout (ATT WINS): att=25, def=0, losses=0, spy_level=4, only_spies=false
[2026-06-18 20:54:48] Scout (ATT WINS): att=199, def=0, losses=0, spy_level=4, only_spies=true
[2026-06-18 20:54:48] Scout (ATT WINS): att=156, def=0, losses=0, spy_level=4, only_spies=true
[2026-06-18 20:54:48] Scout (ATT WINS): att=25, def=0, losses=0, spy_level=4, only_spies=false
[2026-06-18 20:54:48] Scout (ATT WINS): att=229, def=0, losses=0, spy_level=4, only_spies=true
[2026-06-18 20:54:48] Scout (ATT WINS): att=16, def=0, losses=0, spy_level=4, only_spies=true
[2026-06-18 20:54:48] Scout (ATT WINS): att=0, def=0, losses=, spy_level=0, only_spies=false
[2026-06-18 20:54:50] Scout (ATT WINS): att=199, def=0, losses=0, spy_level=4, only_spies=true
[2026-06-18 20:54:50] Scout (ATT WINS): att=500, def=0, losses=0, spy_level=4, only_spies=true
[2026-06-18 20:54:50] Scout (ATT WINS): att=12, def=0, losses=0, spy_level=4, only_spies=true
[2026-06-18 20:54:50] Scout (ATT WINS): att=65, def=0, losses=0, spy_level=4, only_spies=true
[2026-06-18 20:54:50] Scout (ATT WINS): att=500, def=0, losses=0, spy_level=4, only_spies=true
[2026-06-18 20:54:50] Scout (ATT WINS): att=25, def=0, losses=0, spy_level=4, only_spies=false
[2026-06-18 20:54:50] Scout (ATT WINS): att=0, def=0, losses=, spy_level=0, only_spies=false
[2026-06-18 20:54:50] Scout (ATT WINS): att=0, def=0, losses=, spy_level=0, only_spies=false
[2026-06-18 20:54:50] Scout (ATT WINS): att=0, def=0, losses=, spy_level=0, only_spies=false
[2026-06-18 20:54:50] Scout (ATT WINS): att=0, def=0, losses=, spy_level=0, only_spies=false
[2026-06-18 20:54:50] Scout (ATT WINS): att=0, def=0, losses=, spy_level=0, only_spies=false
[2026-06-18 20:54:50] Scout (ATT WINS): att=0, def=0, losses=, spy_level=0, only_spies=false
[2026-06-18 20:54:50] Scout (ATT WINS): att=0, def=0, losses=, spy_level=0, only_spies=false
[2026-06-18 20:54:50] Scout (ATT WINS): att=0, def=0, losses=, spy_level=0, only_spies=false
[2026-06-18 20:54:50] Scout (ATT WINS): att=0, def=0, losses=, spy_level=0, only_spies=false
[2026-06-18 20:54:50] Scout (ATT WINS): att=0, def=0, losses=, spy_level=0, only_spies=false
[2026-06-18 20:54:50] Scout (ATT WINS): att=0, def=0, losses=, spy_level=0, only_spies=false
[2026-06-18 20:54:50] Scout (ATT WINS): att=0, def=0, losses=, spy_level=0, only_spies=false
[2026-06-18 20:54:50] Scout (ATT WINS): att=0, def=0, losses=, spy_level=0, only_spies=false
[2026-06-18 20:54:50] Scout (ATT WINS): att=0, def=0, losses=, spy_level=0, only_spies=false
[2026-06-18 20:54:52] Scout (ATT WINS): att=49, def=0, losses=0, spy_level=4, only_spies=true
[2026-06-18 20:54:52] Scout (ATT WINS): att=80, def=0, losses=0, spy_level=4, only_spies=true
[2026-06-18 20:54:52] Scout (ATT WINS): att=19, def=0, losses=0, spy_level=4, only_spies=true
[2026-06-18 20:54:52] Scout (ATT WINS): att=70, def=0, losses=0, spy_level=4, only_spies=true
[2026-06-18 20:54:52] Scout (ATT WINS): att=78, def=0, losses=0, spy_level=4, only_spies=true
[2026-06-18 20:54:52] Scout (ATT WINS): att=0, def=0, losses=, spy_level=0, only_spies=false
[2026-06-18 20:54:53] Scout (ATT WINS): att=12, def=0, losses=0, spy_level=4, only_spies=true
[2026-06-18 20:54:53] Scout (ATT WINS): att=49, def=0, losses=0, spy_level=4, only_spies=true
[2026-06-18 20:54:53] Scout (ATT WINS): att=10, def=0, losses=0, spy_level=4, only_spies=false
[2026-06-18 20:54:53] Scout (ATT WINS): att=233, def=0, losses=0, spy_level=4, only_spies=true
[2026-06-18 20:54:53] Scout (ATT WINS): att=32, def=0, losses=0, spy_level=4, only_spies=true
[2026-06-18 20:54:53] Scout (ATT WINS): att=10, def=0, losses=0, spy_level=4, only_spies=false
[2026-06-18 20:54:53] Scout (ATT WINS): att=10, def=0, losses=0, spy_level=4, only_spies=false
[2026-06-18 20:54:53] Scout (ATT WINS): att=10, def=0, losses=0, spy_level=4, only_spies=false
[2026-06-18 20:54:53] Scout (ATT WINS): att=10, def=0, losses=0, spy_level=4, only_spies=false
[2026-06-18 20:54:53] Scout (ATT WINS): att=49, def=0, losses=0, spy_level=4, only_spies=true
[2026-06-18 20:54:53] Scout (ATT WINS): att=0, def=0, losses=, spy_level=0, only_spies=false
[2026-06-18 20:54:53] Scout (ATT WINS): att=0, def=0, losses=, spy_level=0, only_spies=false
[2026-06-18 20:54:53] Scout (ATT WINS): att=0, def=0, losses=, spy_level=0, only_spies=false
[2026-06-18 20:54:53] Scout (ATT WINS): att=0, def=0, losses=, spy_level=0, only_spies=false
[2026-06-18 20:54:53] Scout (ATT WINS): att=0, def=0, losses=, spy_level=0, only_spies=false
[2026-06-18 20:54:53] Scout (ATT WINS): att=0, def=0, losses=, spy_level=0, only_spies=false
[2026-06-18 20:54:55] Scout (ATT WINS): att=49, def=0, losses=0, spy_level=4, only_spies=true
[2026-06-18 20:54:55] Scout (ATT WINS): att=98, def=0, losses=0, spy_level=4, only_spies=true
[2026-06-18 20:54:55] Scout (ATT WINS): att=99, def=0, losses=0, spy_level=4, only_spies=true
[2026-06-18 20:54:55] Scout (ATT WINS): att=16, def=0, losses=0, spy_level=4, only_spies=true
[2026-06-18 20:54:55] Scout (ATT WINS): att=12, def=0, losses=0, spy_level=4, only_spies=true
[2026-06-18 20:54:55] Scout (ATT WINS): att=0, def=0, losses=, spy_level=0, only_spies=false
[2026-06-18 20:54:55] Scout (ATT WINS): att=0, def=0, losses=, spy_level=0, only_spies=false
[2026-06-18 20:54:55] Scout (ATT WINS): att=0, def=0, losses=, spy_level=0, only_spies=false
[2026-06-18 20:54:55] Scout (ATT WINS): att=0, def=0, losses=, spy_level=0, only_spies=false
[2026-06-18 20:54:56] Scout (ATT WINS): att=72, def=0, losses=0, spy_level=4, only_spies=true
[2026-06-18 20:54:56] Scout (ATT WINS): att=87, def=0, losses=0, spy_level=4, only_spies=true
[2026-06-18 20:54:56] Scout (ATT WINS): att=35, def=0, losses=0, spy_level=4, only_spies=true
[2026-06-18 20:54:56] Scout (ATT WINS): att=39, def=0, losses=0, spy_level=4, only_spies=true
[2026-06-18 20:54:56] Scout (ATT WINS): att=12, def=0, losses=0, spy_level=4, only_spies=false
[2026-06-18 20:54:56] Scout (ATT WINS): att=12, def=0, losses=0, spy_level=4, only_spies=false
[2026-06-18 20:54:56] Scout (ATT WINS): att=10, def=0, losses=0, spy_level=4, only_spies=false
[2026-06-18 20:54:56] Scout (ATT WINS): att=12, def=0, losses=0, spy_level=4, only_spies=false
[2026-06-18 20:54:56] Scout (ATT WINS): att=10, def=0, losses=0, spy_level=4, only_spies=false
[2026-06-18 20:54:57] Scout (ATT WINS): att=12, def=0, losses=0, spy_level=4, only_spies=false
[2026-06-18 20:54:57] Scout (ATT WINS): att=10, def=0, losses=0, spy_level=4, only_spies=false
[2026-06-18 20:54:57] Scout (ATT WINS): att=10, def=0, losses=0, spy_level=4, only_spies=false
[2026-06-18 20:54:57] Scout (ATT WINS): att=10, def=0, losses=0, spy_level=4, only_spies=false
[2026-06-18 20:54:57] Scout (ATT WINS): att=0, def=0, losses=, spy_level=0, only_spies=false
[2026-06-18 20:54:57] Scout (ATT WINS): att=0, def=0, losses=, spy_level=0, only_spies=false
[2026-06-18 20:54:57] Scout (ATT WINS): att=0, def=0, losses=, spy_level=0, only_spies=false
[2026-06-18 20:54:57] Scout (ATT WINS): att=0, def=0, losses=, spy_level=0, only_spies=false
[2026-06-18 20:54:57] Scout (ATT WINS): att=0, def=0, losses=, spy_level=0, only_spies=false
[2026-06-18 20:54:58] Scout (ATT WINS): att=38, def=0, losses=0, spy_level=4, only_spies=true
[2026-06-18 20:54:58] Scout (ATT WINS): att=13, def=0, losses=0, spy_level=4, only_spies=true
[2026-06-18 20:54:58] Scout (ATT WINS): att=72, def=0, losses=0, spy_level=4, only_spies=true
[2026-06-18 20:54:58] Scout (ATT WINS): att=87, def=0, losses=0, spy_level=4, only_spies=true
[2026-06-18 20:54:58] Scout (ATT WINS): att=35, def=0, losses=0, spy_level=4, only_spies=true
[2026-06-18 20:54:58] Scout (ATT WINS): att=39, def=0, losses=0, spy_level=4, only_spies=true
[2026-06-18 20:54:58] Scout (ATT WINS): att=48, def=0, losses=0, spy_level=4, only_spies=true
[2026-06-18 20:54:58] Scout (ATT WINS): att=0, def=0, losses=, spy_level=0, only_spies=false
[2026-06-18 20:54:58] Scout (ATT WINS): att=0, def=0, losses=, spy_level=0, only_spies=false
[2026-06-18 20:54:58] Scout (ATT WINS): att=0, def=0, losses=, spy_level=0, only_spies=false
[2026-06-18 20:54:58] Scout (ATT WINS): att=0, def=0, losses=, spy_level=0, only_spies=false
[2026-06-18 20:54:58] Scout (ATT WINS): att=0, def=0, losses=, spy_level=0, only_spies=false
[2026-06-18 20:54:59] Scout (ATT WINS): att=0, def=0, losses=, spy_level=0, only_spies=false
[2026-06-18 20:54:59] Scout (ATT WINS): att=0, def=0, losses=, spy_level=0, only_spies=false
[2026-06-18 20:54:59] Scout (ATT WINS): att=0, def=0, losses=, spy_level=0, only_spies=false
[2026-06-18 20:55:00] Scout (ATT WINS): att=12, def=0, losses=0, spy_level=4, only_spies=true
[2026-06-18 20:55:00] Scout (ATT WINS): att=19, def=0, losses=0, spy_level=4, only_spies=true
[2026-06-18 20:55:00] Scout (ATT WINS): att=26, def=0, losses=0, spy_level=4, only_spies=true
[2026-06-18 20:55:00] Scout (ATT WINS): att=72, def=0, losses=0, spy_level=4, only_spies=true
[2026-06-18 20:55:00] Scout (ATT WINS): att=87, def=0, losses=0, spy_level=4, only_spies=true
[2026-06-18 20:55:00] Scout (ATT WINS): att=70, def=0, losses=0, spy_level=4, only_spies=true
[2026-06-18 20:55:00] Scout (ATT WINS): att=78, def=0, losses=0, spy_level=4, only_spies=true
[2026-06-18 20:55:00] Scout (ATT WINS): att=16, def=0, losses=0, spy_level=4, only_spies=true
[2026-06-18 20:55:00] Scout (ATT WINS): att=17, def=0, losses=0, spy_level=4, only_spies=true
[2026-06-18 20:55:00] Scout (ATT WINS): att=98, def=0, losses=0, spy_level=4, only_spies=true
[2026-06-18 20:55:00] Scout (ATT WINS): att=198, def=0, losses=0, spy_level=4, only_spies=true
[2026-06-18 20:55:00] Scout (ATT WINS): att=500, def=0, losses=0, spy_level=4, only_spies=true
[2026-06-18 20:55:00] Scout (ATT WINS): att=72, def=0, losses=0, spy_level=4, only_spies=true
[2026-06-18 20:55:00] Scout (ATT WINS): att=0, def=0, losses=, spy_level=0, only_spies=false
[2026-06-18 20:55:00] Scout (ATT WINS): att=0, def=0, losses=, spy_level=0, only_spies=false
[2026-06-18 20:55:00] Scout (ATT WINS): att=0, def=0, losses=, spy_level=0, only_spies=false
[2026-06-18 20:55:00] Scout (ATT WINS): att=0, def=0, losses=, spy_level=0, only_spies=false
[2026-06-18 20:55:00] Scout (ATT WINS): att=0, def=0, losses=, spy_level=0, only_spies=false
[2026-06-18 20:55:00] Scout (ATT WINS): att=0, def=0, losses=, spy_level=0, only_spies=false
[2026-06-18 20:55:02] Scout (ATT WINS): att=49, def=0, losses=0, spy_level=4, only_spies=true
[2026-06-18 20:55:02] Scout (ATT WINS): att=34, def=0, losses=0, spy_level=4, only_spies=true
[2026-06-18 20:55:02] Scout (ATT WINS): att=38, def=0, losses=0, spy_level=4, only_spies=true
[2026-06-18 20:55:02] Scout (ATT WINS): att=10, def=0, losses=0, spy_level=4, only_spies=false
[2026-06-18 20:55:02] Scout (ATT WINS): att=66, def=0, losses=0, spy_level=4, only_spies=true
[2026-06-18 20:55:02] Scout (ATT WINS): att=10, def=0, losses=0, spy_level=4, only_spies=false
[2026-06-18 20:55:02] Scout (ATT WINS): att=10, def=0, losses=0, spy_level=4, only_spies=false
[2026-06-18 20:55:02] Scout (ATT WINS): att=10, def=0, losses=0, spy_level=4, only_spies=false
[2026-06-18 20:55:02] Scout (ATT WINS): att=10, def=0, losses=0, spy_level=4, only_spies=false
[2026-06-18 20:55:02] Scout (ATT WINS): att=12, def=0, losses=0, spy_level=4, only_spies=true
[2026-06-18 20:55:02] Scout (ATT WINS): att=0, def=0, losses=, spy_level=0, only_spies=false
[2026-06-18 20:55:03] Scout (ATT WINS): att=72, def=0, losses=0, spy_level=4, only_spies=true
[2026-06-18 20:55:03] Scout (ATT WINS): att=87, def=0, losses=0, spy_level=4, only_spies=true
[2026-06-18 20:55:03] Scout (ATT WINS): att=49, def=0, losses=0, spy_level=4, only_spies=true
[2026-06-18 20:55:03] Scout (ATT WINS): att=80, def=0, losses=0, spy_level=4, only_spies=true
[2026-06-18 20:55:03] Scout (ATT WINS): att=49, def=0, losses=0, spy_level=4, only_spies=true
[2026-06-18 20:55:03] Scout (ATT WINS): att=17, def=0, losses=0, spy_level=4, only_spies=true
[2026-06-18 20:55:03] Scout (ATT WINS): att=19, def=0, losses=0, spy_level=4, only_spies=true
[2026-06-18 20:55:03] Scout (ATT WINS): att=33, def=0, losses=0, spy_level=4, only_spies=true
[2026-06-18 20:55:03] Scout (ATT WINS): att=25, def=0, losses=0, spy_level=4, only_spies=false
[2026-06-18 20:55:04] Scout (ATT WINS): att=140, def=0, losses=0, spy_level=4, only_spies=true
[2026-06-18 20:55:04] Scout (ATT WINS): att=234, def=0, losses=0, spy_level=4, only_spies=true
[2026-06-18 20:55:04] Scout (ATT WINS): att=25, def=0, losses=0, spy_level=4, only_spies=false
[2026-06-18 20:55:04] Scout (ATT WINS): att=0, def=0, losses=, spy_level=0, only_spies=false
[2026-06-18 20:55:04] Scout (ATT WINS): att=0, def=0, losses=, spy_level=0, only_spies=false
[2026-06-18 20:55:04] Scout (ATT WINS): att=0, def=0, losses=, spy_level=0, only_spies=false
[2026-06-18 20:55:04] Scout (ATT WINS): att=0, def=0, losses=, spy_level=0, only_spies=false
[2026-06-18 20:55:04] Scout (ATT WINS): att=0, def=0, losses=, spy_level=0, only_spies=false
[2026-06-18 20:55:05] Scout (ATT WINS): att=19, def=0, losses=0, spy_level=4, only_spies=true
[2026-06-18 20:55:05] Scout (ATT WINS): att=13, def=0, losses=0, spy_level=4, only_spies=true
[2026-06-18 20:55:05] Scout (ATT WINS): att=35, def=0, losses=0, spy_level=4, only_spies=true
[2026-06-18 20:55:05] Scout (ATT WINS): att=39, def=0, losses=0, spy_level=4, only_spies=true
[2026-06-18 20:55:05] Scout (ATT WINS): att=25, def=0, losses=0, spy_level=4, only_spies=false
[2026-06-18 20:55:05] Scout (ATT WINS): att=12, def=0, losses=0, spy_level=4, only_spies=false
[2026-06-18 20:55:05] Scout (ATT WINS): att=460, def=0, losses=0, spy_level=4, only_spies=true
[2026-06-18 20:55:05] Scout (ATT WINS): att=25, def=0, losses=0, spy_level=4, only_spies=false
[2026-06-18 20:55:05] Scout (ATT WINS): att=12, def=0, losses=0, spy_level=4, only_spies=false
[2026-06-18 20:55:05] Scout (ATT WINS): att=12, def=0, losses=0, spy_level=4, only_spies=false
[2026-06-18 20:55:05] Scout (ATT WINS): att=12, def=0, losses=0, spy_level=4, only_spies=false
[2026-06-18 20:55:05] Scout (ATT WINS): att=0, def=0, losses=, spy_level=0, only_spies=false
[2026-06-18 20:55:05] Scout (ATT WINS): att=0, def=0, losses=, spy_level=0, only_spies=false
[2026-06-18 20:55:05] Scout (ATT WINS): att=0, def=0, losses=, spy_level=0, only_spies=false
[2026-06-18 20:55:05] Scout (ATT WINS): att=0, def=0, losses=, spy_level=0, only_spies=false
[2026-06-18 20:55:05] Scout (ATT WINS): att=0, def=0, losses=, spy_level=0, only_spies=false
[2026-06-18 20:55:07] Scout (ATT WINS): att=98, def=0, losses=0, spy_level=4, only_spies=true
[2026-06-18 20:55:07] Scout (ATT WINS): att=38, def=0, losses=0, spy_level=4, only_spies=true
[2026-06-18 20:55:07] Scout (ATT WINS): att=26, def=0, losses=0, spy_level=4, only_spies=true
[2026-06-18 20:55:07] Scout (ATT WINS): att=35, def=0, losses=0, spy_level=4, only_spies=true
[2026-06-18 20:55:07] Scout (ATT WINS): att=39, def=0, losses=0, spy_level=4, only_spies=true
[2026-06-18 20:55:07] Scout (ATT WINS): att=87, def=0, losses=0, spy_level=4, only_spies=true
[2026-06-18 20:55:07] Scout (ATT WINS): att=25, def=0, losses=0, spy_level=4, only_spies=false
[2026-06-18 20:55:07] Scout (ATT WINS): att=0, def=0, losses=, spy_level=0, only_spies=false
[2026-06-18 20:55:07] Scout (ATT WINS): att=0, def=0, losses=, spy_level=0, only_spies=false
[2026-06-18 20:55:07] Scout (ATT WINS): att=0, def=0, losses=, spy_level=0, only_spies=false
[2026-06-18 20:55:07] Scout (ATT WINS): att=0, def=0, losses=, spy_level=0, only_spies=false
[2026-06-18 20:55:08] Scout (ATT WINS): att=98, def=0, losses=0, spy_level=4, only_spies=true
[2026-06-18 20:55:08] Scout (ATT WINS): att=33, def=0, losses=0, spy_level=4, only_spies=true
[2026-06-18 20:55:08] Scout (ATT WINS): att=16, def=0, losses=0, spy_level=4, only_spies=true
[2026-06-18 20:55:08] Scout (ATT WINS): att=49, def=0, losses=0, spy_level=4, only_spies=true
[2026-06-18 20:55:08] Scout (ATT WINS): att=95, def=0, losses=0, spy_level=4, only_spies=true
[2026-06-18 20:55:08] Scout (ATT WINS): att=0, def=0, losses=, spy_level=0, only_spies=false
[2026-06-18 20:55:09] Scout (ATT WINS): att=0, def=0, losses=, spy_level=0, only_spies=false
[2026-06-18 20:55:09] Scout (ATT WINS): att=0, def=0, losses=, spy_level=0, only_spies=false
[2026-06-18 20:55:09] Scout (ATT WINS): att=0, def=0, losses=, spy_level=0, only_spies=false
[2026-06-18 20:55:09] Scout (ATT WINS): att=0, def=0, losses=, spy_level=0, only_spies=false
[2026-06-18 20:55:10] Scout (ATT WINS): att=36, def=0, losses=0, spy_level=4, only_spies=true
[2026-06-18 20:55:10] Scout (ATT WINS): att=17, def=0, losses=0, spy_level=4, only_spies=true
[2026-06-18 20:55:10] Scout (ATT WINS): att=49, def=0, losses=0, spy_level=4, only_spies=true
[2026-06-18 20:55:10] Scout (ATT WINS): att=33, def=0, losses=0, spy_level=4, only_spies=true
[2026-06-18 20:55:10] Scout (ATT WINS): att=16, def=0, losses=0, spy_level=4, only_spies=true
[2026-06-18 20:55:10] Scout (ATT WINS): att=25, def=0, losses=0, spy_level=4, only_spies=false
[2026-06-18 20:55:10] Scout (ATT WINS): att=25, def=0, losses=0, spy_level=4, only_spies=false
[2026-06-18 20:55:10] Scout (ATT WINS): att=0, def=0, losses=, spy_level=0, only_spies=false
[2026-06-18 20:55:10] Scout (ATT WINS): att=0, def=0, losses=, spy_level=0, only_spies=false
[2026-06-18 20:55:11] Scout (ATT WINS): att=72, def=0, losses=0, spy_level=4, only_spies=true
[2026-06-18 20:55:11] Scout (ATT WINS): att=65, def=0, losses=0, spy_level=4, only_spies=true
[2026-06-18 20:55:11] Scout (ATT WINS): att=35, def=0, losses=0, spy_level=4, only_spies=true
[2026-06-18 20:55:11] Scout (ATT WINS): att=39, def=0, losses=0, spy_level=4, only_spies=true
[2026-06-18 20:55:12] Scout (ATT WINS): att=261, def=0, losses=0, spy_level=4, only_spies=true
[2026-06-18 20:55:12] Scout (ATT WINS): att=12, def=0, losses=0, spy_level=4, only_spies=true
[2026-06-18 20:55:12] Scout (ATT WINS): att=48, def=0, losses=0, spy_level=4, only_spies=true
[2026-06-18 20:55:12] Scout (ATT WINS): att=0, def=0, losses=, spy_level=0, only_spies=false
[2026-06-18 20:55:12] Scout (ATT WINS): att=0, def=0, losses=, spy_level=0, only_spies=false
[2026-06-18 20:55:12] Scout (ATT WINS): att=0, def=0, losses=, spy_level=0, only_spies=false
[2026-06-18 20:55:12] Scout (ATT WINS): att=0, def=0, losses=, spy_level=0, only_spies=false
[2026-06-18 20:55:12] Scout (ATT WINS): att=0, def=0, losses=, spy_level=0, only_spies=false
[2026-06-18 20:55:12] Scout (ATT WINS): att=0, def=0, losses=, spy_level=0, only_spies=false
[2026-06-18 20:55:13] Scout (ATT WINS): att=38, def=0, losses=0, spy_level=4, only_spies=true
[2026-06-18 20:55:13] Scout (ATT WINS): att=13, def=0, losses=0, spy_level=4, only_spies=true
[2026-06-18 20:55:13] Scout (ATT WINS): att=199, def=0, losses=0, spy_level=4, only_spies=true
[2026-06-18 20:55:13] Scout (ATT WINS): att=87, def=0, losses=0, spy_level=4, only_spies=true
[2026-06-18 20:55:13] Scout (ATT WINS): att=35, def=0, losses=0, spy_level=4, only_spies=true
[2026-06-18 20:55:13] Scout (ATT WINS): att=39, def=0, losses=0, spy_level=4, only_spies=true
[2026-06-18 20:55:13] Scout (ATT WINS): att=0, def=0, losses=, spy_level=0, only_spies=false
[2026-06-18 20:55:13] Scout (ATT WINS): att=0, def=0, losses=, spy_level=0, only_spies=false
[2026-06-18 20:55:13] Scout (ATT WINS): att=0, def=0, losses=, spy_level=0, only_spies=false
[2026-06-18 20:55:13] Scout (ATT WINS): att=0, def=0, losses=, spy_level=0, only_spies=false
[2026-06-18 20:55:13] Scout (ATT WINS): att=0, def=0, losses=, spy_level=0, only_spies=false
[2026-06-18 20:55:14] Scout (ATT WINS): att=0, def=0, losses=, spy_level=0, only_spies=false
[2026-06-18 20:55:15] Scout (ATT WINS): att=84, def=0, losses=0, spy_level=4, only_spies=true
[2026-06-18 20:55:15] Scout (ATT WINS): att=98, def=0, losses=0, spy_level=4, only_spies=true
[2026-06-18 20:55:15] Scout (ATT WINS): att=19, def=0, losses=0, spy_level=4, only_spies=true
[2026-06-18 20:55:15] Scout (ATT WINS): att=26, def=0, losses=0, spy_level=4, only_spies=true
[2026-06-18 20:55:15] Scout (ATT WINS): att=0, def=0, losses=, spy_level=0, only_spies=false
[2026-06-18 20:55:15] Scout (ATT WINS): att=0, def=0, losses=, spy_level=0, only_spies=false
[2026-06-18 20:55:15] Scout (ATT WINS): att=0, def=0, losses=, spy_level=0, only_spies=false
[2026-06-18 20:55:15] Scout (ATT WINS): att=0, def=0, losses=, spy_level=0, only_spies=false
[2026-06-18 20:55:16] Scout (ATT WINS): att=17, def=0, losses=0, spy_level=4, only_spies=true
[2026-06-18 20:55:16] Scout (ATT WINS): att=49, def=0, losses=0, spy_level=4, only_spies=true
[2026-06-18 20:55:16] Scout (DEF WINS): att=12, def=0, losses=0, spy_fails
[2026-06-18 20:55:16] Scout (ATT WINS): att=33, def=0, losses=0, spy_level=4, only_spies=true
[2026-06-18 20:55:16] Scout (ATT WINS): att=12, def=0, losses=0, spy_level=4, only_spies=false
[2026-06-18 20:55:16] Scout (ATT WINS): att=12, def=0, losses=0, spy_level=4, only_spies=false
[2026-06-18 20:55:16] Scout (ATT WINS): att=12, def=0, losses=0, spy_level=4, only_spies=false
[2026-06-18 20:55:17] Scout (ATT WINS): att=12, def=0, losses=0, spy_level=4, only_spies=true
[2026-06-18 20:55:17] Scout (ATT WINS): att=49, def=0, losses=0, spy_level=4, only_spies=true
[2026-06-18 20:55:17] Scout (ATT WINS): att=19, def=0, losses=0, spy_level=4, only_spies=true
[2026-06-18 20:55:17] Scout (ATT WINS): att=13, def=0, losses=0, spy_level=4, only_spies=true
[2026-06-18 20:55:17] Scout (ATT WINS): att=26, def=0, losses=0, spy_level=4, only_spies=true
[2026-06-18 20:55:17] Scout (ATT WINS): att=35, def=0, losses=0, spy_level=4, only_spies=true
[2026-06-18 20:55:17] Scout (ATT WINS): att=39, def=0, losses=0, spy_level=4, only_spies=true
[2026-06-18 20:55:17] Scout (ATT WINS): att=144, def=0, losses=0, spy_level=4, only_spies=true
[2026-06-18 20:55:17] Scout (ATT WINS): att=373, def=0, losses=0, spy_level=4, only_spies=true
[2026-06-18 20:55:17] Scout (ATT WINS): att=48, def=0, losses=0, spy_level=4, only_spies=true
[2026-06-18 20:55:17] Scout (ATT WINS): att=17, def=0, losses=0, spy_level=4, only_spies=true
[2026-06-18 20:55:17] Scout (ATT WINS): att=98, def=0, losses=0, spy_level=4, only_spies=true
[2026-06-18 20:55:17] Scout (ATT WINS): att=99, def=0, losses=0, spy_level=4, only_spies=true
[2026-06-18 20:55:17] Scout (ATT WINS): att=25, def=0, losses=0, spy_level=4, only_spies=false
[2026-06-18 20:55:17] Scout (ATT WINS): att=0, def=0, losses=, spy_level=0, only_spies=false
[2026-06-18 20:55:17] Scout (ATT WINS): att=0, def=0, losses=, spy_level=0, only_spies=false
[2026-06-18 20:55:17] Scout (ATT WINS): att=0, def=0, losses=, spy_level=0, only_spies=false
[2026-06-18 20:55:17] Scout (ATT WINS): att=0, def=0, losses=, spy_level=0, only_spies=false
[2026-06-18 20:55:18] Scout (ATT WINS): att=87, def=0, losses=0, spy_level=4, only_spies=true
[2026-06-18 20:55:18] Scout (ATT WINS): att=35, def=0, losses=0, spy_level=4, only_spies=true
[2026-06-18 20:55:18] Scout (ATT WINS): att=39, def=0, losses=0, spy_level=4, only_spies=true
[2026-06-18 20:55:18] Scout (ATT WINS): att=72, def=0, losses=0, spy_level=4, only_spies=true
[2026-06-18 20:55:18] Scout (ATT WINS): att=48, def=0, losses=0, spy_level=4, only_spies=true
[2026-06-18 20:55:19] Scout (ATT WINS): att=0, def=0, losses=, spy_level=0, only_spies=false
[2026-06-18 20:55:19] Scout (ATT WINS): att=0, def=0, losses=, spy_level=0, only_spies=false
[2026-06-18 20:55:19] Scout (ATT WINS): att=0, def=0, losses=, spy_level=0, only_spies=false
[2026-06-18 20:55:19] Scout (ATT WINS): att=0, def=0, losses=, spy_level=0, only_spies=false
[2026-06-18 20:55:19] Scout (ATT WINS): att=0, def=0, losses=, spy_level=0, only_spies=false
[2026-06-18 20:55:19] Scout (ATT WINS): att=0, def=0, losses=, spy_level=0, only_spies=false
[2026-06-18 20:55:19] Scout (ATT WINS): att=0, def=0, losses=, spy_level=0, only_spies=false
[2026-06-18 20:55:19] Scout (ATT WINS): att=0, def=0, losses=, spy_level=0, only_spies=false
[2026-06-18 20:55:19] Scout (ATT WINS): att=0, def=0, losses=, spy_level=0, only_spies=false
[2026-06-18 20:55:20] Scout (ATT WINS): att=26, def=0, losses=0, spy_level=4, only_spies=true
[2026-06-18 20:55:20] Scout (ATT WINS): att=72, def=0, losses=0, spy_level=4, only_spies=true
[2026-06-18 20:55:20] Scout (ATT WINS): att=87, def=0, losses=0, spy_level=4, only_spies=true
[2026-06-18 20:55:20] Scout (ATT WINS): att=70, def=0, losses=0, spy_level=4, only_spies=true
[2026-06-18 20:55:20] Scout (ATT WINS): att=78, def=0, losses=0, spy_level=4, only_spies=true
[2026-06-18 20:55:20] Scout (ATT WINS): att=16, def=0, losses=0, spy_level=4, only_spies=true
[2026-06-18 20:55:20] Scout (ATT WINS): att=0, def=0, losses=, spy_level=0, only_spies=false
[2026-06-18 20:55:20] Scout (ATT WINS): att=0, def=0, losses=, spy_level=0, only_spies=false
[2026-06-18 20:55:20] Scout (ATT WINS): att=0, def=0, losses=, spy_level=0, only_spies=false
[2026-06-18 20:55:22] Scout (ATT WINS): att=33, def=0, losses=0, spy_level=4, only_spies=true
[2026-06-18 20:55:22] Scout (ATT WINS): att=25, def=0, losses=0, spy_level=4, only_spies=false
[2026-06-18 20:55:22] Scout (ATT WINS): att=25, def=0, losses=0, spy_level=4, only_spies=false
[2026-06-18 20:55:22] Scout (ATT WINS): att=24, def=0, losses=0, spy_level=4, only_spies=true
[2026-06-18 20:55:22] Scout (ATT WINS): att=0, def=0, losses=, spy_level=0, only_spies=false
[2026-06-18 20:55:22] Scout (ATT WINS): att=0, def=0, losses=, spy_level=0, only_spies=false
[2026-06-18 20:55:22] Scout (ATT WINS): att=0, def=0, losses=, spy_level=0, only_spies=false
[2026-06-18 20:55:22] Scout (ATT WINS): att=0, def=0, losses=, spy_level=0, only_spies=false
[2026-06-18 20:55:22] Scout (ATT WINS): att=0, def=0, losses=, spy_level=0, only_spies=false
[2026-06-18 20:55:23] Scout (ATT WINS): att=147, def=0, losses=0, spy_level=4, only_spies=true
[2026-06-18 20:55:23] Scout (ATT WINS): att=17, def=0, losses=0, spy_level=4, only_spies=true
[2026-06-18 20:55:23] Scout (ATT WINS): att=199, def=0, losses=0, spy_level=4, only_spies=true
[2026-06-18 20:55:23] Scout (ATT WINS): att=25, def=0, losses=0, spy_level=4, only_spies=false
[2026-06-18 20:55:23] Scout (ATT WINS): att=33, def=0, losses=0, spy_level=4, only_spies=true
[2026-06-18 20:55:23] Scout (ATT WINS): att=175, def=0, losses=0, spy_level=4, only_spies=true
[2026-06-18 20:55:23] Scout (ATT WINS): att=25, def=0, losses=0, spy_level=4, only_spies=false
[2026-06-18 20:55:23] Scout (ATT WINS): att=195, def=0, losses=0, spy_level=4, only_spies=true
[2026-06-18 20:55:23] Scout (ATT WINS): att=12, def=0, losses=0, spy_level=4, only_spies=true
[2026-06-18 20:55:25] Scout (ATT WINS): att=72, def=0, losses=0, spy_level=4, only_spies=true
[2026-06-18 20:55:25] Scout (ATT WINS): att=199, def=0, losses=0, spy_level=4, only_spies=true
[2026-06-18 20:55:25] Scout (ATT WINS): att=16, def=0, losses=0, spy_level=4, only_spies=true
[2026-06-18 20:55:25] Scout (ATT WINS): att=98, def=0, losses=0, spy_level=4, only_spies=true
[2026-06-18 20:55:25] Scout (ATT WINS): att=199, def=0, losses=0, spy_level=4, only_spies=true
[2026-06-18 20:55:25] Scout (ATT WINS): att=78, def=0, losses=0, spy_level=4, only_spies=true
[2026-06-18 20:55:25] Scout (ATT WINS): att=105, def=0, losses=0, spy_level=4, only_spies=true
[2026-06-18 20:55:25] Scout (ATT WINS): att=78, def=0, losses=0, spy_level=4, only_spies=true
[2026-06-18 20:55:25] Scout (ATT WINS): att=12, def=0, losses=0, spy_level=4, only_spies=false
[2026-06-18 20:55:25] Scout (ATT WINS): att=0, def=0, losses=, spy_level=0, only_spies=false
[2026-06-18 20:55:25] Scout (ATT WINS): att=0, def=0, losses=, spy_level=0, only_spies=false
[2026-06-18 20:55:25] Scout (ATT WINS): att=0, def=0, losses=, spy_level=0, only_spies=false
[2026-06-18 20:55:25] Scout (ATT WINS): att=0, def=0, losses=, spy_level=0, only_spies=false
[2026-06-18 20:55:25] Scout (ATT WINS): att=0, def=0, losses=, spy_level=0, only_spies=false
[2026-06-18 20:55:25] Scout (ATT WINS): att=0, def=0, losses=, spy_level=0, only_spies=false
[2026-06-18 20:55:25] Scout (ATT WINS): att=0, def=0, losses=, spy_level=0, only_spies=false
[2026-06-18 20:55:25] Scout (ATT WINS): att=0, def=0, losses=, spy_level=0, only_spies=false
[2026-06-18 20:55:25] Scout (ATT WINS): att=0, def=0, losses=, spy_level=0, only_spies=false
[2026-06-18 20:55:27] Scout (ATT WINS): att=49, def=0, losses=0, spy_level=4, only_spies=true
[2026-06-18 20:55:27] Scout (ATT WINS): att=38, def=0, losses=0, spy_level=4, only_spies=true
[2026-06-18 20:55:27] Scout (ATT WINS): att=13, def=0, losses=0, spy_level=4, only_spies=true
[2026-06-18 20:55:27] Scout (ATT WINS): att=286, def=0, losses=0, spy_level=4, only_spies=true
[2026-06-18 20:55:27] Scout (ATT WINS): att=35, def=0, losses=0, spy_level=4, only_spies=true
[2026-06-18 20:55:27] Scout (ATT WINS): att=25, def=0, losses=0, spy_level=4, only_spies=false
[2026-06-18 20:55:27] Scout (ATT WINS): att=199, def=0, losses=0, spy_level=4, only_spies=true
[2026-06-18 20:55:27] Scout (ATT WINS): att=39, def=0, losses=0, spy_level=4, only_spies=true
[2026-06-18 20:55:27] Scout (ATT WINS): att=0, def=0, losses=, spy_level=0, only_spies=false
[2026-06-18 20:55:28] Scout (ATT WINS): att=36, def=0, losses=0, spy_level=4, only_spies=true
[2026-06-18 20:55:28] Scout (ATT WINS): att=17, def=0, losses=0, spy_level=4, only_spies=true
[2026-06-18 20:55:28] Scout (ATT WINS): att=16, def=0, losses=0, spy_level=4, only_spies=true
[2026-06-18 20:55:29] Scout (ATT WINS): att=197, def=0, losses=0, spy_level=4, only_spies=true
[2026-06-18 20:55:29] Scout (ATT WINS): att=33, def=0, losses=0, spy_level=4, only_spies=true
[2026-06-18 20:55:29] Scout (ATT WINS): att=346, def=0, losses=0, spy_level=4, only_spies=true
[2026-06-18 20:55:29] Scout (ATT WINS): att=19, def=0, losses=0, spy_level=4, only_spies=true
[2026-06-18 20:55:29] Scout (ATT WINS): att=78, def=0, losses=0, spy_level=4, only_spies=true
[2026-06-18 20:55:29] Scout (ATT WINS): att=199, def=0, losses=0, spy_level=4, only_spies=true
[2026-06-18 20:55:29] Scout (ATT WINS): att=70, def=0, losses=0, spy_level=4, only_spies=true
[2026-06-18 20:55:29] Scout (ATT WINS): att=78, def=0, losses=0, spy_level=4, only_spies=true
[2026-06-18 20:55:29] Scout (ATT WINS): att=87, def=0, losses=0, spy_level=4, only_spies=true
[2026-06-18 20:55:29] Scout (ATT WINS): att=64, def=0, losses=0, spy_level=4, only_spies=true
[2026-06-18 20:55:29] Scout (ATT WINS): att=0, def=0, losses=, spy_level=0, only_spies=false
[2026-06-18 20:55:29] Scout (ATT WINS): att=0, def=0, losses=, spy_level=0, only_spies=false
[2026-06-18 20:55:29] Scout (ATT WINS): att=0, def=0, losses=, spy_level=0, only_spies=false
[2026-06-18 20:55:30] Scout (ATT WINS): att=48, def=0, losses=0, spy_level=4, only_spies=true
[2026-06-18 20:55:30] Scout (ATT WINS): att=26, def=0, losses=0, spy_level=4, only_spies=false
[2026-06-18 20:55:30] Scout (ATT WINS): att=49, def=0, losses=0, spy_level=4, only_spies=true
[2026-06-18 20:55:30] Scout (ATT WINS): att=38, def=0, losses=0, spy_level=4, only_spies=true
[2026-06-18 20:55:30] Scout (ATT WINS): att=13, def=0, losses=0, spy_level=4, only_spies=true
[2026-06-18 20:55:30] Scout (ATT WINS): att=174, def=0, losses=0, spy_level=4, only_spies=true
[2026-06-18 20:55:30] Scout (ATT WINS): att=70, def=0, losses=0, spy_level=4, only_spies=true
[2026-06-18 20:55:30] Scout (ATT WINS): att=78, def=0, losses=0, spy_level=4, only_spies=true
[2026-06-18 20:55:30] Scout (ATT WINS): att=12, def=0, losses=0, spy_level=4, only_spies=false
[2026-06-18 20:55:30] Scout (ATT WINS): att=199, def=0, losses=0, spy_level=4, only_spies=true
[2026-06-18 20:55:31] Scout (ATT WINS): att=0, def=0, losses=, spy_level=0, only_spies=false
[2026-06-18 20:55:31] Scout (ATT WINS): att=0, def=0, losses=, spy_level=0, only_spies=false
[2026-06-18 20:55:31] Scout (ATT WINS): att=0, def=0, losses=, spy_level=0, only_spies=false
[2026-06-18 20:55:31] Scout (ATT WINS): att=0, def=0, losses=, spy_level=0, only_spies=false
[2026-06-18 20:55:31] Scout (ATT WINS): att=0, def=0, losses=, spy_level=0, only_spies=false
[2026-06-18 20:55:32] Scout (ATT WINS): att=33, def=0, losses=0, spy_level=4, only_spies=true
[2026-06-18 20:55:32] Scout (ATT WINS): att=49, def=0, losses=0, spy_level=4, only_spies=true
[2026-06-18 20:55:32] Scout (ATT WINS): att=32, def=0, losses=0, spy_level=4, only_spies=true
[2026-06-18 20:55:32] Scout (ATT WINS): att=0, def=0, losses=, spy_level=0, only_spies=false
[2026-06-18 20:55:32] Scout (ATT WINS): att=0, def=0, losses=, spy_level=0, only_spies=false
[2026-06-18 20:55:32] Scout (ATT WINS): att=0, def=0, losses=, spy_level=0, only_spies=false
[2026-06-18 20:55:32] Scout (ATT WINS): att=0, def=0, losses=, spy_level=0, only_spies=false
[2026-06-18 20:55:32] Scout (ATT WINS): att=0, def=0, losses=, spy_level=0, only_spies=false
[2026-06-18 20:55:32] Scout (ATT WINS): att=0, def=0, losses=, spy_level=0, only_spies=false
[2026-06-18 20:55:32] Scout (ATT WINS): att=0, def=0, losses=, spy_level=0, only_spies=false
[2026-06-18 20:55:32] Scout (ATT WINS): att=0, def=0, losses=, spy_level=0, only_spies=false
[2026-06-18 20:55:32] Scout (ATT WINS): att=0, def=0, losses=, spy_level=0, only_spies=false
[2026-06-18 20:55:32] Scout (ATT WINS): att=0, def=0, losses=, spy_level=0, only_spies=false
[2026-06-18 20:55:32] Scout (ATT WINS): att=0, def=0, losses=, spy_level=0, only_spies=false
[2026-06-18 20:55:32] Scout (ATT WINS): att=0, def=0, losses=, spy_level=0, only_spies=false
[2026-06-18 20:55:34] Scout (ATT WINS): att=48, def=0, losses=0, spy_level=4, only_spies=true
[2026-06-18 20:55:34] Scout (ATT WINS): att=17, def=0, losses=0, spy_level=4, only_spies=true
[2026-06-18 20:55:34] Scout (ATT WINS): att=49, def=0, losses=0, spy_level=4, only_spies=true
[2026-06-18 20:55:34] Scout (ATT WINS): att=0, def=0, losses=, spy_level=0, only_spies=false
[2026-06-18 20:55:34] Scout (ATT WINS): att=0, def=0, losses=, spy_level=0, only_spies=false
[2026-06-18 20:55:34] Scout (ATT WINS): att=0, def=0, losses=, spy_level=0, only_spies=false
[2026-06-18 20:55:34] Scout (ATT WINS): att=0, def=0, losses=, spy_level=0, only_spies=false
[2026-06-18 20:55:35] Scout (ATT WINS): att=290, def=0, losses=0, spy_level=4, only_spies=true
[2026-06-18 20:55:35] Scout (ATT WINS): att=13, def=0, losses=0, spy_level=4, only_spies=true
[2026-06-18 20:55:35] Scout (ATT WINS): att=95, def=0, losses=0, spy_level=4, only_spies=true
[2026-06-18 20:55:35] Scout (ATT WINS): att=35, def=0, losses=0, spy_level=4, only_spies=true
[2026-06-18 20:55:35] Scout (ATT WINS): att=39, def=0, losses=0, spy_level=4, only_spies=true
[2026-06-18 20:55:35] Scout (ATT WINS): att=0, def=0, losses=, spy_level=0, only_spies=false
[2026-06-18 20:55:35] Scout (ATT WINS): att=72, def=0, losses=0, spy_level=4, only_spies=true
[2026-06-18 20:55:35] Scout (ATT WINS): att=87, def=0, losses=0, spy_level=4, only_spies=true
[2026-06-18 20:55:35] Scout (ATT WINS): att=0, def=0, losses=, spy_level=0, only_spies=false
[2026-06-18 20:55:37] Scout (ATT WINS): att=199, def=0, losses=0, spy_level=4, only_spies=true
[2026-06-18 20:55:37] Scout (DEF WINS): att=25, def=0, losses=0, spy_fails
[2026-06-18 20:55:37] Scout (ATT WINS): att=165, def=0, losses=0, spy_level=4, only_spies=true
[2026-06-18 20:55:37] Scout (ATT WINS): att=32, def=0, losses=0, spy_level=4, only_spies=true
[2026-06-18 20:55:37] Scout (ATT WINS): att=25, def=0, losses=0, spy_level=4, only_spies=false
[2026-06-18 20:55:37] Scout (ATT WINS): att=12, def=0, losses=0, spy_level=4, only_spies=true
[2026-06-18 20:55:37] Scout (ATT WINS): att=49, def=0, losses=0, spy_level=4, only_spies=true
[2026-06-18 20:55:37] Scout (ATT WINS): att=13, def=0, losses=0, spy_level=4, only_spies=true
[2026-06-18 20:55:37] Scout (ATT WINS): att=0, def=0, losses=, spy_level=0, only_spies=false
[2026-06-18 20:55:37] Scout (ATT WINS): att=0, def=0, losses=, spy_level=0, only_spies=false
[2026-06-18 20:55:37] Scout (ATT WINS): att=0, def=0, losses=, spy_level=0, only_spies=false
[2026-06-18 20:55:37] Scout (ATT WINS): att=0, def=0, losses=, spy_level=0, only_spies=false
[2026-06-18 20:55:37] Scout (ATT WINS): att=0, def=0, losses=, spy_level=0, only_spies=false
[2026-06-18 20:55:37] Scout (ATT WINS): att=0, def=0, losses=, spy_level=0, only_spies=false
[2026-06-18 20:55:37] Scout (ATT WINS): att=0, def=0, losses=, spy_level=0, only_spies=false
[2026-06-18 20:55:37] Scout (ATT WINS): att=0, def=0, losses=, spy_level=0, only_spies=false
[2026-06-18 20:55:37] Scout (ATT WINS): att=0, def=0, losses=, spy_level=0, only_spies=false
[2026-06-18 20:55:37] Scout (ATT WINS): att=0, def=0, losses=, spy_level=0, only_spies=false
[2026-06-18 20:55:38] Scout (ATT WINS): att=98, def=0, losses=0, spy_level=4, only_spies=true
[2026-06-18 20:55:38] Scout (ATT WINS): att=19, def=0, losses=0, spy_level=4, only_spies=true
[2026-06-18 20:55:39] Scout (ATT WINS): att=72, def=0, losses=0, spy_level=4, only_spies=true
[2026-06-18 20:55:39] Scout (ATT WINS): att=78, def=0, losses=0, spy_level=4, only_spies=true
[2026-06-18 20:55:39] Scout (ATT WINS): att=175, def=0, losses=0, spy_level=4, only_spies=true
[2026-06-18 20:55:39] Scout (ATT WINS): att=174, def=0, losses=0, spy_level=4, only_spies=true
[2026-06-18 20:55:39] Scout (ATT WINS): att=233, def=0, losses=0, spy_level=4, only_spies=true
[2026-06-18 20:55:39] Scout (ATT WINS): att=0, def=0, losses=, spy_level=0, only_spies=false
[2026-06-18 20:55:40] Scout (ATT WINS): att=24, def=0, losses=0, spy_level=4, only_spies=true
[2026-06-18 20:55:40] Scout (ATT WINS): att=151, def=0, losses=0, spy_level=4, only_spies=true
[2026-06-18 20:55:40] Scout (ATT WINS): att=199, def=0, losses=0, spy_level=4, only_spies=true
[2026-06-18 20:55:40] Scout (DEF WINS): att=25, def=0, losses=0, spy_fails
[2026-06-18 20:55:40] Scout (ATT WINS): att=132, def=0, losses=0, spy_level=4, only_spies=true
[2026-06-18 20:55:40] Scout (ATT WINS): att=25, def=0, losses=0, spy_level=4, only_spies=false
[2026-06-18 20:55:40] Scout (ATT WINS): att=0, def=0, losses=, spy_level=0, only_spies=false
[2026-06-18 20:55:40] Scout (ATT WINS): att=0, def=0, losses=, spy_level=0, only_spies=false
[2026-06-18 20:55:40] Scout (ATT WINS): att=0, def=0, losses=, spy_level=0, only_spies=false
[2026-06-18 20:55:40] Scout (ATT WINS): att=0, def=0, losses=, spy_level=0, only_spies=false
[2026-06-18 20:55:40] Scout (ATT WINS): att=0, def=0, losses=, spy_level=0, only_spies=false
[2026-06-18 20:55:40] Scout (ATT WINS): att=0, def=0, losses=, spy_level=0, only_spies=false
[2026-06-18 20:55:42] Scout (ATT WINS): att=12, def=0, losses=0, spy_level=4, only_spies=true
[2026-06-18 20:55:42] Scout (ATT WINS): att=49, def=0, losses=0, spy_level=4, only_spies=true
[2026-06-18 20:55:42] Scout (ATT WINS): att=34, def=0, losses=0, spy_level=4, only_spies=true
[2026-06-18 20:55:42] Scout (ATT WINS): att=25, def=0, losses=0, spy_level=4, only_spies=false
[2026-06-18 20:55:42] Scout (ATT WINS): att=199, def=0, losses=0, spy_level=4, only_spies=true
[2026-06-18 20:55:42] Scout (ATT WINS): att=25, def=0, losses=0, spy_level=4, only_spies=false
[2026-06-18 20:55:42] Scout (ATT WINS): att=66, def=0, losses=0, spy_level=4, only_spies=true
[2026-06-18 20:55:42] Scout (ATT WINS): att=173, def=0, losses=0, spy_level=4, only_spies=true
[2026-06-18 20:55:43] Scout (ATT WINS): att=13, def=0, losses=0, spy_level=4, only_spies=true
[2026-06-18 20:55:43] Scout (ATT WINS): att=286, def=0, losses=0, spy_level=4, only_spies=true
[2026-06-18 20:55:43] Scout (ATT WINS): att=199, def=0, losses=0, spy_level=4, only_spies=true
[2026-06-18 20:55:43] Scout (ATT WINS): att=199, def=0, losses=0, spy_level=4, only_spies=true
[2026-06-18 20:55:43] Scout (ATT WINS): att=78, def=0, losses=0, spy_level=4, only_spies=true
[2026-06-18 20:55:43] Scout (ATT WINS): att=0, def=0, losses=, spy_level=0, only_spies=false
[2026-06-18 20:55:43] Scout (ATT WINS): att=0, def=0, losses=, spy_level=0, only_spies=false
[2026-06-18 20:55:43] Scout (ATT WINS): att=0, def=0, losses=, spy_level=0, only_spies=false
[2026-06-18 20:55:43] Scout (ATT WINS): att=0, def=0, losses=, spy_level=0, only_spies=false
[2026-06-18 20:55:43] Scout (ATT WINS): att=0, def=0, losses=, spy_level=0, only_spies=false
[2026-06-18 20:55:45] Scout (ATT WINS): att=147, def=0, losses=0, spy_level=4, only_spies=true
[2026-06-18 20:55:45] Scout (ATT WINS): att=26, def=0, losses=0, spy_level=4, only_spies=true
[2026-06-18 20:55:45] Scout (ATT WINS): att=199, def=0, losses=0, spy_level=4, only_spies=true
[2026-06-18 20:55:45] Scout (ATT WINS): att=87, def=0, losses=0, spy_level=4, only_spies=true
[2026-06-18 20:55:45] Scout (ATT WINS): att=199, def=0, losses=0, spy_level=4, only_spies=true
[2026-06-18 20:55:45] Scout (ATT WINS): att=0, def=0, losses=, spy_level=0, only_spies=false
[2026-06-18 20:55:45] Scout (ATT WINS): att=0, def=0, losses=, spy_level=0, only_spies=false
[2026-06-18 20:55:45] Scout (ATT WINS): att=0, def=0, losses=, spy_level=0, only_spies=false
[2026-06-18 20:55:45] Scout (ATT WINS): att=0, def=0, losses=, spy_level=0, only_spies=false
[2026-06-18 20:55:45] Scout (ATT WINS): att=0, def=0, losses=, spy_level=0, only_spies=false
[2026-06-18 20:55:46] Scout (ATT WINS): att=12, def=0, losses=0, spy_level=4, only_spies=true
[2026-06-18 20:55:46] Scout (ATT WINS): att=98, def=0, losses=0, spy_level=4, only_spies=true
[2026-06-18 20:55:46] Scout (ATT WINS): att=172, def=0, losses=0, spy_level=4, only_spies=true
[2026-06-18 20:55:46] Scout (ATT WINS): att=132, def=0, losses=0, spy_level=4, only_spies=true
[2026-06-18 20:55:46] Scout (ATT WINS): att=156, def=0, losses=0, spy_level=4, only_spies=true
[2026-06-18 20:55:46] Scout (ATT WINS): att=16, def=0, losses=0, spy_level=4, only_spies=true
[2026-06-18 20:55:46] Scout (ATT WINS): att=49, def=0, losses=0, spy_level=4, only_spies=true
[2026-06-18 20:55:46] Scout (ATT WINS): att=57, def=0, losses=0, spy_level=4, only_spies=true
[2026-06-18 20:55:46] Scout (ATT WINS): att=199, def=0, losses=0, spy_level=4, only_spies=true
[2026-06-18 20:55:47] Scout (ATT WINS): att=16, def=0, losses=0, spy_level=4, only_spies=false
[2026-06-18 20:55:47] Scout (ATT WINS): att=16, def=0, losses=0, spy_level=4, only_spies=false
[2026-06-18 20:55:47] Scout (ATT WINS): att=16, def=0, losses=0, spy_level=4, only_spies=false
[2026-06-18 20:55:47] Scout (ATT WINS): att=0, def=0, losses=, spy_level=0, only_spies=false
[2026-06-18 20:55:48] Scout (ATT WINS): att=199, def=0, losses=0, spy_level=4, only_spies=true
[2026-06-18 20:55:48] Scout (ATT WINS): att=10, def=0, losses=0, spy_level=4, only_spies=false
[2026-06-18 20:55:48] Scout (ATT WINS): att=286, def=0, losses=0, spy_level=4, only_spies=true
[2026-06-18 20:55:48] Scout (ATT WINS): att=16, def=0, losses=0, spy_level=4, only_spies=true
[2026-06-18 20:55:48] Scout (ATT WINS): att=10, def=0, losses=0, spy_level=4, only_spies=false
[2026-06-18 20:55:48] Scout (ATT WINS): att=10, def=0, losses=0, spy_level=4, only_spies=false
[2026-06-18 20:55:48] Scout (ATT WINS): att=10, def=0, losses=0, spy_level=4, only_spies=false
[2026-06-18 20:55:48] Scout (ATT WINS): att=10, def=0, losses=0, spy_level=4, only_spies=false
[2026-06-18 20:55:48] Scout (ATT WINS): att=12, def=0, losses=0, spy_level=4, only_spies=true
[2026-06-18 20:55:48] Scout (ATT WINS): att=449, def=0, losses=0, spy_level=4, only_spies=true
[2026-06-18 20:55:48] Scout (ATT WINS): att=17, def=0, losses=0, spy_level=4, only_spies=true
[2026-06-18 20:55:48] Scout (ATT WINS): att=19, def=0, losses=0, spy_level=4, only_spies=true
[2026-06-18 20:55:48] Scout (ATT WINS): att=0, def=0, losses=, spy_level=0, only_spies=false
[2026-06-18 20:55:48] Scout (ATT WINS): att=0, def=0, losses=, spy_level=0, only_spies=false
[2026-06-18 20:55:48] Scout (ATT WINS): att=0, def=0, losses=, spy_level=0, only_spies=false
[2026-06-18 20:55:48] Scout (ATT WINS): att=0, def=0, losses=, spy_level=0, only_spies=false
[2026-06-18 20:55:48] Scout (ATT WINS): att=0, def=0, losses=, spy_level=0, only_spies=false
[2026-06-18 20:55:48] Scout (ATT WINS): att=0, def=0, losses=, spy_level=0, only_spies=false
[2026-06-18 20:55:48] Scout (ATT WINS): att=0, def=0, losses=, spy_level=0, only_spies=false
[2026-06-18 20:55:49] Scout (ATT WINS): att=0, def=0, losses=, spy_level=0, only_spies=false
[2026-06-18 20:55:49] Scout (ATT WINS): att=0, def=0, losses=, spy_level=0, only_spies=false
[2026-06-18 20:55:49] Scout (ATT WINS): att=0, def=0, losses=, spy_level=0, only_spies=false
[2026-06-18 20:55:50] Scout (ATT WINS): att=98, def=0, losses=0, spy_level=4, only_spies=true
[2026-06-18 20:55:50] Scout (ATT WINS): att=57, def=0, losses=0, spy_level=4, only_spies=true
[2026-06-18 20:55:50] Scout (ATT WINS): att=251, def=0, losses=0, spy_level=4, only_spies=true
[2026-06-18 20:55:50] Scout (ATT WINS): att=175, def=0, losses=0, spy_level=4, only_spies=true
[2026-06-18 20:55:50] Scout (ATT WINS): att=78, def=0, losses=0, spy_level=4, only_spies=true
[2026-06-18 20:55:50] Scout (ATT WINS): att=373, def=0, losses=0, spy_level=4, only_spies=true
[2026-06-18 20:55:50] Scout (ATT WINS): att=16, def=0, losses=0, spy_level=4, only_spies=true
[2026-06-18 20:55:51] Scout (ATT WINS): att=99, def=0, losses=0, spy_level=4, only_spies=true
[2026-06-18 20:55:51] Scout (ATT WINS): att=132, def=0, losses=0, spy_level=4, only_spies=true
[2026-06-18 20:55:51] Scout (ATT WINS): att=199, def=0, losses=0, spy_level=4, only_spies=true
[2026-06-18 20:55:51] Scout (ATT WINS): att=36, def=0, losses=0, spy_level=4, only_spies=true
[2026-06-18 20:55:52] Scout (ATT WINS): att=0, def=0, losses=, spy_level=0, only_spies=false
[2026-06-18 20:55:52] Scout (ATT WINS): att=0, def=0, losses=, spy_level=0, only_spies=false
[2026-06-18 20:55:52] Scout (ATT WINS): att=0, def=0, losses=, spy_level=0, only_spies=false
[2026-06-18 20:55:52] Scout (ATT WINS): att=0, def=0, losses=, spy_level=0, only_spies=false
[2026-06-18 20:55:52] Scout (ATT WINS): att=0, def=0, losses=, spy_level=0, only_spies=false
[2026-06-18 20:55:52] Scout (ATT WINS): att=0, def=0, losses=, spy_level=0, only_spies=false
[2026-06-18 20:55:52] Scout (ATT WINS): att=0, def=0, losses=, spy_level=0, only_spies=false
[2026-06-18 20:55:52] Scout (ATT WINS): att=0, def=0, losses=, spy_level=0, only_spies=false
[2026-06-18 20:55:53] Scout (ATT WINS): att=12, def=0, losses=0, spy_level=4, only_spies=false
[2026-06-18 20:55:53] Scout (ATT WINS): att=12, def=0, losses=0, spy_level=4, only_spies=false
[2026-06-18 20:55:53] Scout (ATT WINS): att=12, def=0, losses=0, spy_level=4, only_spies=false
[2026-06-18 20:55:53] Scout (ATT WINS): att=17, def=0, losses=0, spy_level=4, only_spies=true
[2026-06-18 20:55:53] Scout (ATT WINS): att=25, def=0, losses=0, spy_level=4, only_spies=false
[2026-06-18 20:55:53] Scout (ATT WINS): att=49, def=0, losses=0, spy_level=4, only_spies=true
[2026-06-18 20:55:53] Scout (ATT WINS): att=0, def=0, losses=, spy_level=0, only_spies=false
[2026-06-18 20:55:53] Scout (ATT WINS): att=199, def=0, losses=0, spy_level=4, only_spies=true
[2026-06-18 20:55:53] Scout (ATT WINS): att=33, def=0, losses=0, spy_level=4, only_spies=true
[2026-06-18 20:55:53] Scout (ATT WINS): att=0, def=0, losses=, spy_level=0, only_spies=false
[2026-06-18 20:55:55] Scout (ATT WINS): att=26, def=0, losses=0, spy_level=4, only_spies=true
[2026-06-18 20:55:55] Scout (ATT WINS): att=199, def=0, losses=0, spy_level=4, only_spies=true
[2026-06-18 20:55:55] Scout (ATT WINS): att=35, def=0, losses=0, spy_level=4, only_spies=true
[2026-06-18 20:55:55] Scout (ATT WINS): att=174, def=0, losses=0, spy_level=4, only_spies=true
[2026-06-18 20:55:55] Scout (ATT WINS): att=39, def=0, losses=0, spy_level=4, only_spies=true
[2026-06-18 20:55:55] Scout (ATT WINS): att=48, def=0, losses=0, spy_level=4, only_spies=true
[2026-06-18 20:55:55] Scout (ATT WINS): att=0, def=0, losses=, spy_level=0, only_spies=false
[2026-06-18 20:55:55] Scout (ATT WINS): att=0, def=0, losses=, spy_level=0, only_spies=false
[2026-06-18 20:55:55] Scout (ATT WINS): att=0, def=0, losses=, spy_level=0, only_spies=false
[2026-06-18 20:55:55] Scout (ATT WINS): att=0, def=0, losses=, spy_level=0, only_spies=false
[2026-06-18 20:55:55] Scout (ATT WINS): att=0, def=0, losses=, spy_level=0, only_spies=false
[2026-06-18 20:55:55] Scout (ATT WINS): att=0, def=0, losses=, spy_level=0, only_spies=false
[2026-06-18 20:55:55] Scout (ATT WINS): att=0, def=0, losses=, spy_level=0, only_spies=false
[2026-06-18 20:55:55] Scout (ATT WINS): att=0, def=0, losses=, spy_level=0, only_spies=false
[2026-06-18 20:55:55] Scout (ATT WINS): att=0, def=0, losses=, spy_level=0, only_spies=false
[2026-06-18 20:55:55] Scout (ATT WINS): att=0, def=0, losses=, spy_level=0, only_spies=false
[2026-06-18 20:55:56] Scout (ATT WINS): att=87, def=0, losses=0, spy_level=4, only_spies=true
[2026-06-18 20:55:56] Scout (ATT WINS): att=199, def=0, losses=0, spy_level=4, only_spies=true
[2026-06-18 20:55:56] Scout (ATT WINS): att=199, def=0, losses=0, spy_level=4, only_spies=true
[2026-06-18 20:55:56] Scout (ATT WINS): att=16, def=0, losses=0, spy_level=4, only_spies=true
[2026-06-18 20:55:56] Scout (ATT WINS): att=24, def=0, losses=0, spy_level=4, only_spies=true
[2026-06-18 20:55:56] Scout (ATT WINS): att=98, def=0, losses=0, spy_level=4, only_spies=true
[2026-06-18 20:55:57] Scout (ATT WINS): att=17, def=0, losses=0, spy_level=4, only_spies=true
[2026-06-18 20:55:57] Scout (ATT WINS): att=38, def=0, losses=0, spy_level=4, only_spies=true
[2026-06-18 20:55:57] Scout (ATT WINS): att=0, def=0, losses=, spy_level=0, only_spies=false
[2026-06-18 20:55:57] Scout (ATT WINS): att=0, def=0, losses=, spy_level=0, only_spies=false
[2026-06-18 20:55:57] Scout (ATT WINS): att=0, def=0, losses=, spy_level=0, only_spies=false
[2026-06-18 20:55:57] Scout (ATT WINS): att=0, def=0, losses=, spy_level=0, only_spies=false
[2026-06-18 20:55:57] Scout (ATT WINS): att=0, def=0, losses=, spy_level=0, only_spies=false
[2026-06-18 20:55:58] Scout (ATT WINS): att=199, def=0, losses=0, spy_level=4, only_spies=true
[2026-06-18 20:55:58] Scout (ATT WINS): att=199, def=0, losses=0, spy_level=4, only_spies=true
[2026-06-18 20:55:58] Scout (ATT WINS): att=0, def=0, losses=, spy_level=0, only_spies=false
[2026-06-18 20:55:58] Scout (ATT WINS): att=0, def=0, losses=, spy_level=0, only_spies=false
[2026-06-18 20:55:59] Scout (ATT WINS): att=13, def=0, losses=0, spy_level=4, only_spies=true
[2026-06-18 20:55:59] Scout (ATT WINS): att=500, def=0, losses=0, spy_level=4, only_spies=true
[2026-06-18 20:56:00] Scout (ATT WINS): att=105, def=0, losses=0, spy_level=4, only_spies=true
[2026-06-18 20:56:00] Scout (ATT WINS): att=195, def=0, losses=0, spy_level=4, only_spies=true
[2026-06-18 20:56:00] Scout (ATT WINS): att=16, def=0, losses=0, spy_level=4, only_spies=true
[2026-06-18 20:56:00] Scout (DEF WINS): att=25, def=0, losses=0, spy_fails
[2026-06-18 20:56:00] Scout (ATT WINS): att=25, def=0, losses=0, spy_level=4, only_spies=false
[2026-06-18 20:56:00] Scout (ATT WINS): att=0, def=0, losses=, spy_level=0, only_spies=false
[2026-06-18 20:56:00] Scout (ATT WINS): att=0, def=0, losses=, spy_level=0, only_spies=false
[2026-06-18 20:56:00] Scout (ATT WINS): att=0, def=0, losses=, spy_level=0, only_spies=false
[2026-06-18 20:56:00] Scout (ATT WINS): att=0, def=0, losses=, spy_level=0, only_spies=false
[2026-06-18 20:56:01] Scout (ATT WINS): att=19, def=0, losses=0, spy_level=4, only_spies=true
[2026-06-18 20:56:01] Scout (ATT WINS): att=39, def=0, losses=0, spy_level=4, only_spies=true
[2026-06-18 20:56:01] Scout (ATT WINS): att=70, def=0, losses=0, spy_level=4, only_spies=true
[2026-06-18 20:56:01] Scout (ATT WINS): att=12, def=0, losses=0, spy_level=4, only_spies=false
[2026-06-18 20:56:01] Scout (ATT WINS): att=199, def=0, losses=0, spy_level=4, only_spies=true
[2026-06-18 20:56:01] Scout (ATT WINS): att=500, def=0, losses=0, spy_level=4, only_spies=true
[2026-06-18 20:56:01] Scout (ATT WINS): att=78, def=0, losses=0, spy_level=4, only_spies=true
[2026-06-18 20:56:01] Scout (ATT WINS): att=12, def=0, losses=0, spy_level=4, only_spies=false
[2026-06-18 20:56:01] Scout (ATT WINS): att=0, def=0, losses=, spy_level=0, only_spies=false
[2026-06-18 20:56:01] Scout (ATT WINS): att=0, def=0, losses=, spy_level=0, only_spies=false
[2026-06-18 20:56:01] Scout (ATT WINS): att=0, def=0, losses=, spy_level=0, only_spies=false
[2026-06-18 20:56:01] Scout (ATT WINS): att=0, def=0, losses=, spy_level=0, only_spies=false
[2026-06-18 20:56:02] Scout (ATT WINS): att=0, def=0, losses=, spy_level=0, only_spies=false
[2026-06-18 20:56:02] Scout (ATT WINS): att=0, def=0, losses=, spy_level=0, only_spies=false
[2026-06-18 20:56:02] Scout (ATT WINS): att=0, def=0, losses=, spy_level=0, only_spies=false
[2026-06-18 20:56:02] Scout (ATT WINS): att=0, def=0, losses=, spy_level=0, only_spies=false
[2026-06-18 20:56:03] Scout (ATT WINS): att=0, def=0, losses=, spy_level=0, only_spies=false
[2026-06-18 20:56:03] Scout (ATT WINS): att=0, def=0, losses=, spy_level=0, only_spies=false
[2026-06-18 20:56:03] Scout (ATT WINS): att=0, def=0, losses=, spy_level=0, only_spies=false
[2026-06-18 20:56:03] Scout (ATT WINS): att=0, def=0, losses=, spy_level=0, only_spies=false
[2026-06-18 20:56:03] Scout (ATT WINS): att=0, def=0, losses=, spy_level=0, only_spies=false
[2026-06-18 20:56:04] Scout (ATT WINS): att=12, def=0, losses=0, spy_level=4, only_spies=true
[2026-06-18 20:56:04] Scout (ATT WINS): att=180, def=0, losses=0, spy_level=4, only_spies=true
[2026-06-18 20:56:04] Scout (ATT WINS): att=19, def=0, losses=0, spy_level=4, only_spies=true
[2026-06-18 20:56:04] Scout (ATT WINS): att=10, def=0, losses=0, spy_level=4, only_spies=false
[2026-06-18 20:56:04] Scout (ATT WINS): att=199, def=0, losses=0, spy_level=4, only_spies=true
[2026-06-18 20:56:04] Scout (ATT WINS): att=48, def=0, losses=0, spy_level=4, only_spies=true
[2026-06-18 20:56:04] Scout (ATT WINS): att=10, def=0, losses=0, spy_level=4, only_spies=false
[2026-06-18 20:56:04] Scout (ATT WINS): att=10, def=0, losses=0, spy_level=4, only_spies=false
[2026-06-18 20:56:04] Scout (ATT WINS): att=10, def=0, losses=0, spy_level=4, only_spies=false
[2026-06-18 20:56:05] Scout (ATT WINS): att=10, def=0, losses=0, spy_level=4, only_spies=false
[2026-06-18 20:56:05] Scout (ATT WINS): att=0, def=0, losses=, spy_level=0, only_spies=false
[2026-06-18 20:56:05] Scout (ATT WINS): att=0, def=0, losses=, spy_level=0, only_spies=false
[2026-06-18 20:56:06] Scout (ATT WINS): att=0, def=0, losses=, spy_level=0, only_spies=false
[2026-06-18 20:56:06] Scout (ATT WINS): att=87, def=0, losses=0, spy_level=4, only_spies=true
[2026-06-18 20:56:06] Scout (ATT WINS): att=49, def=0, losses=0, spy_level=4, only_spies=true
[2026-06-18 20:56:06] Scout (ATT WINS): att=199, def=0, losses=0, spy_level=4, only_spies=true
[2026-06-18 20:56:06] Scout (ATT WINS): att=17, def=0, losses=0, spy_level=4, only_spies=true
[2026-06-18 20:56:06] Scout (ATT WINS): att=0, def=0, losses=, spy_level=0, only_spies=false
[2026-06-18 20:56:06] Scout (ATT WINS): att=0, def=0, losses=, spy_level=0, only_spies=false
[2026-06-18 20:56:06] Scout (ATT WINS): att=0, def=0, losses=, spy_level=0, only_spies=false
[2026-06-18 20:56:06] Scout (ATT WINS): att=0, def=0, losses=, spy_level=0, only_spies=false
[2026-06-18 20:56:06] Scout (ATT WINS): att=0, def=0, losses=, spy_level=0, only_spies=false
[2026-06-18 20:56:06] Scout (ATT WINS): att=0, def=0, losses=, spy_level=0, only_spies=false
[2026-06-18 20:56:06] Scout (ATT WINS): att=0, def=0, losses=, spy_level=0, only_spies=false
[2026-06-18 20:56:06] Scout (ATT WINS): att=0, def=0, losses=, spy_level=0, only_spies=false
[2026-06-18 20:56:06] Scout (ATT WINS): att=0, def=0, losses=, spy_level=0, only_spies=false
[2026-06-18 20:56:06] Scout (ATT WINS): att=0, def=0, losses=, spy_level=0, only_spies=false
[2026-06-18 20:56:07] Scout (ATT WINS): att=0, def=0, losses=, spy_level=0, only_spies=false
[2026-06-18 20:56:07] Scout (ATT WINS): att=0, def=0, losses=, spy_level=0, only_spies=false
[2026-06-18 20:56:07] Scout (ATT WINS): att=0, def=0, losses=, spy_level=0, only_spies=false
[2026-06-18 20:56:08] Scout (ATT WINS): att=13, def=0, losses=0, spy_level=4, only_spies=true
[2026-06-18 20:56:08] Scout (ATT WINS): att=199, def=0, losses=0, spy_level=4, only_spies=true
[2026-06-18 20:56:08] Scout (ATT WINS): att=12, def=0, losses=0, spy_level=4, only_spies=false
[2026-06-18 20:56:08] Scout (ATT WINS): att=174, def=0, losses=0, spy_level=4, only_spies=true
[2026-06-18 20:56:08] Scout (ATT WINS): att=0, def=0, losses=, spy_level=0, only_spies=false
[2026-06-18 20:56:08] Scout (ATT WINS): att=0, def=0, losses=, spy_level=0, only_spies=false
[2026-06-18 20:56:08] Scout (ATT WINS): att=0, def=0, losses=, spy_level=0, only_spies=false
[2026-06-18 20:56:08] Scout (ATT WINS): att=0, def=0, losses=, spy_level=0, only_spies=false
[2026-06-18 20:56:08] Scout (ATT WINS): att=0, def=0, losses=, spy_level=0, only_spies=false
[2026-06-18 20:56:08] Scout (ATT WINS): att=0, def=0, losses=, spy_level=0, only_spies=false
[2026-06-18 20:56:08] Scout (ATT WINS): att=0, def=0, losses=, spy_level=0, only_spies=false
[2026-06-18 20:56:10] Scout (ATT WINS): att=35, def=0, losses=0, spy_level=4, only_spies=true
[2026-06-18 20:56:10] Scout (ATT WINS): att=33, def=0, losses=0, spy_level=4, only_spies=true
[2026-06-18 20:56:10] Scout (ATT WINS): att=39, def=0, losses=0, spy_level=4, only_spies=true
[2026-06-18 20:56:10] Scout (ATT WINS): att=48, def=0, losses=0, spy_level=4, only_spies=true
[2026-06-18 20:56:10] Scout (ATT WINS): att=0, def=0, losses=, spy_level=0, only_spies=false
[2026-06-18 20:56:10] Scout (ATT WINS): att=0, def=0, losses=, spy_level=0, only_spies=false
[2026-06-18 20:56:10] Scout (ATT WINS): att=0, def=0, losses=, spy_level=0, only_spies=false
[2026-06-18 20:56:10] Scout (ATT WINS): att=0, def=0, losses=, spy_level=0, only_spies=false
[2026-06-18 20:56:10] Scout (ATT WINS): att=0, def=0, losses=, spy_level=0, only_spies=false
[2026-06-18 20:56:10] Scout (ATT WINS): att=0, def=0, losses=, spy_level=0, only_spies=false
[2026-06-18 20:56:11] Scout (ATT WINS): att=10, def=0, losses=0, spy_level=4, only_spies=false
[2026-06-18 20:56:11] Scout (ATT WINS): att=24, def=0, losses=0, spy_level=4, only_spies=true
[2026-06-18 20:56:11] Scout (ATT WINS): att=19, def=0, losses=0, spy_level=4, only_spies=true
[2026-06-18 20:56:11] Scout (ATT WINS): att=13, def=0, losses=0, spy_level=4, only_spies=true
[2026-06-18 20:56:11] Scout (ATT WINS): att=87, def=0, losses=0, spy_level=4, only_spies=true
[2026-06-18 20:56:11] Scout (ATT WINS): att=140, def=0, losses=0, spy_level=4, only_spies=true
[2026-06-18 20:56:11] Scout (ATT WINS): att=195, def=0, losses=0, spy_level=4, only_spies=true
[2026-06-18 20:56:11] Scout (ATT WINS): att=32, def=0, losses=0, spy_level=4, only_spies=true
[2026-06-18 20:56:11] Scout (ATT WINS): att=0, def=0, losses=, spy_level=0, only_spies=false
[2026-06-18 20:56:12] Scout (ATT WINS): att=0, def=0, losses=, spy_level=0, only_spies=false
[2026-06-18 20:56:13] Scout (ATT WINS): att=199, def=0, losses=0, spy_level=4, only_spies=true
[2026-06-18 20:56:13] Scout (ATT WINS): att=33, def=0, losses=0, spy_level=4, only_spies=true
[2026-06-18 20:56:13] Scout (ATT WINS): att=36, def=0, losses=0, spy_level=4, only_spies=true
[2026-06-18 20:56:13] Scout (ATT WINS): att=39, def=0, losses=0, spy_level=4, only_spies=true
[2026-06-18 20:56:13] Scout (ATT WINS): att=199, def=0, losses=0, spy_level=4, only_spies=true
[2026-06-18 20:56:13] Scout (ATT WINS): att=35, def=0, losses=0, spy_level=4, only_spies=true
[2026-06-18 20:56:13] Scout (ATT WINS): att=10, def=0, losses=0, spy_level=4, only_spies=false
[2026-06-18 20:56:13] Scout (ATT WINS): att=485, def=0, losses=0, spy_level=4, only_spies=true
[2026-06-18 20:56:13] Scout (ATT WINS): att=39, def=0, losses=0, spy_level=4, only_spies=true
[2026-06-18 20:56:13] Scout (ATT WINS): att=10, def=0, losses=0, spy_level=4, only_spies=false
[2026-06-18 20:56:13] Scout (ATT WINS): att=32, def=0, losses=0, spy_level=4, only_spies=true
[2026-06-18 20:56:13] Scout (ATT WINS): att=0, def=0, losses=, spy_level=0, only_spies=false
[2026-06-18 20:56:13] Scout (ATT WINS): att=0, def=0, losses=, spy_level=0, only_spies=false
[2026-06-18 20:56:13] Scout (ATT WINS): att=0, def=0, losses=, spy_level=0, only_spies=false
[2026-06-18 20:56:13] Scout (ATT WINS): att=0, def=0, losses=, spy_level=0, only_spies=false
[2026-06-18 20:56:15] Scout (ATT WINS): att=34, def=0, losses=0, spy_level=4, only_spies=true
[2026-06-18 20:56:15] Scout (ATT WINS): att=38, def=0, losses=0, spy_level=4, only_spies=true
[2026-06-18 20:56:15] Scout (ATT WINS): att=66, def=0, losses=0, spy_level=4, only_spies=true
[2026-06-18 20:56:15] Scout (ATT WINS): att=0, def=0, losses=, spy_level=0, only_spies=false
[2026-06-18 20:56:15] Scout (ATT WINS): att=0, def=0, losses=, spy_level=0, only_spies=false
[2026-06-18 20:56:15] Scout (ATT WINS): att=0, def=0, losses=, spy_level=0, only_spies=false
[2026-06-18 20:56:15] Scout (ATT WINS): att=0, def=0, losses=, spy_level=0, only_spies=false
[2026-06-18 20:56:15] Scout (ATT WINS): att=0, def=0, losses=, spy_level=0, only_spies=false
[2026-06-18 20:56:15] Scout (ATT WINS): att=0, def=0, losses=, spy_level=0, only_spies=false
[2026-06-18 20:56:16] Scout (ATT WINS): att=31, def=0, losses=0, spy_level=4, only_spies=true
[2026-06-18 20:56:16] Scout (ATT WINS): att=49, def=0, losses=0, spy_level=4, only_spies=true
[2026-06-18 20:56:16] Scout (ATT WINS): att=76, def=0, losses=0, spy_level=4, only_spies=true
[2026-06-18 20:56:16] Scout (ATT WINS): att=25, def=0, losses=0, spy_level=4, only_spies=false
[2026-06-18 20:56:16] Scout (ATT WINS): att=0, def=0, losses=, spy_level=0, only_spies=false
[2026-06-18 20:56:16] Scout (ATT WINS): att=0, def=0, losses=, spy_level=0, only_spies=false
[2026-06-18 20:56:17] Scout (ATT WINS): att=0, def=0, losses=, spy_level=0, only_spies=false
[2026-06-18 20:56:17] Scout (ATT WINS): att=0, def=0, losses=, spy_level=0, only_spies=false
[2026-06-18 20:56:18] Scout (ATT WINS): att=199, def=0, losses=0, spy_level=4, only_spies=true
[2026-06-18 20:56:18] Scout (ATT WINS): att=98, def=0, losses=0, spy_level=4, only_spies=true
[2026-06-18 20:56:18] Scout (ATT WINS): att=32, def=0, losses=0, spy_level=4, only_spies=true
[2026-06-18 20:56:18] Scout (ATT WINS): att=96, def=0, losses=0, spy_level=4, only_spies=true
[2026-06-18 20:56:18] Scout (ATT WINS): att=147, def=0, losses=0, spy_level=4, only_spies=true
[2026-06-18 20:56:18] Scout (ATT WINS): att=57, def=0, losses=0, spy_level=4, only_spies=true
[2026-06-18 20:56:18] Scout (ATT WINS): att=13, def=0, losses=0, spy_level=4, only_spies=true
[2026-06-18 20:56:18] Scout (ATT WINS): att=35, def=0, losses=0, spy_level=4, only_spies=true
[2026-06-18 20:56:18] Scout (ATT WINS): att=39, def=0, losses=0, spy_level=4, only_spies=true
[2026-06-18 20:56:18] Scout (DEF WINS): att=10, def=0, losses=0, spy_fails
[2026-06-18 20:56:18] Scout (ATT WINS): att=276, def=0, losses=0, spy_level=4, only_spies=true
[2026-06-18 20:56:18] Scout (ATT WINS): att=10, def=0, losses=0, spy_level=4, only_spies=false
[2026-06-18 20:56:18] Scout (ATT WINS): att=10, def=0, losses=0, spy_level=4, only_spies=false
[2026-06-18 20:56:18] Scout (ATT WINS): att=10, def=0, losses=0, spy_level=4, only_spies=false
[2026-06-18 20:56:18] Scout (ATT WINS): att=10, def=0, losses=0, spy_level=4, only_spies=false
[2026-06-18 20:56:18] Scout (ATT WINS): att=0, def=0, losses=, spy_level=0, only_spies=false
[2026-06-18 20:56:18] Scout (ATT WINS): att=0, def=0, losses=, spy_level=0, only_spies=false
[2026-06-18 20:56:18] Scout (ATT WINS): att=0, def=0, losses=, spy_level=0, only_spies=false
[2026-06-18 20:56:20] Scout (ATT WINS): att=12, def=0, losses=0, spy_level=4, only_spies=true
[2026-06-18 20:56:20] Scout (ATT WINS): att=49, def=0, losses=0, spy_level=4, only_spies=true
[2026-06-18 20:56:20] Scout (ATT WINS): att=57, def=0, losses=0, spy_level=4, only_spies=true
[2026-06-18 20:56:20] Scout (ATT WINS): att=26, def=0, losses=0, spy_level=4, only_spies=true
[2026-06-18 20:56:20] Scout (ATT WINS): att=87, def=0, losses=0, spy_level=4, only_spies=true
[2026-06-18 20:56:20] Scout (ATT WINS): att=25, def=0, losses=0, spy_level=4, only_spies=false
[2026-06-18 20:56:20] Scout (ATT WINS): att=199, def=0, losses=0, spy_level=4, only_spies=true
[2026-06-18 20:56:20] Scout (ATT WINS): att=70, def=0, losses=0, spy_level=4, only_spies=true
[2026-06-18 20:56:20] Scout (ATT WINS): att=78, def=0, losses=0, spy_level=4, only_spies=true
[2026-06-18 20:56:20] Scout (ATT WINS): att=32, def=0, losses=0, spy_level=4, only_spies=true
[2026-06-18 20:56:20] Scout (ATT WINS): att=25, def=0, losses=0, spy_level=4, only_spies=false
[2026-06-18 20:56:20] Scout (ATT WINS): att=0, def=0, losses=, spy_level=0, only_spies=false
[2026-06-18 20:56:21] Scout (ATT WINS): att=98, def=0, losses=0, spy_level=4, only_spies=true
[2026-06-18 20:56:21] Scout (ATT WINS): att=66, def=0, losses=0, spy_level=4, only_spies=true
[2026-06-18 20:56:21] Scout (ATT WINS): att=36, def=0, losses=0, spy_level=4, only_spies=true
[2026-06-18 20:56:21] Scout (ATT WINS): att=19, def=0, losses=0, spy_level=4, only_spies=true
[2026-06-18 20:56:21] Scout (ATT WINS): att=65, def=0, losses=0, spy_level=4, only_spies=true
[2026-06-18 20:56:21] Scout (ATT WINS): att=199, def=0, losses=0, spy_level=4, only_spies=true
[2026-06-18 20:56:21] Scout (ATT WINS): att=70, def=0, losses=0, spy_level=4, only_spies=true
[2026-06-18 20:56:22] Scout (ATT WINS): att=0, def=0, losses=, spy_level=0, only_spies=false
[2026-06-18 20:56:22] Scout (ATT WINS): att=0, def=0, losses=, spy_level=0, only_spies=false
[2026-06-18 20:56:22] Scout (ATT WINS): att=0, def=0, losses=, spy_level=0, only_spies=false
[2026-06-18 20:56:23] Scout (ATT WINS): att=196, def=0, losses=0, spy_level=4, only_spies=true
[2026-06-18 20:56:23] Scout (ATT WINS): att=34, def=0, losses=0, spy_level=4, only_spies=true
[2026-06-18 20:56:23] Scout (ATT WINS): att=98, def=0, losses=0, spy_level=4, only_spies=true
[2026-06-18 20:56:23] Scout (ATT WINS): att=12, def=0, losses=0, spy_level=4, only_spies=false
[2026-06-18 20:56:23] Scout (ATT WINS): att=66, def=0, losses=0, spy_level=4, only_spies=true
[2026-06-18 20:56:23] Scout (ATT WINS): att=12, def=0, losses=0, spy_level=4, only_spies=false
[2026-06-18 20:56:23] Scout (ATT WINS): att=12, def=0, losses=0, spy_level=4, only_spies=false
[2026-06-18 20:56:23] Scout (ATT WINS): att=12, def=0, losses=0, spy_level=4, only_spies=false
[2026-06-18 20:57:25] Scout (ATT WINS): att=0, def=0, losses=, spy_level=0, only_spies=false
[2026-06-18 20:57:25] Scout (ATT WINS): att=0, def=0, losses=, spy_level=0, only_spies=false
[2026-06-18 20:57:25] Scout (ATT WINS): att=0, def=0, losses=, spy_level=0, only_spies=false
[2026-06-18 20:57:25] Scout (ATT WINS): att=0, def=0, losses=, spy_level=0, only_spies=false
[2026-06-18 20:57:25] Scout (ATT WINS): att=0, def=0, losses=, spy_level=0, only_spies=false
[2026-06-18 20:57:25] Scout (ATT WINS): att=0, def=0, losses=, spy_level=0, only_spies=false
[2026-06-18 20:57:25] Scout (ATT WINS): att=0, def=0, losses=, spy_level=0, only_spies=false
[2026-06-18 20:57:25] Scout (ATT WINS): att=0, def=0, losses=, spy_level=0, only_spies=false
[2026-06-18 20:57:25] Scout (ATT WINS): att=0, def=0, losses=, spy_level=0, only_spies=false
[2026-06-18 21:00:25] Scout (ATT WINS): att=0, def=0, losses=, spy_level=0, only_spies=false
[2026-06-18 21:00:25] Scout (ATT WINS): att=0, def=0, losses=, spy_level=0, only_spies=false
[2026-06-18 21:00:25] Scout (ATT WINS): att=0, def=0, losses=, spy_level=0, only_spies=false
[2026-06-18 21:00:25] Scout (ATT WINS): att=0, def=0, losses=, spy_level=0, only_spies=false
[2026-06-18 21:00:25] Scout (ATT WINS): att=0, def=0, losses=, spy_level=0, only_spies=false
[2026-06-18 21:02:25] Scout (ATT WINS): att=0, def=0, losses=, spy_level=0, only_spies=false
[2026-06-18 21:02:25] Scout (ATT WINS): att=0, def=0, losses=, spy_level=0, only_spies=false
[2026-06-18 21:02:25] Scout (ATT WINS): att=0, def=0, losses=, spy_level=0, only_spies=false
[2026-06-18 21:02:25] Scout (ATT WINS): att=0, def=0, losses=, spy_level=0, only_spies=false
[2026-06-18 21:02:25] Scout (ATT WINS): att=0, def=0, losses=, spy_level=0, only_spies=false
[2026-06-18 21:02:25] Scout (ATT WINS): att=0, def=0, losses=, spy_level=0, only_spies=false
[2026-06-18 21:02:25] Scout (ATT WINS): att=0, def=0, losses=, spy_level=0, only_spies=false
[2026-06-18 21:02:25] Scout (ATT WINS): att=0, def=0, losses=, spy_level=0, only_spies=false
[2026-06-18 21:03:51] Scout (ATT WINS): att=0, def=0, losses=, spy_level=0, only_spies=false
[2026-06-18 21:03:51] Scout (ATT WINS): att=0, def=0, losses=, spy_level=0, only_spies=false
[2026-06-18 21:03:51] Scout (ATT WINS): att=0, def=0, losses=, spy_level=0, only_spies=false
[2026-06-18 21:03:51] Scout (ATT WINS): att=0, def=0, losses=, spy_level=0, only_spies=false
[2026-06-18 21:03:51] Scout (ATT WINS): att=0, def=0, losses=, spy_level=0, only_spies=false
[2026-06-18 21:03:51] Scout (ATT WINS): att=0, def=0, losses=, spy_level=0, only_spies=false
[2026-06-18 21:03:51] Scout (ATT WINS): att=0, def=0, losses=, spy_level=0, only_spies=false
[2026-06-18 21:03:51] Scout (ATT WINS): att=0, def=0, losses=, spy_level=0, only_spies=false
[2026-06-18 21:03:51] Scout (ATT WINS): att=0, def=0, losses=, spy_level=0, only_spies=false
[2026-06-18 21:03:51] Scout (ATT WINS): att=0, def=0, losses=, spy_level=0, only_spies=false
[2026-06-18 21:03:51] Scout (ATT WINS): att=0, def=0, losses=, spy_level=0, only_spies=false
[2026-06-18 21:05:51] Scout (ATT WINS): att=0, def=0, losses=, spy_level=0, only_spies=false
[2026-06-18 21:05:51] Scout (ATT WINS): att=0, def=0, losses=, spy_level=0, only_spies=false
[2026-06-18 21:05:51] Scout (ATT WINS): att=0, def=0, losses=, spy_level=0, only_spies=false
[2026-06-18 21:05:51] Scout (ATT WINS): att=0, def=0, losses=, spy_level=0, only_spies=false
[2026-06-18 21:05:51] Scout (ATT WINS): att=0, def=0, losses=, spy_level=0, only_spies=false
[2026-06-18 21:05:51] Scout (ATT WINS): att=0, def=0, losses=, spy_level=0, only_spies=false
[2026-06-18 21:07:51] Scout (ATT WINS): att=0, def=0, losses=, spy_level=0, only_spies=false
[2026-06-18 21:07:51] Scout (ATT WINS): att=0, def=0, losses=, spy_level=0, only_spies=false
[2026-06-18 21:07:51] Scout (ATT WINS): att=0, def=0, losses=, spy_level=0, only_spies=false
[2026-06-18 21:07:51] Scout (ATT WINS): att=0, def=0, losses=, spy_level=0, only_spies=false
[2026-06-18 21:07:51] Scout (ATT WINS): att=0, def=0, losses=, spy_level=0, only_spies=false
[2026-06-18 21:07:51] Scout (ATT WINS): att=0, def=0, losses=, spy_level=0, only_spies=false
[2026-06-18 21:08:16] Scout (ATT WINS): att=12, def=0, losses=0, spy_level=4, only_spies=true
[2026-06-18 21:08:16] Scout (ATT WINS): att=196, def=0, losses=0, spy_level=4, only_spies=true
[2026-06-18 21:08:16] Scout (ATT WINS): att=57, def=0, losses=0, spy_level=4, only_spies=true
[2026-06-18 21:08:16] Scout (ATT WINS): att=13, def=0, losses=0, spy_level=4, only_spies=true
[2026-06-18 21:09:16] Scout (ATT WINS): att=0, def=0, losses=, spy_level=0, only_spies=false
[2026-06-18 21:09:16] Scout (ATT WINS): att=0, def=0, losses=, spy_level=0, only_spies=false
[2026-06-18 21:09:17] Scout (ATT WINS): att=0, def=0, losses=, spy_level=0, only_spies=false
[2026-06-18 21:09:17] Scout (ATT WINS): att=0, def=0, losses=, spy_level=0, only_spies=false
[2026-06-18 21:09:17] Scout (ATT WINS): att=0, def=0, losses=, spy_level=0, only_spies=false
[2026-06-18 21:09:17] Scout (ATT WINS): att=0, def=0, losses=, spy_level=0, only_spies=false
[2026-06-18 21:09:17] Scout (ATT WINS): att=0, def=0, losses=, spy_level=0, only_spies=false
[2026-06-18 21:09:17] Scout (ATT WINS): att=0, def=0, losses=, spy_level=0, only_spies=false
[2026-06-18 21:09:17] Scout (ATT WINS): att=0, def=0, losses=, spy_level=0, only_spies=false
[2026-06-18 21:09:17] Scout (ATT WINS): att=0, def=0, losses=, spy_level=0, only_spies=false
[2026-06-18 21:09:17] Scout (ATT WINS): att=0, def=0, losses=, spy_level=0, only_spies=false
[2026-06-18 21:09:17] Scout (ATT WINS): att=0, def=0, losses=, spy_level=0, only_spies=false
[2026-06-18 21:10:09] Scout (ATT WINS): att=0, def=0, losses=, spy_level=0, only_spies=false
[2026-06-18 21:10:09] Scout (ATT WINS): att=0, def=0, losses=, spy_level=0, only_spies=false
[2026-06-18 21:10:10] Scout (ATT WINS): att=0, def=0, losses=, spy_level=0, only_spies=false
[2026-06-18 21:10:10] Scout (ATT WINS): att=0, def=0, losses=, spy_level=0, only_spies=false
[2026-06-18 21:10:10] Scout (ATT WINS): att=0, def=0, losses=, spy_level=0, only_spies=false
[2026-06-18 21:10:10] Scout (ATT WINS): att=0, def=0, losses=, spy_level=0, only_spies=false
[2026-06-18 21:10:10] Scout (ATT WINS): att=0, def=0, losses=, spy_level=0, only_spies=false
[2026-06-18 21:10:10] Scout (ATT WINS): att=0, def=0, losses=, spy_level=0, only_spies=false
[2026-06-18 21:10:10] Scout (ATT WINS): att=0, def=0, losses=, spy_level=0, only_spies=false
[2026-06-18 21:10:10] Scout (ATT WINS): att=0, def=0, losses=, spy_level=0, only_spies=false
[2026-06-18 21:10:10] Scout (ATT WINS): att=0, def=0, losses=, spy_level=0, only_spies=false
[2026-06-18 21:10:10] Scout (ATT WINS): att=0, def=0, losses=, spy_level=0, only_spies=false
[2026-06-18 21:10:10] Scout (ATT WINS): att=0, def=0, losses=, spy_level=0, only_spies=false
[2026-06-18 21:10:10] Scout (ATT WINS): att=0, def=0, losses=, spy_level=0, only_spies=false
[2026-06-18 21:10:11] Scout (ATT WINS): att=0, def=0, losses=, spy_level=0, only_spies=false
[2026-06-18 21:10:11] Scout (ATT WINS): att=0, def=0, losses=, spy_level=0, only_spies=false
[2026-06-18 21:10:40] Scout (ATT WINS): att=0, def=0, losses=, spy_level=0, only_spies=false
[2026-06-18 21:10:40] Scout (ATT WINS): att=0, def=0, losses=, spy_level=0, only_spies=false
[2026-06-18 21:10:40] Scout (ATT WINS): att=0, def=0, losses=, spy_level=0, only_spies=false
[2026-06-18 21:10:40] Scout (ATT WINS): att=0, def=0, losses=, spy_level=0, only_spies=false
[2026-06-18 21:10:40] Scout (ATT WINS): att=0, def=0, losses=, spy_level=0, only_spies=false
[2026-06-18 21:10:40] Scout (ATT WINS): att=0, def=0, losses=, spy_level=0, only_spies=false
[2026-06-18 21:10:40] Scout (ATT WINS): att=0, def=0, losses=, spy_level=0, only_spies=false
[2026-06-18 21:10:40] Scout (ATT WINS): att=0, def=0, losses=, spy_level=0, only_spies=false
[2026-06-18 21:10:40] Scout (ATT WINS): att=0, def=0, losses=, spy_level=0, only_spies=false
[2026-06-18 21:10:40] Scout (ATT WINS): att=0, def=0, losses=, spy_level=0, only_spies=false
[2026-06-18 21:10:40] Scout (ATT WINS): att=0, def=0, losses=, spy_level=0, only_spies=false
[2026-06-18 21:10:40] Scout (ATT WINS): att=0, def=0, losses=, spy_level=0, only_spies=false
[2026-06-18 21:10:40] Scout (ATT WINS): att=0, def=0, losses=, spy_level=0, only_spies=false
[2026-06-18 21:10:40] Scout (ATT WINS): att=0, def=0, losses=, spy_level=0, only_spies=false
[2026-06-18 21:10:40] Scout (ATT WINS): att=0, def=0, losses=, spy_level=0, only_spies=false
[2026-06-18 21:10:40] Scout (ATT WINS): att=0, def=0, losses=, spy_level=0, only_spies=false
[2026-06-18 21:10:40] Scout (ATT WINS): att=0, def=0, losses=, spy_level=0, only_spies=false
[2026-06-18 21:10:40] Scout (ATT WINS): att=0, def=0, losses=, spy_level=0, only_spies=false
[2026-06-18 21:10:40] Scout (ATT WINS): att=0, def=0, losses=, spy_level=0, only_spies=false
[2026-06-18 21:10:40] Scout (ATT WINS): att=0, def=0, losses=, spy_level=0, only_spies=false
[2026-06-18 21:10:41] Scout (ATT WINS): att=0, def=0, losses=, spy_level=0, only_spies=false
[2026-06-18 21:10:41] Scout (ATT WINS): att=0, def=0, losses=, spy_level=0, only_spies=false
[2026-06-18 21:11:19] Scout (ATT WINS): att=0, def=0, losses=, spy_level=0, only_spies=false
[2026-06-18 21:11:19] Scout (ATT WINS): att=0, def=0, losses=, spy_level=0, only_spies=false
[2026-06-18 21:11:19] Scout (ATT WINS): att=0, def=0, losses=, spy_level=0, only_spies=false
[2026-06-18 21:11:19] Scout (ATT WINS): att=0, def=0, losses=, spy_level=0, only_spies=false
[2026-06-18 21:11:19] Scout (ATT WINS): att=0, def=0, losses=, spy_level=0, only_spies=false
[2026-06-18 21:11:19] Scout (ATT WINS): att=0, def=0, losses=, spy_level=0, only_spies=false
[2026-06-18 21:11:19] Scout (ATT WINS): att=0, def=0, losses=, spy_level=0, only_spies=false
[2026-06-18 21:11:19] Scout (ATT WINS): att=0, def=0, losses=, spy_level=0, only_spies=false
[2026-06-18 21:11:19] Scout (ATT WINS): att=0, def=0, losses=, spy_level=0, only_spies=false
[2026-06-18 21:11:19] Scout (ATT WINS): att=0, def=0, losses=, spy_level=0, only_spies=false
[2026-06-18 21:11:19] Scout (ATT WINS): att=0, def=0, losses=, spy_level=0, only_spies=false
[2026-06-18 21:11:19] Scout (ATT WINS): att=0, def=0, losses=, spy_level=0, only_spies=false
[2026-06-18 21:11:19] Scout (ATT WINS): att=0, def=0, losses=, spy_level=0, only_spies=false
